checkpoint: tau=0.805 static_mult=9.4 seq=12 nodes=11
live mode: prom=http://localhost:30900 tick=30s (evaluating the last COMPLETE step)
23:56:30  max=0.69 (cart 0.69, frontend 0.41)  static:quiet(0.8x) 
23:57:00  max=0.69 (cart 0.69, frontend 0.41)  static:quiet(0.8x) 
23:57:30  max=0.69 (cart 0.69, frontend 0.41)  static:quiet(0.8x) 
23:58:00  max=0.69 (cart 0.69, frontend 0.41)  static:quiet(0.8x) 
23:58:30  max=0.69 (cart 0.69, frontend 0.41)  static:quiet(0.8x) 
23:59:00  max=0.69 (cart 0.69, frontend 0.42)  static:quiet(0.8x) 
23:59:30  max=0.69 (cart 0.69, frontend 0.42)  static:quiet(0.8x) 
00:00:00  max=0.69 (cart 0.69, frontend 0.41)  static:quiet(0.7x) 
00:00:30  max=0.69 (cart 0.69, frontend 0.40)  static:quiet(0.7x) 
00:01:00  max=0.69 (cart 0.69, frontend 0.39)  static:quiet(0.7x) 
00:01:30  max=0.69 (cart 0.69, frontend 0.39)  static:quiet(0.8x) 
00:02:00  max=0.69 (cart 0.69, frontend 0.39)  static:quiet(0.8x) 
00:02:30  max=0.69 (cart 0.69, frontend 0.39)  static:quiet(0.9x) 
00:03:00  max=0.69 (cart 0.69, frontend 0.38)  static:quiet(0.9x) 
00:03:30  max=0.69 (cart 0.69, frontend 0.38)  static:quiet(0.8x) 
00:04:00  max=0.69 (cart 0.69, frontend 0.39)  static:quiet(0.8x) 
00:04:30  max=0.69 (cart 0.69, frontend 0.39)  static:quiet(0.8x) 
00:05:00  max=0.69 (cart 0.69, frontend 0.39)  static:quiet(0.8x) 
00:05:30  max=0.69 (cart 0.69, frontend 0.39)  static:quiet(0.8x) 
00:06:00  max=0.69 (cart 0.69, frontend 0.39)  static:quiet(0.8x) 
00:06:30  max=0.69 (cart 0.69, frontend 0.40)  static:quiet(0.8x) 
00:07:00  max=0.69 (cart 0.69, frontend 0.40)  static:quiet(0.8x) 
00:07:30  max=0.70 (cart 0.70, frontend 0.41)  static:quiet(1.6x) 
00:08:00  max=0.70 (cart 0.70, frontend 0.43)  static:FIRING      
00:08:30  max=0.71 (cart 0.71, frontend 0.46)  static:FIRING      
00:09:00  max=0.73 (cart 0.73, frontend 0.49)  static:FIRING      
00:09:30  max=0.74 (cart 0.74, frontend 0.54)  static:FIRING      
00:10:00  max=0.76 (cart 0.76, frontend 0.59)  static:FIRING      
00:10:30  max=0.78 (cart 0.78, frontend 0.64)  static:FIRING      
00:11:00  max=0.80 (cart 0.80, frontend 0.71)  static:FIRING      
00:11:30  max=0.82 (cart 0.82, frontend 0.76)  static:FIRING        ** ALARM ** cause: redis 0.68, email 0.14
00:12:00  max=0.84 (cart 0.84, frontend 0.80)  static:FIRING        ** ALARM ** cause: redis 0.69, email 0.13
00:12:30  max=0.86 (cart 0.86, frontend 0.82)  static:FIRING        ** ALARM ** cause: redis 0.69, payment 0.13
00:13:00  max=0.87 (cart 0.87, frontend 0.84)  static:FIRING        ** ALARM ** cause: redis 0.68, payment 0.15
00:13:30  max=0.87 (cart 0.87, frontend 0.85)  static:FIRING        ** ALARM ** cause: redis 0.66, payment 0.16
00:14:00  max=0.87 (cart 0.87, frontend 0.85)  static:FIRING        ** ALARM ** cause: redis 0.64, payment 0.17
00:14:30  max=0.87 (cart 0.87, frontend 0.86)  static:FIRING        ** ALARM ** cause: redis 0.63, payment 0.18
00:15:00  max=0.88 (cart 0.88, frontend 0.86)  static:FIRING        ** ALARM ** cause: redis 0.59, payment 0.20
00:15:30  max=0.88 (cart 0.88, frontend 0.86)  static:FIRING        ** ALARM ** cause: redis 0.55, payment 0.22
00:16:00  max=0.88 (cart 0.88, frontend 0.86)  static:FIRING        ** ALARM ** cause: redis 0.51, payment 0.25
00:16:30  max=0.88 (cart 0.88, frontend 0.86)  static:FIRING        ** ALARM ** cause: redis 0.57, payment 0.21
00:17:00  max=0.88 (cart 0.88, frontend 0.86)  static:FIRING        ** ALARM ** cause: redis 0.67, payment 0.16
00:17:30  max=0.88 (cart 0.88, frontend 0.86)  static:FIRING        ** ALARM ** cause: redis 0.77, email 0.12
00:18:00  max=0.88 (cart 0.88, frontend 0.86)  static:FIRING        ** ALARM ** cause: redis 0.84, email 0.08
00:18:30  max=0.87 (cart 0.87, frontend 0.86)  static:FIRING        ** ALARM ** cause: redis 0.90, email 0.05
00:19:00  max=0.86 (cart 0.86, frontend 0.86)  static:FIRING        ** ALARM ** cause: redis 0.93, email 0.03
00:19:30  max=0.86 (frontend 0.86, checkout 0.85)  static:FIRING        ** ALARM ** cause: redis 0.94, email 0.03
00:20:00  max=0.86 (frontend 0.86, checkout 0.86)  static:FIRING        ** ALARM ** cause: redis 0.95, email 0.03
00:20:30  max=0.86 (frontend 0.86, checkout 0.85)  static:FIRING        ** ALARM ** cause: redis 0.95, email 0.03
00:21:00  max=0.84 (frontend 0.84, checkout 0.84)  static:quiet(0.8x)   ** ALARM ** cause: redis 0.95, email 0.02
00:21:30  max=0.84 (frontend 0.84, checkout 0.83)  static:quiet(0.9x)   ** ALARM ** cause: redis 0.92, cart 0.05
00:22:00  max=0.83 (frontend 0.83, checkout 0.82)  static:quiet(0.9x)   ** ALARM ** cause: redis 0.84, cart 0.14
00:22:30  max=0.83 (frontend 0.83, checkout 0.82)  static:quiet(0.8x)   ** ALARM ** cause: redis 0.85, cart 0.13
00:23:00  max=0.82 (frontend 0.82, checkout 0.81)  static:quiet(0.8x)   ** ALARM ** cause: redis 0.89, cart 0.09
00:23:30  max=0.82 (frontend 0.82, checkout 0.81)  static:quiet(0.8x)   ** ALARM ** cause: redis 0.78, cart 0.10
00:24:00  max=0.81 (frontend 0.81, checkout 0.79)  static:quiet(0.8x)   ** ALARM ** cause: redis 0.44, email 0.25
00:24:30  max=0.79 (frontend 0.79, checkout 0.77)  static:quiet(0.9x) 
00:25:00  max=0.76 (frontend 0.76, checkout 0.73)  static:quiet(0.8x) 
00:25:30  max=0.77 (cart 0.77, frontend 0.68)  static:quiet(0.8x) 
00:26:00  max=0.72 (cart 0.72, frontend 0.52)  static:quiet(0.8x) 
00:26:30  max=0.69 (cart 0.69, frontend 0.40)  static:quiet(0.9x) 
00:27:00  max=0.69 (cart 0.69, frontend 0.40)  static:quiet(0.9x) 
00:27:30  max=0.69 (cart 0.69, frontend 0.41)  static:quiet(0.9x) 
00:28:00  max=0.69 (cart 0.69, frontend 0.41)  static:quiet(0.9x) 
00:28:30  max=0.69 (cart 0.69, frontend 0.41)  static:quiet(0.8x) 
00:29:00  max=0.69 (cart 0.69, frontend 0.41)  static:quiet(0.8x) 
00:29:30  max=0.69 (cart 0.69, frontend 0.41)  static:quiet(0.8x) 
00:30:00  max=0.69 (cart 0.69, frontend 0.41)  static:quiet(0.8x) 
00:30:30  max=0.69 (cart 0.69, frontend 0.41)  static:quiet(0.8x) 
00:31:00  max=0.69 (cart 0.69, frontend 0.42)  static:quiet(0.8x) 
00:31:30  max=0.69 (cart 0.69, frontend 0.42)  static:quiet(0.8x) 
00:32:00  max=0.69 (cart 0.69, frontend 0.43)  static:quiet(0.8x) 
00:32:30  max=0.69 (cart 0.69, frontend 0.42)  static:quiet(0.8x) 
00:33:00  max=0.69 (cart 0.69, frontend 0.41)  static:quiet(0.8x) 
00:33:30  max=0.69 (cart 0.69, frontend 0.40)  static:quiet(0.8x) 
00:34:00  max=0.69 (cart 0.69, frontend 0.40)  static:quiet(0.9x) 
00:34:30  max=0.69 (cart 0.69, frontend 0.39)  static:quiet(0.9x) 
00:35:00  max=0.69 (cart 0.69, frontend 0.39)  static:quiet(0.8x) 
00:35:30  max=0.69 (cart 0.69, frontend 0.40)  static:quiet(0.8x) 
00:36:00  max=0.69 (cart 0.69, frontend 0.40)  static:quiet(0.8x) 
00:36:30  max=0.69 (cart 0.69, frontend 0.40)  static:quiet(0.9x) 
00:37:00  max=0.69 (cart 0.69, frontend 0.40)  static:quiet(0.9x) 
00:37:30  max=0.69 (cart 0.69, frontend 0.40)  static:quiet(0.9x) 
00:38:00  max=0.69 (cart 0.69, frontend 0.40)  static:quiet(0.9x) 
00:38:30  max=0.69 (cart 0.69, frontend 0.40)  static:quiet(0.8x) 
00:39:00  max=0.69 (cart 0.69, frontend 0.40)  static:quiet(0.8x) 
00:39:30  max=0.69 (cart 0.69, frontend 0.41)  static:quiet(0.8x) 
00:40:00  max=0.69 (cart 0.69, frontend 0.41)  static:quiet(0.8x) 
00:40:30  max=0.69 (cart 0.69, frontend 0.41)  static:quiet(0.8x) 
00:41:00  max=0.69 (cart 0.69, frontend 0.41)  static:quiet(0.8x) 
00:41:30  max=0.69 (cart 0.69, frontend 0.41)  static:quiet(0.8x) 
00:42:00  max=0.69 (cart 0.69, frontend 0.41)  static:quiet(1.0x) 
00:42:30  max=0.69 (cart 0.69, frontend 0.41)  static:quiet(1.0x) 
00:43:00  max=0.69 (cart 0.69, frontend 0.40)  static:quiet(0.8x) 
00:43:30  max=0.69 (cart 0.69, frontend 0.40)  static:quiet(0.8x) 
00:44:00  max=0.69 (cart 0.69, frontend 0.40)  static:quiet(0.8x) 
00:44:30  max=0.69 (cart 0.69, frontend 0.40)  static:quiet(0.9x) 
00:45:00  max=0.69 (cart 0.69, frontend 0.40)  static:quiet(0.9x) 
00:45:30  max=0.69 (cart 0.69, frontend 0.41)  static:quiet(0.8x) 
00:46:00  max=0.69 (cart 0.69, frontend 0.41)  static:quiet(0.8x) 
00:46:30  max=0.69 (cart 0.69, frontend 0.41)  static:quiet(0.9x) 
00:47:00  max=0.69 (cart 0.69, frontend 0.41)  static:quiet(0.9x) 
00:47:30  max=0.69 (cart 0.69, frontend 0.40)  static:quiet(0.9x) 
00:48:00  max=0.69 (cart 0.69, frontend 0.39)  static:quiet(0.8x) 
00:48:30  max=0.69 (cart 0.69, frontend 0.39)  static:quiet(0.8x) 
00:49:00  max=0.69 (cart 0.69, frontend 0.39)  static:quiet(0.8x) 
00:49:30  max=0.69 (cart 0.69, frontend 0.39)  static:quiet(0.8x) 
00:50:00  max=0.69 (cart 0.69, frontend 0.39)  static:quiet(0.8x) 
00:50:30  max=0.69 (cart 0.69, frontend 0.39)  static:quiet(0.8x) 
00:51:00  max=0.69 (cart 0.69, frontend 0.39)  static:quiet(0.8x) 
00:51:30  max=0.69 (cart 0.69, frontend 0.39)  static:quiet(0.8x) 
00:52:00  max=0.69 (cart 0.69, frontend 0.39)  static:quiet(0.8x) 
00:52:30  max=0.69 (cart 0.69, frontend 0.39)  static:quiet(0.8x) 
00:53:00  max=0.69 (cart 0.69, frontend 0.39)  static:quiet(0.8x) 
00:53:30  max=0.69 (cart 0.69, frontend 0.38)  static:quiet(0.8x) 
00:54:00  max=0.69 (cart 0.69, frontend 0.38)  static:quiet(0.8x) 
00:54:30  max=0.69 (cart 0.69, frontend 0.38)  static:quiet(0.7x) 
00:55:00  max=0.69 (cart 0.69, frontend 0.38)  static:quiet(0.8x) 
00:55:30  max=0.69 (cart 0.69, frontend 0.39)  static:quiet(0.8x) 
00:56:00  max=0.69 (cart 0.69, frontend 0.39)  static:quiet(0.8x) 
00:56:30  max=0.69 (cart 0.69, frontend 0.39)  static:quiet(0.8x) 
00:57:00  max=0.69 (cart 0.69, frontend 0.39)  static:quiet(0.8x) 
00:57:30  max=0.69 (cart 0.69, frontend 0.39)  static:quiet(0.8x) 
00:58:00  max=0.69 (cart 0.69, frontend 0.39)  static:quiet(0.8x) 
00:58:30  max=0.69 (cart 0.69, frontend 0.39)  static:quiet(0.8x) 
00:59:00  max=0.69 (cart 0.69, frontend 0.39)  static:quiet(0.8x) 
00:59:30  max=0.69 (cart 0.69, frontend 0.39)  static:quiet(0.8x) 
01:00:00  max=0.69 (cart 0.69, frontend 0.39)  static:quiet(1.0x) 
01:00:30  max=0.69 (cart 0.69, frontend 0.40)  static:quiet(1.0x) 
01:01:00  max=0.69 (cart 0.69, frontend 0.40)  static:quiet(1.0x) 
01:01:30  max=0.69 (cart 0.69, frontend 0.39)  static:quiet(0.8x) 
01:02:00  max=0.69 (cart 0.69, frontend 0.39)  static:quiet(0.8x) 
01:02:30  max=0.69 (cart 0.69, frontend 0.39)  static:quiet(0.8x) 
01:03:00  max=0.69 (cart 0.69, frontend 0.39)  static:quiet(0.8x) 
01:03:30  max=0.69 (cart 0.69, frontend 0.40)  static:quiet(0.8x) 
01:04:00  max=0.69 (cart 0.69, frontend 0.40)  static:quiet(0.8x) 
01:04:30  max=0.69 (cart 0.69, frontend 0.41)  static:quiet(0.8x) 
01:05:00  max=0.69 (cart 0.69, frontend 0.41)  static:quiet(0.8x) 
01:05:30  max=0.69 (cart 0.69, frontend 0.41)  static:quiet(0.8x) 
01:06:00  max=0.69 (cart 0.69, frontend 0.41)  static:quiet(0.7x) 
01:06:30  max=0.69 (cart 0.69, frontend 0.40)  static:quiet(0.8x) 
01:07:00  max=0.69 (cart 0.69, frontend 0.39)  static:quiet(0.8x) 
01:07:30  max=0.69 (cart 0.69, frontend 0.39)  static:quiet(0.8x) 
01:08:00  max=0.69 (cart 0.69, frontend 0.39)  static:quiet(0.8x) 
01:08:30  max=0.69 (cart 0.69, frontend 0.39)  static:quiet(0.8x) 
01:09:00  max=0.69 (cart 0.69, frontend 0.39)  static:quiet(0.8x) 
01:09:30  max=0.69 (cart 0.69, frontend 0.38)  static:quiet(0.8x) 
01:10:00  max=0.69 (cart 0.69, frontend 0.38)  static:quiet(0.8x) 
01:10:30  max=0.69 (cart 0.69, frontend 0.38)  static:quiet(0.8x) 
01:11:00  max=0.69 (cart 0.69, frontend 0.38)  static:quiet(0.8x) 
01:11:30  max=0.69 (cart 0.69, frontend 0.39)  static:quiet(0.8x) 
01:12:00  max=0.69 (cart 0.69, frontend 0.39)  static:quiet(1.0x) 
01:12:30  max=0.69 (cart 0.69, frontend 0.39)  static:quiet(0.9x) 
01:13:00  max=0.69 (cart 0.69, frontend 0.40)  static:quiet(0.9x) 
01:13:30  max=0.69 (cart 0.69, frontend 0.40)  static:quiet(0.8x) 
01:14:00  max=0.69 (cart 0.69, frontend 0.39)  static:quiet(0.8x) 
01:14:30  max=0.69 (cart 0.69, frontend 0.39)  static:quiet(0.8x) 
01:15:00  max=0.69 (cart 0.69, frontend 0.39)  static:quiet(0.8x) 
01:15:30  max=0.69 (cart 0.69, frontend 0.39)  static:quiet(0.7x) 
01:16:00  max=0.69 (cart 0.69, frontend 0.39)  static:quiet(0.7x) 
01:16:30  max=0.69 (cart 0.69, frontend 0.39)  static:quiet(0.8x) 
01:17:00  max=0.69 (cart 0.69, frontend 0.39)  static:quiet(0.8x) 
01:17:30  max=0.69 (cart 0.69, frontend 0.39)  static:quiet(0.8x) 
01:18:00  max=0.69 (cart 0.69, frontend 0.38)  static:quiet(0.8x) 
01:18:30  max=0.69 (cart 0.69, frontend 0.38)  static:quiet(0.8x) 
01:19:00  max=0.69 (cart 0.69, frontend 0.38)  static:quiet(0.7x) 
01:19:30  max=0.69 (cart 0.69, frontend 0.38)  static:quiet(0.7x) 
01:20:00  max=0.69 (cart 0.69, frontend 0.38)  static:quiet(0.8x) 
01:20:30  max=0.69 (cart 0.69, frontend 0.38)  static:quiet(0.8x) 
01:21:00  max=0.69 (cart 0.69, frontend 0.38)  static:quiet(0.8x) 
01:21:30  max=0.69 (cart 0.69, frontend 0.38)  static:quiet(0.8x) 
01:22:00  max=0.69 (cart 0.69, frontend 0.38)  static:quiet(0.8x) 
01:22:30  max=0.69 (cart 0.69, frontend 0.38)  static:quiet(0.8x) 
01:23:00  max=0.69 (cart 0.69, frontend 0.38)  static:quiet(0.8x) 
01:23:30  max=0.69 (cart 0.69, frontend 0.37)  static:quiet(0.7x) 
01:24:00  max=0.69 (cart 0.69, frontend 0.37)  static:quiet(0.7x) 
01:24:30  max=0.69 (cart 0.69, frontend 0.37)  static:quiet(0.7x) 
01:25:00  max=0.69 (cart 0.69, frontend 0.38)  static:quiet(0.7x) 
01:25:30  max=0.69 (cart 0.69, frontend 0.38)  static:quiet(0.8x) 
01:26:00  max=0.69 (cart 0.69, frontend 0.38)  static:quiet(0.8x) 
01:26:30  max=0.69 (cart 0.69, frontend 0.38)  static:quiet(0.8x) 
01:27:00  max=0.69 (cart 0.69, frontend 0.38)  static:quiet(0.8x) 
01:27:30  max=0.69 (cart 0.69, frontend 0.38)  static:quiet(0.8x) 
01:28:00  max=0.69 (cart 0.69, frontend 0.38)  static:quiet(0.8x) 
01:28:30  max=0.69 (cart 0.69, frontend 0.38)  static:quiet(0.9x) 
01:29:00  max=0.69 (cart 0.69, frontend 0.38)  static:quiet(0.9x) 
01:29:30  max=0.69 (cart 0.69, frontend 0.38)  static:quiet(0.9x) 
01:30:00  max=0.69 (cart 0.69, frontend 0.39)  static:quiet(0.8x) 
01:30:30  max=0.69 (cart 0.69, frontend 0.39)  static:quiet(0.8x) 
01:31:00  max=0.69 (cart 0.69, frontend 0.40)  static:quiet(0.8x) 
01:31:30  max=0.69 (cart 0.69, frontend 0.40)  static:quiet(0.8x) 
01:32:00  max=0.69 (cart 0.69, frontend 0.40)  static:quiet(0.8x) 
01:32:30  max=0.69 (cart 0.69, frontend 0.40)  static:quiet(0.8x) 
01:33:00  max=0.69 (cart 0.69, frontend 0.39)  static:quiet(0.8x) 
01:33:30  max=0.69 (cart 0.69, frontend 0.39)  static:quiet(0.8x) 
01:34:00  max=0.69 (cart 0.69, frontend 0.39)  static:quiet(0.8x) 
01:34:30  max=0.69 (cart 0.69, frontend 0.39)  static:quiet(0.8x) 
01:35:00  max=0.69 (cart 0.69, frontend 0.38)  static:quiet(0.8x) 
01:35:30  max=0.69 (cart 0.69, frontend 0.38)  static:quiet(0.7x) 
01:36:00  max=0.69 (cart 0.69, frontend 0.37)  static:quiet(0.7x) 
01:36:30  max=0.69 (cart 0.69, frontend 0.37)  static:quiet(0.8x) 
01:37:00  max=0.69 (cart 0.69, frontend 0.37)  static:quiet(0.8x) 
01:37:30  max=0.69 (cart 0.69, frontend 0.37)  static:quiet(0.7x) 
01:38:00  max=0.69 (cart 0.69, frontend 0.37)  static:quiet(0.7x) 
01:38:30  max=0.68 (cart 0.68, frontend 0.37)  static:quiet(0.9x) 
01:39:00  max=0.68 (cart 0.68, frontend 0.37)  static:quiet(0.9x) 
01:39:30  max=0.68 (cart 0.68, frontend 0.37)  static:quiet(0.9x) 
01:40:00  max=0.68 (cart 0.68, frontend 0.36)  static:quiet(0.8x) 
01:40:30  max=0.68 (cart 0.68, frontend 0.36)  static:quiet(0.7x) 
01:41:00  max=0.68 (cart 0.68, frontend 0.36)  static:quiet(0.7x) 
01:41:30  max=0.68 (cart 0.68, frontend 0.37)  static:quiet(0.8x) 
01:42:00  max=0.68 (cart 0.68, frontend 0.37)  static:quiet(0.8x) 
01:42:30  max=0.68 (cart 0.68, frontend 0.37)  static:quiet(0.8x) 
01:43:00  max=0.69 (cart 0.69, frontend 0.37)  static:quiet(0.8x) 
01:43:30  max=0.69 (cart 0.69, frontend 0.37)  static:quiet(0.8x) 
01:44:00  max=0.69 (cart 0.69, frontend 0.38)  static:quiet(0.8x) 
01:44:30  max=0.69 (cart 0.69, frontend 0.38)  static:quiet(0.8x) 
01:45:00  max=0.69 (cart 0.69, frontend 0.38)  static:quiet(0.8x) 
01:45:30  max=0.69 (cart 0.69, frontend 0.38)  static:quiet(0.8x) 
01:46:00  max=0.69 (cart 0.69, frontend 0.38)  static:quiet(0.8x) 
01:46:30  max=0.69 (cart 0.69, frontend 0.38)  static:quiet(0.8x) 
01:47:00  max=0.69 (cart 0.69, frontend 0.39)  static:quiet(0.8x) 
01:47:30  max=0.69 (cart 0.69, frontend 0.39)  static:quiet(0.8x) 
01:48:00  max=0.69 (cart 0.69, frontend 0.39)  static:quiet(0.8x) 
01:48:30  max=0.69 (cart 0.69, frontend 0.39)  static:quiet(0.8x) 
01:49:00  max=0.69 (cart 0.69, frontend 0.39)  static:quiet(0.8x) 
01:49:30  max=0.69 (cart 0.69, frontend 0.39)  static:quiet(0.8x) 
01:50:00  max=0.69 (cart 0.69, frontend 0.39)  static:quiet(0.8x) 
01:50:30  max=0.69 (cart 0.69, frontend 0.40)  static:quiet(1.0x) 
01:51:00  max=0.69 (cart 0.69, frontend 0.40)  static:quiet(1.1x) 
01:51:30  max=0.69 (cart 0.69, frontend 0.42)  static:quiet(2.0x) 
01:52:00  max=0.69 (cart 0.69, frontend 0.43)  static:quiet(1.8x) 
01:52:30  max=0.70 (cart 0.70, frontend 0.44)  static:quiet(1.8x) 
01:53:00  max=0.70 (cart 0.70, frontend 0.44)  static:quiet(0.9x) 
01:53:30  max=0.70 (cart 0.70, frontend 0.45)  static:quiet(0.8x) 
01:54:00  max=0.71 (cart 0.71, frontend 0.46)  static:quiet(0.8x) 
01:54:30  max=0.71 (cart 0.71, frontend 0.48)  static:quiet(0.8x) 
01:55:00  max=0.71 (cart 0.71, frontend 0.50)  static:quiet(0.8x) 
01:55:30  max=0.72 (cart 0.72, frontend 0.51)  static:quiet(0.9x) 
01:56:00  max=0.72 (cart 0.72, frontend 0.53)  static:quiet(0.9x) 
01:56:30  max=0.71 (cart 0.71, frontend 0.52)  static:quiet(0.9x) 
01:57:00  max=0.71 (cart 0.71, frontend 0.50)  static:quiet(0.8x) 
01:57:30  max=0.70 (cart 0.70, frontend 0.46)  static:quiet(0.9x) 
01:58:00  max=0.69 (cart 0.69, frontend 0.43)  static:quiet(0.9x) 
01:58:30  max=0.69 (cart 0.69, frontend 0.41)  static:quiet(0.9x) 
01:59:00  max=0.69 (cart 0.69, frontend 0.41)  static:quiet(0.8x) 
01:59:30  max=0.69 (cart 0.69, frontend 0.41)  static:quiet(0.8x) 
02:00:00  max=0.69 (cart 0.69, frontend 0.41)  static:quiet(0.9x) 
02:00:30  max=0.69 (cart 0.69, frontend 0.41)  static:quiet(0.9x) 
02:01:00  max=0.69 (cart 0.69, frontend 0.42)  static:quiet(1.0x) 
02:01:30  max=0.69 (cart 0.69, frontend 0.42)  static:quiet(0.9x) 
02:02:00  max=0.69 (cart 0.69, frontend 0.42)  static:quiet(0.9x) 
02:02:30  max=0.69 (cart 0.69, frontend 0.42)  static:quiet(0.9x) 
02:03:00  max=0.69 (cart 0.69, frontend 0.42)  static:quiet(0.9x) 
02:03:30  max=0.69 (cart 0.69, frontend 0.42)  static:quiet(0.9x) 
02:04:00  max=0.70 (cart 0.70, frontend 0.42)  static:quiet(1.0x) 
02:04:30  max=0.70 (cart 0.70, frontend 0.43)  static:quiet(0.9x) 
02:05:00  max=0.70 (cart 0.70, frontend 0.43)  static:quiet(0.9x) 
02:05:30  max=0.70 (cart 0.70, frontend 0.43)  static:quiet(0.8x) 
02:06:00  max=0.70 (cart 0.70, frontend 0.44)  static:quiet(0.9x) 
02:06:30  max=0.70 (cart 0.70, frontend 0.44)  static:quiet(0.9x) 
02:07:00  max=0.69 (cart 0.69, frontend 0.43)  static:quiet(0.9x) 
02:07:30  max=0.69 (cart 0.69, frontend 0.42)  static:quiet(1.0x) 
02:08:00  max=0.69 (cart 0.69, frontend 0.42)  static:quiet(0.9x) 
02:08:30  max=0.69 (cart 0.69, frontend 0.42)  static:quiet(0.8x) 
02:09:00  max=0.69 (cart 0.69, frontend 0.42)  static:quiet(0.8x) 
02:09:30  max=0.69 (cart 0.69, frontend 0.42)  static:quiet(0.8x) 
02:10:00  max=0.69 (cart 0.69, frontend 0.42)  static:quiet(0.9x) 
02:10:30  max=0.69 (cart 0.69, frontend 0.42)  static:quiet(0.9x) 
02:11:00  max=0.69 (cart 0.69, frontend 0.42)  static:quiet(0.9x) 
02:11:30  max=0.69 (cart 0.69, frontend 0.42)  static:quiet(0.9x) 
02:12:00  max=0.69 (cart 0.69, frontend 0.42)  static:quiet(0.8x) 
02:12:30  max=0.69 (cart 0.69, frontend 0.41)  static:quiet(0.9x) 
02:13:00  max=0.69 (cart 0.69, frontend 0.41)  static:quiet(0.8x) 
02:13:30  max=0.69 (cart 0.69, frontend 0.41)  static:quiet(0.8x) 
02:14:00  max=0.69 (cart 0.69, frontend 0.41)  static:quiet(0.9x) 
02:14:30  max=0.69 (cart 0.69, frontend 0.42)  static:quiet(0.9x) 
02:15:00  max=0.70 (cart 0.70, frontend 0.43)  static:quiet(0.9x) 
02:15:30  max=0.70 (cart 0.70, frontend 0.44)  static:quiet(1.0x) 
02:16:00  max=0.70 (cart 0.70, frontend 0.44)  static:quiet(0.9x) 
02:16:30  max=0.70 (cart 0.70, frontend 0.44)  static:quiet(1.0x) 
02:17:00  max=0.70 (cart 0.70, frontend 0.44)  static:quiet(0.9x) 
02:17:30  max=0.70 (cart 0.70, frontend 0.44)  static:quiet(0.9x) 
02:18:00  max=0.70 (cart 0.70, frontend 0.45)  static:quiet(1.4x) 
02:18:30  max=0.70 (cart 0.70, frontend 0.45)  static:quiet(1.4x) 
02:19:00  max=0.70 (cart 0.70, frontend 0.46)  static:quiet(1.4x) 
02:19:30  max=0.70 (cart 0.70, frontend 0.46)  static:quiet(0.8x) 
02:20:00  max=0.70 (cart 0.70, frontend 0.46)  static:quiet(0.8x) 
02:20:30  max=0.70 (cart 0.70, frontend 0.46)  static:quiet(0.8x) 
02:21:00  max=0.70 (cart 0.70, frontend 0.46)  static:quiet(0.8x) 
02:21:30  max=0.70 (cart 0.70, frontend 0.46)  static:quiet(0.8x) 
02:22:00  max=0.70 (cart 0.70, frontend 0.46)  static:quiet(0.9x) 
02:22:30  max=0.70 (cart 0.70, frontend 0.47)  static:quiet(0.9x) 
02:23:00  max=0.70 (cart 0.70, frontend 0.47)  static:quiet(0.9x) 
02:23:30  max=0.70 (cart 0.70, frontend 0.46)  static:quiet(0.9x) 
02:24:00  max=0.69 (cart 0.69, frontend 0.45)  static:quiet(0.9x) 
02:24:30  max=0.69 (cart 0.69, frontend 0.44)  static:quiet(1.0x) 
02:25:00  max=0.69 (cart 0.69, frontend 0.43)  static:quiet(1.2x) 
02:25:30  max=0.69 (cart 0.69, frontend 0.44)  static:quiet(1.2x) 
02:26:00  max=0.70 (cart 0.70, frontend 0.45)  static:quiet(1.1x) 
02:26:30  max=0.70 (cart 0.70, frontend 0.46)  static:quiet(1.4x) 
02:27:00  max=0.70 (cart 0.70, frontend 0.47)  static:quiet(1.4x) 
02:27:30  max=0.70 (cart 0.70, frontend 0.48)  static:quiet(1.3x) 
02:28:00  max=0.71 (cart 0.71, frontend 0.49)  static:quiet(0.9x) 
02:28:30  max=0.71 (cart 0.71, frontend 0.50)  static:quiet(0.9x) 
02:29:00  max=0.71 (cart 0.71, frontend 0.51)  static:quiet(0.9x) 
02:29:30  max=0.71 (cart 0.71, frontend 0.52)  static:quiet(0.9x) 
02:30:00  max=0.71 (cart 0.71, frontend 0.52)  static:quiet(0.8x) 
02:30:30  max=0.71 (cart 0.71, frontend 0.52)  static:quiet(0.9x) 
02:31:00  max=0.71 (cart 0.71, frontend 0.50)  static:quiet(0.9x) 
02:31:30  max=0.70 (cart 0.70, frontend 0.48)  static:quiet(1.0x) 
02:32:00  max=0.70 (cart 0.70, frontend 0.47)  static:quiet(1.0x) 
02:32:30  max=0.70 (cart 0.70, frontend 0.46)  static:quiet(0.9x) 
02:33:00  max=0.70 (cart 0.70, frontend 0.45)  static:quiet(0.8x) 
02:33:30  max=0.70 (cart 0.70, frontend 0.44)  static:quiet(1.0x) 
02:34:00  max=0.70 (cart 0.70, frontend 0.45)  static:quiet(1.0x) 
02:34:30  max=0.70 (cart 0.70, frontend 0.45)  static:quiet(1.1x) 
02:35:00  max=0.70 (cart 0.70, frontend 0.45)  static:quiet(0.9x) 
02:35:30  max=0.70 (cart 0.70, frontend 0.45)  static:quiet(0.9x) 
02:36:00  max=0.70 (cart 0.70, frontend 0.46)  static:quiet(0.8x) 
02:36:30  max=0.70 (cart 0.70, frontend 0.46)  static:quiet(0.8x) 
02:37:00  max=0.70 (cart 0.70, frontend 0.46)  static:quiet(0.8x) 
02:37:30  max=0.70 (cart 0.70, frontend 0.46)  static:quiet(0.8x) 
02:38:00  max=0.70 (cart 0.70, frontend 0.45)  static:quiet(0.8x) 
02:38:30  max=0.70 (cart 0.70, frontend 0.44)  static:quiet(0.9x) 
02:39:00  max=0.70 (cart 0.70, frontend 0.44)  static:quiet(0.9x) 
02:39:30  max=0.69 (cart 0.69, frontend 0.44)  static:quiet(0.9x) 
02:40:00  max=0.69 (cart 0.69, frontend 0.43)  static:quiet(0.8x) 
02:40:30  max=0.69 (cart 0.69, frontend 0.42)  static:quiet(0.8x) 
02:41:00  max=0.69 (cart 0.69, frontend 0.41)  static:quiet(0.8x) 
02:41:30  max=0.69 (cart 0.69, frontend 0.40)  static:quiet(0.8x) 
02:42:00  max=0.69 (cart 0.69, frontend 0.40)  static:quiet(0.9x) 
02:42:30  max=0.69 (cart 0.69, frontend 0.41)  static:quiet(0.9x) 
02:43:00  max=0.69 (cart 0.69, frontend 0.41)  static:quiet(0.9x) 
02:43:30  max=0.69 (cart 0.69, frontend 0.42)  static:quiet(0.9x) 
02:44:00  max=0.69 (cart 0.69, frontend 0.42)  static:quiet(0.8x) 
02:44:30  max=0.69 (cart 0.69, frontend 0.42)  static:quiet(0.8x) 
02:45:00  max=0.69 (cart 0.69, frontend 0.41)  static:quiet(0.8x) 
02:45:30  max=0.70 (cart 0.70, frontend 0.41)  static:quiet(0.8x) 
02:46:00  max=0.70 (cart 0.70, frontend 0.42)  static:quiet(1.3x) 
02:46:30  max=0.70 (cart 0.70, frontend 0.43)  static:quiet(1.3x) 
02:47:00  max=0.70 (cart 0.70, frontend 0.43)  static:quiet(1.3x) 
02:47:30  max=0.70 (cart 0.70, frontend 0.43)  static:quiet(0.8x) 
02:48:00  max=0.70 (cart 0.70, frontend 0.43)  static:quiet(0.8x) 
02:48:30  max=0.70 (cart 0.70, frontend 0.42)  static:quiet(0.9x) 
02:49:00  max=0.69 (cart 0.69, frontend 0.42)  static:quiet(0.9x) 
02:49:30  max=0.69 (cart 0.69, frontend 0.42)  static:quiet(0.9x) 
02:50:00  max=0.69 (cart 0.69, frontend 0.42)  static:quiet(0.8x) 
02:50:30  max=0.69 (cart 0.69, frontend 0.42)  static:quiet(0.7x) 
02:51:00  max=0.69 (cart 0.69, frontend 0.43)  static:quiet(0.7x) 
02:51:30  max=0.69 (cart 0.69, frontend 0.43)  static:quiet(0.8x) 
02:52:00  max=0.69 (cart 0.69, frontend 0.42)  static:quiet(0.8x) 
02:52:30  max=0.69 (cart 0.69, frontend 0.41)  static:quiet(0.8x) 
02:53:00  max=0.69 (cart 0.69, frontend 0.41)  static:quiet(0.8x) 
02:53:30  max=0.69 (cart 0.69, frontend 0.41)  static:quiet(0.8x) 
02:54:00  max=0.69 (cart 0.69, frontend 0.41)  static:quiet(0.8x) 
02:54:30  max=0.69 (cart 0.69, frontend 0.40)  static:quiet(0.8x) 
02:55:00  max=0.68 (cart 0.68, frontend 0.39)  static:quiet(0.8x) 
02:55:30  max=0.68 (cart 0.68, frontend 0.38)  static:quiet(0.8x) 
02:56:00  max=0.68 (cart 0.68, frontend 0.38)  static:quiet(1.0x) 
02:56:30  max=0.68 (cart 0.68, frontend 0.38)  static:quiet(1.0x) 
02:57:00  max=0.68 (cart 0.68, frontend 0.38)  static:quiet(1.0x) 
02:57:30  max=0.68 (cart 0.68, frontend 0.38)  static:quiet(0.7x) 
02:58:00  max=0.68 (cart 0.68, frontend 0.38)  static:quiet(0.7x) 
02:58:30  max=0.69 (cart 0.69, frontend 0.39)  static:quiet(0.8x) 
02:59:00  max=0.69 (cart 0.69, frontend 0.39)  static:quiet(0.8x) 
02:59:30  max=0.69 (cart 0.69, frontend 0.39)  static:quiet(0.8x) 
03:00:00  max=0.69 (cart 0.69, frontend 0.40)  static:quiet(0.8x) 
03:00:30  max=0.68 (cart 0.68, frontend 0.40)  static:quiet(0.9x) 
03:01:00  max=0.68 (cart 0.68, frontend 0.40)  static:quiet(0.8x) 
03:01:30  max=0.68 (cart 0.68, frontend 0.40)  static:quiet(0.8x) 
03:02:00  max=0.68 (cart 0.68, frontend 0.39)  static:quiet(0.7x) 
03:02:30  max=0.68 (cart 0.68, frontend 0.39)  static:quiet(0.8x) 
03:03:00  max=0.68 (cart 0.68, frontend 0.38)  static:quiet(0.8x) 
03:03:30  max=0.68 (cart 0.68, frontend 0.38)  static:quiet(0.8x) 
03:04:00  max=0.68 (cart 0.68, frontend 0.39)  static:quiet(0.8x) 
03:04:30  max=0.69 (cart 0.69, frontend 0.39)  static:quiet(0.8x) 
03:05:00  max=0.69 (cart 0.69, frontend 0.39)  static:quiet(0.8x) 
03:05:30  max=0.69 (cart 0.69, frontend 0.39)  static:quiet(0.8x) 
03:06:00  max=0.69 (cart 0.69, frontend 0.39)  static:quiet(0.8x) 
03:06:30  max=0.69 (cart 0.69, frontend 0.38)  static:quiet(0.8x) 
03:07:00  max=0.69 (cart 0.69, frontend 0.38)  static:quiet(0.8x) 
03:07:30  max=0.69 (cart 0.69, frontend 0.38)  static:quiet(0.8x) 
03:08:00  max=0.69 (cart 0.69, frontend 0.38)  static:quiet(0.8x) 
03:08:30  max=0.69 (cart 0.69, frontend 0.38)  static:quiet(0.8x) 
03:09:00  max=0.69 (cart 0.69, frontend 0.39)  static:quiet(0.9x) 
03:09:30  max=0.69 (cart 0.69, frontend 0.39)  static:quiet(0.8x) 
03:10:00  max=0.69 (cart 0.69, frontend 0.39)  static:quiet(0.8x) 
03:10:30  max=0.69 (cart 0.69, frontend 0.38)  static:quiet(0.8x) 
03:11:00  max=0.69 (cart 0.69, frontend 0.38)  static:quiet(0.8x) 
03:11:30  max=0.69 (cart 0.69, frontend 0.38)  static:quiet(0.8x) 
03:12:00  max=0.69 (cart 0.69, frontend 0.38)  static:quiet(0.8x) 
03:12:30  max=0.68 (cart 0.68, frontend 0.38)  static:quiet(0.7x) 
03:13:00  max=0.68 (cart 0.68, frontend 0.38)  static:quiet(0.7x) 
03:13:30  max=0.68 (cart 0.68, frontend 0.38)  static:quiet(0.7x) 
03:14:00  max=0.68 (cart 0.68, frontend 0.38)  static:quiet(0.7x) 
03:14:30  max=0.68 (cart 0.68, frontend 0.38)  static:quiet(0.7x) 
03:15:00  max=0.68 (cart 0.68, frontend 0.38)  static:quiet(0.8x) 
03:15:30  max=0.68 (cart 0.68, frontend 0.37)  static:quiet(0.8x) 
03:16:00  max=0.68 (cart 0.68, frontend 0.37)  static:quiet(0.8x) 
03:16:30  max=0.68 (cart 0.68, frontend 0.37)  static:quiet(0.8x) 
03:17:00  max=0.68 (cart 0.68, frontend 0.37)  static:quiet(0.8x) 
03:17:30  max=0.68 (cart 0.68, frontend 0.37)  static:quiet(1.0x) 
03:18:00  max=0.68 (cart 0.68, frontend 0.37)  static:quiet(0.9x) 
03:18:30  max=0.69 (cart 0.69, frontend 0.38)  static:quiet(0.9x) 
03:19:00  max=0.69 (cart 0.69, frontend 0.38)  static:quiet(0.8x) 
03:19:30  max=0.69 (cart 0.69, frontend 0.39)  static:quiet(0.8x) 
03:20:00  max=0.69 (cart 0.69, frontend 0.39)  static:quiet(0.8x) 
03:20:30  max=0.69 (cart 0.69, frontend 0.39)  static:quiet(0.8x) 
03:21:00  max=0.69 (cart 0.69, frontend 0.40)  static:quiet(0.8x) 
03:21:30  max=0.69 (cart 0.69, frontend 0.40)  static:quiet(0.8x) 
03:22:00  max=0.69 (cart 0.69, frontend 0.40)  static:quiet(0.8x) 
03:22:30  max=0.69 (cart 0.69, frontend 0.40)  static:quiet(0.7x) 
03:23:00  max=0.69 (cart 0.69, frontend 0.40)  static:quiet(0.7x) 
03:23:30  max=0.69 (cart 0.69, frontend 0.40)  static:quiet(0.8x) 
03:24:00  max=0.69 (cart 0.69, frontend 0.40)  static:quiet(0.8x) 
03:24:30  max=0.69 (cart 0.69, frontend 0.40)  static:quiet(0.8x) 
03:25:00  max=0.69 (cart 0.69, frontend 0.40)  static:quiet(0.8x) 
03:25:30  max=0.69 (cart 0.69, frontend 0.39)  static:quiet(0.8x) 
03:26:00  max=0.69 (cart 0.69, frontend 0.39)  static:quiet(0.8x) 
03:26:30  max=0.69 (cart 0.69, frontend 0.39)  static:quiet(0.8x) 
03:27:00  max=0.69 (cart 0.69, frontend 0.38)  static:quiet(0.8x) 
03:27:30  max=0.69 (cart 0.69, frontend 0.38)  static:quiet(0.8x) 
03:28:00  max=0.69 (cart 0.69, frontend 0.39)  static:quiet(0.8x) 
03:28:30  max=0.69 (cart 0.69, frontend 0.39)  static:quiet(0.8x) 
03:29:00  max=0.69 (cart 0.69, frontend 0.39)  static:quiet(0.8x) 
03:29:30  max=0.69 (cart 0.69, frontend 0.40)  static:quiet(0.8x) 
03:30:00  max=0.69 (cart 0.69, frontend 0.40)  static:quiet(0.8x) 
03:30:30  max=0.69 (cart 0.69, frontend 0.39)  static:quiet(0.8x) 
03:31:00  max=0.69 (cart 0.69, frontend 0.39)  static:quiet(0.8x) 
03:31:30  max=0.69 (cart 0.69, frontend 0.39)  static:quiet(0.8x) 
03:32:00  max=0.69 (cart 0.69, frontend 0.40)  static:quiet(0.8x) 
03:32:30  max=0.69 (cart 0.69, frontend 0.40)  static:quiet(0.8x) 
03:33:00  max=0.69 (cart 0.69, frontend 0.40)  static:quiet(0.8x) 
03:33:30  max=0.69 (cart 0.69, frontend 0.40)  static:quiet(0.8x) 
03:34:00  max=0.69 (cart 0.69, frontend 0.40)  static:quiet(0.8x) 
03:34:30  max=0.69 (cart 0.69, frontend 0.39)  static:quiet(0.8x) 
03:35:00  max=0.69 (cart 0.69, frontend 0.39)  static:quiet(0.9x) 
03:35:30  max=0.69 (cart 0.69, frontend 0.39)  static:quiet(0.8x) 
03:36:00  max=0.69 (cart 0.69, frontend 0.39)  static:quiet(0.8x) 
03:36:30  max=0.69 (cart 0.69, frontend 0.39)  static:quiet(0.8x) 
03:37:00  max=0.69 (cart 0.69, frontend 0.39)  static:quiet(0.8x) 
03:37:30  max=0.69 (cart 0.69, frontend 0.39)  static:quiet(0.9x) 
03:38:00  max=0.69 (cart 0.69, frontend 0.40)  static:quiet(0.9x) 
03:38:30  max=0.69 (cart 0.69, frontend 0.40)  static:quiet(0.9x) 
03:39:00  max=0.69 (cart 0.69, frontend 0.41)  static:quiet(0.9x) 
03:39:30  max=0.69 (cart 0.69, frontend 0.41)  static:quiet(0.8x) 
03:40:00  max=0.69 (cart 0.69, frontend 0.41)  static:quiet(0.9x) 
03:40:30  max=0.69 (cart 0.69, frontend 0.42)  static:quiet(0.9x) 
03:41:00  max=0.69 (cart 0.69, frontend 0.42)  static:quiet(0.8x) 
03:41:30  max=0.69 (cart 0.69, frontend 0.43)  static:quiet(0.8x) 
03:42:00  max=0.70 (cart 0.70, frontend 0.43)  static:quiet(0.8x) 
03:42:30  max=0.70 (cart 0.70, frontend 0.43)  static:quiet(0.8x) 
03:43:00  max=0.70 (cart 0.70, frontend 0.44)  static:quiet(0.8x) 
03:43:30  max=0.70 (cart 0.70, frontend 0.44)  static:quiet(0.8x) 
03:44:00  max=0.70 (cart 0.70, frontend 0.43)  static:quiet(0.8x) 
03:44:30  max=0.70 (cart 0.70, frontend 0.42)  static:quiet(0.8x) 
03:45:00  max=0.69 (cart 0.69, frontend 0.41)  static:quiet(0.8x) 
03:45:30  max=0.69 (cart 0.69, frontend 0.41)  static:quiet(0.9x) 
03:46:00  max=0.69 (cart 0.69, frontend 0.40)  static:quiet(0.8x) 
03:46:30  max=0.69 (cart 0.69, frontend 0.40)  static:quiet(0.9x) 
03:47:00  max=0.69 (cart 0.69, frontend 0.39)  static:quiet(0.8x) 
03:47:30  max=0.69 (cart 0.69, frontend 0.40)  static:quiet(0.8x) 
03:48:00  max=0.69 (cart 0.69, frontend 0.40)  static:quiet(0.8x) 
03:48:30  max=0.69 (cart 0.69, frontend 0.40)  static:quiet(0.8x) 
03:49:00  max=0.69 (cart 0.69, frontend 0.41)  static:quiet(0.8x) 
03:49:30  max=0.69 (cart 0.69, frontend 0.41)  static:quiet(0.8x) 
03:50:00  max=0.69 (cart 0.69, frontend 0.41)  static:quiet(0.7x) 
03:50:30  max=0.69 (cart 0.69, frontend 0.41)  static:quiet(0.8x) 
03:51:00  max=0.69 (cart 0.69, frontend 0.41)  static:quiet(0.8x) 
03:51:30  max=0.69 (cart 0.69, frontend 0.40)  static:quiet(0.8x) 
03:52:00  max=0.69 (cart 0.69, frontend 0.40)  static:quiet(0.8x) 
03:52:30  max=0.69 (cart 0.69, frontend 0.40)  static:quiet(0.8x) 
03:53:00  max=0.69 (cart 0.69, frontend 0.40)  static:quiet(0.8x) 
03:53:30  max=0.69 (cart 0.69, frontend 0.39)  static:quiet(0.8x) 
03:54:00  max=0.69 (cart 0.69, frontend 0.39)  static:quiet(0.7x) 
03:54:30  max=0.69 (cart 0.69, frontend 0.38)  static:quiet(0.8x) 
03:55:00  max=0.69 (cart 0.69, frontend 0.38)  static:quiet(0.8x) 
03:55:30  max=0.69 (cart 0.69, frontend 0.38)  static:quiet(0.8x) 
03:56:00  max=0.69 (cart 0.69, frontend 0.38)  static:quiet(0.8x) 
03:56:30  max=0.69 (cart 0.69, frontend 0.38)  static:quiet(0.8x) 
03:57:00  max=0.69 (cart 0.69, frontend 0.38)  static:quiet(0.8x) 
03:57:30  max=0.68 (cart 0.68, frontend 0.38)  static:quiet(0.8x) 
03:58:00  max=0.68 (cart 0.68, frontend 0.37)  static:quiet(0.8x) 
03:58:30  max=0.68 (cart 0.68, frontend 0.37)  static:quiet(0.8x) 
03:59:00  max=0.68 (cart 0.68, frontend 0.37)  static:quiet(0.8x) 
03:59:30  max=0.68 (cart 0.68, frontend 0.37)  static:quiet(0.7x) 
04:00:00  max=0.68 (cart 0.68, frontend 0.37)  static:quiet(0.7x) 
04:00:30  max=0.68 (cart 0.68, frontend 0.37)  static:quiet(0.7x) 
04:01:00  max=0.68 (cart 0.68, frontend 0.37)  static:quiet(0.7x) 
04:01:30  max=0.68 (cart 0.68, frontend 0.37)  static:quiet(0.8x) 
04:02:00  max=0.68 (cart 0.68, frontend 0.37)  static:quiet(0.8x) 
04:02:30  max=0.68 (cart 0.68, frontend 0.37)  static:quiet(0.8x) 
04:03:00  max=0.68 (cart 0.68, frontend 0.37)  static:quiet(0.7x) 
04:03:30  max=0.68 (cart 0.68, frontend 0.36)  static:quiet(0.7x) 
04:04:00  max=0.68 (cart 0.68, frontend 0.36)  static:quiet(0.7x) 
04:04:30  max=0.68 (cart 0.68, frontend 0.37)  static:quiet(0.7x) 
04:05:00  max=0.68 (cart 0.68, frontend 0.37)  static:quiet(0.7x) 
04:05:30  max=0.68 (cart 0.68, frontend 0.37)  static:quiet(0.8x) 
04:06:00  max=0.68 (cart 0.68, frontend 0.37)  static:quiet(0.7x) 
04:06:30  max=0.68 (cart 0.68, frontend 0.38)  static:quiet(0.8x) 
04:07:00  max=0.68 (cart 0.68, frontend 0.38)  static:quiet(0.7x) 
04:07:30  max=0.68 (cart 0.68, frontend 0.37)  static:quiet(0.7x) 
04:08:00  max=0.68 (cart 0.68, frontend 0.37)  static:quiet(0.7x) 
04:08:30  max=0.68 (cart 0.68, frontend 0.37)  static:quiet(0.7x) 
04:09:00  max=0.68 (cart 0.68, frontend 0.37)  static:quiet(0.7x) 
04:09:30  max=0.69 (cart 0.69, frontend 0.38)  static:quiet(0.7x) 
04:10:00  max=0.69 (cart 0.69, frontend 0.38)  static:quiet(0.7x) 
04:10:30  max=0.68 (cart 0.68, frontend 0.38)  static:quiet(0.8x) 
04:11:00  max=0.68 (cart 0.68, frontend 0.38)  static:quiet(0.9x) 
04:11:30  max=0.68 (cart 0.68, frontend 0.38)  static:quiet(1.0x) 
04:12:00  max=0.68 (cart 0.68, frontend 0.38)  static:quiet(0.9x) 
04:12:30  max=0.68 (cart 0.68, frontend 0.37)  static:quiet(0.8x) 
04:13:00  max=0.68 (cart 0.68, frontend 0.37)  static:quiet(0.8x) 
04:13:30  max=0.68 (cart 0.68, frontend 0.37)  static:quiet(0.8x) 
04:14:00  max=0.68 (cart 0.68, frontend 0.38)  static:quiet(0.8x) 
04:14:30  max=0.68 (cart 0.68, frontend 0.38)  static:quiet(0.7x) 
04:15:00  max=0.68 (cart 0.68, frontend 0.38)  static:quiet(0.7x) 
04:15:30  max=0.68 (cart 0.68, frontend 0.39)  static:quiet(0.8x) 
04:16:00  max=0.68 (cart 0.68, frontend 0.39)  static:quiet(0.8x) 
04:16:30  max=0.68 (cart 0.68, frontend 0.39)  static:quiet(0.8x) 
04:17:00  max=0.69 (cart 0.69, frontend 0.39)  static:quiet(0.8x) 
04:17:30  max=0.69 (cart 0.69, frontend 0.38)  static:quiet(0.8x) 
04:18:00  max=0.69 (cart 0.69, frontend 0.38)  static:quiet(0.7x) 
04:18:30  max=0.69 (cart 0.69, frontend 0.38)  static:quiet(0.7x) 
04:19:00  max=0.69 (cart 0.69, frontend 0.38)  static:quiet(0.7x) 
04:19:30  max=0.69 (cart 0.69, frontend 0.38)  static:quiet(0.7x) 
04:20:00  max=0.69 (cart 0.69, frontend 0.38)  static:quiet(0.8x) 
04:20:30  max=0.69 (cart 0.69, frontend 0.38)  static:quiet(0.7x) 
04:21:00  max=0.68 (cart 0.68, frontend 0.37)  static:quiet(0.7x) 
04:21:30  max=0.68 (cart 0.68, frontend 0.37)  static:quiet(0.7x) 
04:22:00  max=0.68 (cart 0.68, frontend 0.37)  static:quiet(0.7x) 
04:22:30  max=0.68 (cart 0.68, frontend 0.36)  static:quiet(0.7x) 
04:23:00  max=0.68 (cart 0.68, frontend 0.36)  static:quiet(0.7x) 
04:23:30  max=0.68 (cart 0.68, frontend 0.36)  static:quiet(0.7x) 
04:24:00  max=0.68 (cart 0.68, frontend 0.36)  static:quiet(0.7x) 
04:24:30  max=0.68 (cart 0.68, frontend 0.36)  static:quiet(0.7x) 
04:25:00  max=0.68 (cart 0.68, frontend 0.36)  static:quiet(0.7x) 
04:25:30  max=0.68 (cart 0.68, frontend 0.36)  static:quiet(0.7x) 
04:26:00  max=0.68 (cart 0.68, frontend 0.36)  static:quiet(0.7x) 
04:26:30  max=0.68 (cart 0.68, frontend 0.36)  static:quiet(0.8x) 
04:27:00  max=0.68 (cart 0.68, frontend 0.36)  static:quiet(0.8x) 
04:27:30  max=0.68 (cart 0.68, frontend 0.36)  static:quiet(0.8x) 
04:28:00  max=0.68 (cart 0.68, frontend 0.36)  static:quiet(0.7x) 
04:28:30  max=0.68 (cart 0.68, frontend 0.36)  static:quiet(0.7x) 
04:29:00  max=0.68 (cart 0.68, frontend 0.36)  static:quiet(0.7x) 
04:29:30  max=0.68 (cart 0.68, frontend 0.36)  static:quiet(0.7x) 
04:30:00  max=0.68 (cart 0.68, frontend 0.36)  static:quiet(0.7x) 
04:30:30  max=0.68 (cart 0.68, frontend 0.36)  static:quiet(0.7x) 
04:31:00  max=0.68 (cart 0.68, frontend 0.37)  static:quiet(0.7x) 
04:31:30  max=0.68 (cart 0.68, frontend 0.37)  static:quiet(0.8x) 
04:32:00  max=0.68 (cart 0.68, frontend 0.37)  static:quiet(0.9x) 
04:32:30  max=0.68 (cart 0.68, frontend 0.37)  static:quiet(1.0x) 
04:33:00  max=0.68 (cart 0.68, frontend 0.36)  static:quiet(0.8x) 
04:33:30  max=0.68 (cart 0.68, frontend 0.36)  static:quiet(0.7x) 
04:34:00  max=0.68 (cart 0.68, frontend 0.36)  static:quiet(0.7x) 
04:34:30  max=0.68 (cart 0.68, frontend 0.37)  static:quiet(0.8x) 
04:35:00  max=0.68 (cart 0.68, frontend 0.37)  static:quiet(0.8x) 
04:35:30  max=0.68 (cart 0.68, frontend 0.38)  static:quiet(0.8x) 
04:36:00  max=0.69 (cart 0.69, frontend 0.38)  static:quiet(0.8x) 
04:36:30  max=0.69 (cart 0.69, frontend 0.39)  static:quiet(0.8x) 
04:37:00  max=0.69 (cart 0.69, frontend 0.39)  static:quiet(0.8x) 
04:37:30  max=0.69 (cart 0.69, frontend 0.39)  static:quiet(0.7x) 
04:38:00  max=0.69 (cart 0.69, frontend 0.39)  static:quiet(0.8x) 
04:38:30  max=0.68 (cart 0.68, frontend 0.38)  static:quiet(0.8x) 
04:39:00  max=0.68 (cart 0.68, frontend 0.39)  static:quiet(0.8x) 
04:39:30  max=0.69 (cart 0.69, frontend 0.39)  static:quiet(0.8x) 
04:40:00  max=0.69 (cart 0.69, frontend 0.39)  static:quiet(0.8x) 
04:40:30  max=0.68 (cart 0.68, frontend 0.39)  static:quiet(0.7x) 
04:41:00  max=0.68 (cart 0.68, frontend 0.39)  static:quiet(0.7x) 
04:41:30  max=0.68 (cart 0.68, frontend 0.38)  static:quiet(0.7x) 
04:42:00  max=0.68 (cart 0.68, frontend 0.38)  static:quiet(0.7x) 
04:42:30  max=0.68 (cart 0.68, frontend 0.38)  static:quiet(0.7x) 
04:43:00  max=0.69 (cart 0.69, frontend 0.38)  static:quiet(0.7x) 
04:43:30  max=0.69 (cart 0.69, frontend 0.38)  static:quiet(0.7x) 
04:44:00  max=0.69 (cart 0.69, frontend 0.38)  static:quiet(0.7x) 
04:44:30  max=0.69 (cart 0.69, frontend 0.38)  static:quiet(0.7x) 
04:45:00  max=0.68 (cart 0.68, frontend 0.37)  static:quiet(0.8x) 
04:45:30  max=0.68 (cart 0.68, frontend 0.37)  static:quiet(0.7x) 
04:46:00  max=0.68 (cart 0.68, frontend 0.37)  static:quiet(0.7x) 
04:46:30  max=0.68 (cart 0.68, frontend 0.37)  static:quiet(0.7x) 
04:47:00  max=0.68 (cart 0.68, frontend 0.37)  static:quiet(0.7x) 
04:47:30  max=0.68 (cart 0.68, frontend 0.37)  static:quiet(0.7x) 
04:48:00  max=0.68 (cart 0.68, frontend 0.37)  static:quiet(0.7x) 
04:48:30  max=0.68 (cart 0.68, frontend 0.36)  static:quiet(0.7x) 
04:49:00  max=0.68 (cart 0.68, frontend 0.36)  static:quiet(0.8x) 
04:49:30  max=0.68 (cart 0.68, frontend 0.36)  static:quiet(0.7x) 
04:50:00  max=0.68 (cart 0.68, frontend 0.36)  static:quiet(0.7x) 
04:50:30  max=0.68 (cart 0.68, frontend 0.36)  static:quiet(0.8x) 
04:51:00  max=0.68 (cart 0.68, frontend 0.36)  static:quiet(0.8x) 
04:51:30  max=0.68 (cart 0.68, frontend 0.36)  static:quiet(0.8x) 
04:52:00  max=0.68 (cart 0.68, frontend 0.36)  static:quiet(0.8x) 
04:52:30  max=0.68 (cart 0.68, frontend 0.36)  static:quiet(0.8x) 
04:53:00  max=0.68 (cart 0.68, frontend 0.36)  static:quiet(0.8x) 
04:53:30  max=0.68 (cart 0.68, frontend 0.36)  static:quiet(0.7x) 
04:54:00  max=0.68 (cart 0.68, frontend 0.37)  static:quiet(0.7x) 
04:54:30  max=0.68 (cart 0.68, frontend 0.37)  static:quiet(0.7x) 
04:55:00  max=0.68 (cart 0.68, frontend 0.37)  static:quiet(0.7x) 
04:55:30  max=0.68 (cart 0.68, frontend 0.37)  static:quiet(0.7x) 
04:56:00  max=0.68 (cart 0.68, frontend 0.38)  static:quiet(0.7x) 
04:56:30  max=0.68 (cart 0.68, frontend 0.38)  static:quiet(0.7x) 
04:57:00  max=0.68 (cart 0.68, frontend 0.38)  static:quiet(0.7x) 
04:57:30  max=0.68 (cart 0.68, frontend 0.37)  static:quiet(0.7x) 
04:58:00  max=0.68 (cart 0.68, frontend 0.37)  static:quiet(0.7x) 
04:58:30  max=0.68 (cart 0.68, frontend 0.37)  static:quiet(0.8x) 
04:59:00  max=0.68 (cart 0.68, frontend 0.37)  static:quiet(0.8x) 
04:59:30  max=0.68 (cart 0.68, frontend 0.37)  static:quiet(0.7x) 
05:00:00  max=0.68 (cart 0.68, frontend 0.37)  static:quiet(0.8x) 
05:00:30  max=0.68 (cart 0.68, frontend 0.37)  static:quiet(0.8x) 
05:01:00  max=0.68 (cart 0.68, frontend 0.37)  static:quiet(0.8x) 
05:01:30  max=0.69 (cart 0.69, frontend 0.38)  static:quiet(0.8x) 
05:02:00  max=0.69 (cart 0.69, frontend 0.38)  static:quiet(0.8x) 
05:02:30  max=0.69 (cart 0.69, frontend 0.38)  static:quiet(0.8x) 
05:03:00  max=0.69 (cart 0.69, frontend 0.39)  static:quiet(0.7x) 
05:03:30  max=0.69 (cart 0.69, frontend 0.39)  static:quiet(0.8x) 
05:04:00  max=0.69 (cart 0.69, frontend 0.39)  static:quiet(0.7x) 
05:04:30  max=0.69 (cart 0.69, frontend 0.39)  static:quiet(0.8x) 
05:05:00  max=0.69 (cart 0.69, frontend 0.39)  static:quiet(0.7x) 
05:05:30  max=0.69 (cart 0.69, frontend 0.39)  static:quiet(0.7x) 
05:06:00  max=0.69 (cart 0.69, frontend 0.39)  static:quiet(0.7x) 
05:06:30  max=0.69 (cart 0.69, frontend 0.39)  static:quiet(0.8x) 
05:07:00  max=0.69 (cart 0.69, frontend 0.38)  static:quiet(0.8x) 
05:07:30  max=0.69 (cart 0.69, frontend 0.38)  static:quiet(0.8x) 
05:08:00  max=0.69 (cart 0.69, frontend 0.37)  static:quiet(0.8x) 
05:08:30  max=0.69 (cart 0.69, frontend 0.37)  static:quiet(0.8x) 
05:09:00  max=0.69 (cart 0.69, frontend 0.37)  static:quiet(0.7x) 
05:09:30  max=0.69 (cart 0.69, frontend 0.37)  static:quiet(0.7x) 
05:10:00  max=0.69 (cart 0.69, frontend 0.37)  static:quiet(0.7x) 
05:10:30  max=0.69 (cart 0.69, frontend 0.38)  static:quiet(0.7x) 
05:11:00  max=0.69 (cart 0.69, frontend 0.38)  static:quiet(0.7x) 
05:11:30  max=0.69 (cart 0.69, frontend 0.38)  static:quiet(0.8x) 
05:12:00  max=0.69 (cart 0.69, frontend 0.39)  static:quiet(0.8x) 
05:12:30  max=0.69 (cart 0.69, frontend 0.39)  static:quiet(0.8x) 
05:13:00  max=0.69 (cart 0.69, frontend 0.38)  static:quiet(0.7x) 
05:13:30  max=0.69 (cart 0.69, frontend 0.38)  static:quiet(0.7x) 
05:14:00  max=0.68 (cart 0.68, frontend 0.38)  static:quiet(0.7x) 
05:14:30  max=0.69 (cart 0.69, frontend 0.37)  static:quiet(0.7x) 
05:15:00  max=0.69 (cart 0.69, frontend 0.37)  static:quiet(0.7x) 
05:15:30  max=0.69 (cart 0.69, frontend 0.37)  static:quiet(0.8x) 
05:16:00  max=0.69 (cart 0.69, frontend 0.37)  static:quiet(0.7x) 
05:16:30  max=0.69 (cart 0.69, frontend 0.37)  static:quiet(0.7x) 
05:17:00  max=0.69 (cart 0.69, frontend 0.37)  static:quiet(0.7x) 
05:17:30  max=0.68 (cart 0.68, frontend 0.37)  static:quiet(0.7x) 
05:18:00  max=0.68 (cart 0.68, frontend 0.36)  static:quiet(0.7x) 
05:18:30  max=0.68 (cart 0.68, frontend 0.36)  static:quiet(0.7x) 
05:19:00  max=0.68 (cart 0.68, frontend 0.36)  static:quiet(0.7x) 
05:19:30  max=0.68 (cart 0.68, frontend 0.36)  static:quiet(0.7x) 
05:20:00  max=0.68 (cart 0.68, frontend 0.36)  static:quiet(0.8x) 
05:20:30  max=0.68 (cart 0.68, frontend 0.36)  static:quiet(0.8x) 
05:21:00  max=0.68 (cart 0.68, frontend 0.36)  static:quiet(0.8x) 
05:21:30  max=0.68 (cart 0.68, frontend 0.36)  static:quiet(0.7x) 
05:22:00  max=0.68 (cart 0.68, frontend 0.35)  static:quiet(0.7x) 
05:22:30  max=0.68 (cart 0.68, frontend 0.35)  static:quiet(0.7x) 
05:23:00  max=0.68 (cart 0.68, frontend 0.35)  static:quiet(0.7x) 
05:23:30  max=0.68 (cart 0.68, frontend 0.35)  static:quiet(0.7x) 
05:24:00  max=0.68 (cart 0.68, frontend 0.36)  static:quiet(0.7x) 
05:24:30  max=0.68 (cart 0.68, frontend 0.36)  static:quiet(0.7x) 
05:25:00  max=0.68 (cart 0.68, frontend 0.36)  static:quiet(0.7x) 
05:25:30  max=0.68 (cart 0.68, frontend 0.36)  static:quiet(0.7x) 
05:26:00  max=0.68 (cart 0.68, frontend 0.35)  static:quiet(0.7x) 
05:26:30  max=0.68 (cart 0.68, frontend 0.35)  static:quiet(0.7x) 
05:27:00  max=0.68 (cart 0.68, frontend 0.35)  static:quiet(0.7x) 
05:27:30  max=0.68 (cart 0.68, frontend 0.35)  static:quiet(0.7x) 
05:28:00  max=0.68 (cart 0.68, frontend 0.35)  static:quiet(0.7x) 
05:28:30  max=0.68 (cart 0.68, frontend 0.35)  static:quiet(0.8x) 
05:29:00  max=0.68 (cart 0.68, frontend 0.36)  static:quiet(0.8x) 
05:29:30  max=0.68 (cart 0.68, frontend 0.36)  static:quiet(0.9x) 
05:30:00  max=0.68 (cart 0.68, frontend 0.37)  static:quiet(0.8x) 
05:30:30  max=0.69 (cart 0.69, frontend 0.37)  static:quiet(0.8x) 
05:31:00  max=0.69 (cart 0.69, frontend 0.38)  static:quiet(0.8x) 
05:31:30  max=0.69 (cart 0.69, frontend 0.38)  static:quiet(0.8x) 
05:32:00  max=0.69 (cart 0.69, frontend 0.38)  static:quiet(0.7x) 
05:32:30  max=0.69 (cart 0.69, frontend 0.38)  static:quiet(0.7x) 
05:33:00  max=0.69 (cart 0.69, frontend 0.38)  static:quiet(0.8x) 
05:33:30  max=0.69 (cart 0.69, frontend 0.38)  static:quiet(0.8x) 
05:34:00  max=0.69 (cart 0.69, frontend 0.39)  static:quiet(0.8x) 
05:34:30  max=0.69 (cart 0.69, frontend 0.39)  static:quiet(0.8x) 
05:35:00  max=0.69 (cart 0.69, frontend 0.39)  static:quiet(0.8x) 
05:35:30  max=0.69 (cart 0.69, frontend 0.38)  static:quiet(0.8x) 
05:36:00  max=0.69 (cart 0.69, frontend 0.38)  static:quiet(0.8x) 
05:36:30  max=0.69 (cart 0.69, frontend 0.38)  static:quiet(0.7x) 
05:37:00  max=0.69 (cart 0.69, frontend 0.37)  static:quiet(0.7x) 
05:37:30  max=0.69 (cart 0.69, frontend 0.38)  static:quiet(0.7x) 
05:38:00  max=0.69 (cart 0.69, frontend 0.38)  static:quiet(0.7x) 
05:38:30  max=0.69 (cart 0.69, frontend 0.38)  static:quiet(0.7x) 
05:39:00  max=0.69 (cart 0.69, frontend 0.38)  static:quiet(0.7x) 
05:39:30  max=0.69 (cart 0.69, frontend 0.38)  static:quiet(0.7x) 
05:40:00  max=0.69 (cart 0.69, frontend 0.38)  static:quiet(0.7x) 
05:40:30  max=0.68 (cart 0.68, frontend 0.38)  static:quiet(1.1x) 
05:41:00  max=0.68 (cart 0.68, frontend 0.38)  static:quiet(1.1x) 
05:41:30  max=0.68 (cart 0.68, frontend 0.38)  static:quiet(1.1x) 
05:42:00  max=0.68 (cart 0.68, frontend 0.38)  static:quiet(0.8x) 
05:42:30  max=0.69 (cart 0.69, frontend 0.38)  static:quiet(0.8x) 
05:43:00  max=0.69 (cart 0.69, frontend 0.38)  static:quiet(0.7x) 
05:43:30  max=0.69 (cart 0.69, frontend 0.38)  static:quiet(0.7x) 
05:44:00  max=0.69 (cart 0.69, frontend 0.38)  static:quiet(0.7x) 
05:44:30  max=0.69 (cart 0.69, frontend 0.38)  static:quiet(0.7x) 
05:45:00  max=0.69 (cart 0.69, frontend 0.38)  static:quiet(0.7x) 
05:45:30  max=0.69 (cart 0.69, frontend 0.38)  static:quiet(0.7x) 
05:46:00  max=0.69 (cart 0.69, frontend 0.38)  static:quiet(0.7x) 
05:46:30  max=0.69 (cart 0.69, frontend 0.38)  static:quiet(0.7x) 
05:47:00  max=0.69 (cart 0.69, frontend 0.37)  static:quiet(0.7x) 
05:47:30  max=0.69 (cart 0.69, frontend 0.37)  static:quiet(0.7x) 
05:48:00  max=0.69 (cart 0.69, frontend 0.36)  static:quiet(0.7x) 
05:48:30  max=0.68 (cart 0.68, frontend 0.36)  static:quiet(0.7x) 
05:49:00  max=0.68 (cart 0.68, frontend 0.36)  static:quiet(0.7x) 
05:49:30  max=0.68 (cart 0.68, frontend 0.36)  static:quiet(0.7x) 
05:50:00  max=0.68 (cart 0.68, frontend 0.36)  static:quiet(0.7x) 
05:50:30  max=0.68 (cart 0.68, frontend 0.36)  static:quiet(0.7x) 
05:51:00  max=0.68 (cart 0.68, frontend 0.36)  static:quiet(0.7x) 
05:51:30  max=0.68 (cart 0.68, frontend 0.36)  static:quiet(0.7x) 
05:52:00  max=0.68 (cart 0.68, frontend 0.35)  static:quiet(0.7x) 
05:52:30  max=0.68 (cart 0.68, frontend 0.35)  static:quiet(0.7x) 
05:53:00  max=0.68 (cart 0.68, frontend 0.35)  static:quiet(0.7x) 
05:53:30  max=0.68 (cart 0.68, frontend 0.35)  static:quiet(0.8x) 
05:54:00  max=0.68 (cart 0.68, frontend 0.36)  static:quiet(0.8x) 
05:54:30  max=0.68 (cart 0.68, frontend 0.36)  static:quiet(0.9x) 
05:55:00  max=0.68 (cart 0.68, frontend 0.36)  static:quiet(0.8x) 
05:55:30  max=0.68 (cart 0.68, frontend 0.36)  static:quiet(0.7x) 
05:56:00  max=0.68 (cart 0.68, frontend 0.37)  static:quiet(0.7x) 
05:56:30  max=0.68 (cart 0.68, frontend 0.37)  static:quiet(0.7x) 
05:57:00  max=0.69 (cart 0.69, frontend 0.37)  static:quiet(0.7x) 
05:57:30  max=0.69 (cart 0.69, frontend 0.37)  static:quiet(0.7x) 
05:58:00  max=0.69 (cart 0.69, frontend 0.38)  static:quiet(0.7x) 
05:58:30  max=0.69 (cart 0.69, frontend 0.38)  static:quiet(0.7x) 
05:59:00  max=0.69 (cart 0.69, frontend 0.39)  static:quiet(0.8x) 
05:59:30  max=0.69 (cart 0.69, frontend 0.39)  static:quiet(0.7x) 
06:00:00  max=0.69 (cart 0.69, frontend 0.39)  static:quiet(0.7x) 
06:00:30  max=0.69 (cart 0.69, frontend 0.38)  static:quiet(0.7x) 
06:01:00  max=0.69 (cart 0.69, frontend 0.38)  static:quiet(0.7x) 
06:01:30  max=0.69 (cart 0.69, frontend 0.37)  static:quiet(0.7x) 
06:02:00  max=0.69 (cart 0.69, frontend 0.37)  static:quiet(0.7x) 
06:02:30  max=0.69 (cart 0.69, frontend 0.37)  static:quiet(0.7x) 
06:03:00  max=0.69 (cart 0.69, frontend 0.37)  static:quiet(0.7x) 
06:03:30  max=0.69 (cart 0.69, frontend 0.37)  static:quiet(0.7x) 
06:04:00  max=0.69 (cart 0.69, frontend 0.37)  static:quiet(0.7x) 
06:04:30  max=0.69 (cart 0.69, frontend 0.37)  static:quiet(0.8x) 
06:05:00  max=0.68 (cart 0.68, frontend 0.37)  static:quiet(0.8x) 
06:05:30  max=0.68 (cart 0.68, frontend 0.36)  static:quiet(0.8x) 
06:06:00  max=0.68 (cart 0.68, frontend 0.37)  static:quiet(0.9x) 
06:06:30  max=0.68 (cart 0.68, frontend 0.37)  static:quiet(0.9x) 
06:07:00  max=0.69 (cart 0.69, frontend 0.37)  static:quiet(0.9x) 
06:07:30  max=0.69 (cart 0.69, frontend 0.38)  static:quiet(0.8x) 
06:08:00  max=0.69 (cart 0.69, frontend 0.38)  static:quiet(0.8x) 
06:08:30  max=0.69 (cart 0.69, frontend 0.38)  static:quiet(0.7x) 
06:09:00  max=0.69 (cart 0.69, frontend 0.38)  static:quiet(0.7x) 
06:09:30  max=0.69 (cart 0.69, frontend 0.39)  static:quiet(0.7x) 
06:10:00  max=0.69 (cart 0.69, frontend 0.39)  static:quiet(0.7x) 
06:10:30  max=0.69 (cart 0.69, frontend 0.39)  static:quiet(0.7x) 
06:11:00  max=0.69 (cart 0.69, frontend 0.39)  static:quiet(0.7x) 
06:11:30  max=0.69 (cart 0.69, frontend 0.38)  static:quiet(0.7x) 
06:12:00  max=0.68 (cart 0.68, frontend 0.38)  static:quiet(0.7x) 
06:12:30  max=0.68 (cart 0.68, frontend 0.37)  static:quiet(0.7x) 
06:13:00  max=0.68 (cart 0.68, frontend 0.37)  static:quiet(0.7x) 
06:13:30  max=0.68 (cart 0.68, frontend 0.36)  static:quiet(0.7x) 
06:14:00  max=0.68 (cart 0.68, frontend 0.36)  static:quiet(0.7x) 
06:14:30  max=0.68 (cart 0.68, frontend 0.36)  static:quiet(0.7x) 
06:15:00  max=0.68 (cart 0.68, frontend 0.36)  static:quiet(0.7x) 
06:15:30  max=0.68 (cart 0.68, frontend 0.36)  static:quiet(0.7x) 
06:16:00  max=0.68 (cart 0.68, frontend 0.36)  static:quiet(0.7x) 
06:16:30  max=0.68 (cart 0.68, frontend 0.36)  static:quiet(0.7x) 
06:17:00  max=0.68 (cart 0.68, frontend 0.36)  static:quiet(0.7x) 
06:17:30  max=0.68 (cart 0.68, frontend 0.36)  static:quiet(0.7x) 
06:18:00  max=0.68 (cart 0.68, frontend 0.36)  static:quiet(0.8x) 
06:18:30  max=0.68 (cart 0.68, frontend 0.36)  static:quiet(0.8x) 
06:19:00  max=0.68 (cart 0.68, frontend 0.36)  static:quiet(0.8x) 
06:19:30  max=0.68 (cart 0.68, frontend 0.36)  static:quiet(0.8x) 
06:20:00  max=0.68 (cart 0.68, frontend 0.37)  static:quiet(0.8x) 
06:20:30  max=0.68 (cart 0.68, frontend 0.37)  static:quiet(0.8x) 
06:21:00  max=0.69 (cart 0.69, frontend 0.37)  static:quiet(0.8x) 
06:21:30  max=0.69 (cart 0.69, frontend 0.38)  static:quiet(0.8x) 
06:22:00  max=0.69 (cart 0.69, frontend 0.38)  static:quiet(0.8x) 
06:22:30  max=0.69 (cart 0.69, frontend 0.38)  static:quiet(0.8x) 
06:23:00  max=0.69 (cart 0.69, frontend 0.38)  static:quiet(0.7x) 
06:23:30  max=0.69 (cart 0.69, frontend 0.38)  static:quiet(0.7x) 
06:24:00  max=0.69 (cart 0.69, frontend 0.39)  static:quiet(0.8x) 
06:24:30  max=0.69 (cart 0.69, frontend 0.39)  static:quiet(0.7x) 
06:25:00  max=0.69 (cart 0.69, frontend 0.39)  static:quiet(0.7x) 
06:25:30  max=0.69 (cart 0.69, frontend 0.39)  static:quiet(0.7x) 
06:26:00  max=0.69 (cart 0.69, frontend 0.38)  static:quiet(0.8x) 
06:26:30  max=0.69 (cart 0.69, frontend 0.38)  static:quiet(0.7x) 
06:27:00  max=0.69 (cart 0.69, frontend 0.38)  static:quiet(0.7x) 
06:27:30  max=0.69 (cart 0.69, frontend 0.38)  static:quiet(0.7x) 
06:28:00  max=0.69 (cart 0.69, frontend 0.37)  static:quiet(0.7x) 
06:28:30  max=0.69 (cart 0.69, frontend 0.37)  static:quiet(0.8x) 
06:29:00  max=0.69 (cart 0.69, frontend 0.37)  static:quiet(0.7x) 
06:29:30  max=0.69 (cart 0.69, frontend 0.38)  static:quiet(0.7x) 
06:30:00  max=0.69 (cart 0.69, frontend 0.38)  static:quiet(0.7x) 
06:30:30  max=0.69 (cart 0.69, frontend 0.38)  static:quiet(0.7x) 
06:31:00  max=0.69 (cart 0.69, frontend 0.38)  static:quiet(0.8x) 
06:31:30  max=0.69 (cart 0.69, frontend 0.38)  static:quiet(0.8x) 
06:32:00  max=0.69 (cart 0.69, frontend 0.38)  static:quiet(0.8x) 
06:32:30  max=0.69 (cart 0.69, frontend 0.38)  static:quiet(0.8x) 
06:33:00  max=0.69 (cart 0.69, frontend 0.38)  static:quiet(0.9x) 
06:33:30  max=0.69 (cart 0.69, frontend 0.38)  static:quiet(0.9x) 
06:34:00  max=0.69 (cart 0.69, frontend 0.38)  static:quiet(0.9x) 
06:34:30  max=0.69 (cart 0.69, frontend 0.38)  static:quiet(0.8x) 
06:35:00  max=0.69 (cart 0.69, frontend 0.38)  static:quiet(1.0x) 
06:35:30  max=0.69 (cart 0.69, frontend 0.39)  static:quiet(1.0x) 
06:36:00  max=0.69 (cart 0.69, frontend 0.39)  static:quiet(0.8x) 
06:36:30  max=0.69 (cart 0.69, frontend 0.39)  static:quiet(0.8x) 
06:37:00  max=0.69 (cart 0.69, frontend 0.39)  static:quiet(0.7x) 
06:37:30  max=0.69 (cart 0.69, frontend 0.39)  static:quiet(0.7x) 
06:38:00  max=0.69 (cart 0.69, frontend 0.39)  static:quiet(0.8x) 
06:38:30  max=0.69 (cart 0.69, frontend 0.39)  static:quiet(0.8x) 
06:39:00  max=0.69 (cart 0.69, frontend 0.40)  static:quiet(0.8x) 
06:39:30  max=0.69 (cart 0.69, frontend 0.40)  static:quiet(0.7x) 
06:40:00  max=0.69 (cart 0.69, frontend 0.40)  static:quiet(0.7x) 
06:40:30  max=0.69 (cart 0.69, frontend 0.40)  static:quiet(0.7x) 
06:41:00  max=0.69 (cart 0.69, frontend 0.39)  static:quiet(0.7x) 
06:41:30  max=0.69 (cart 0.69, frontend 0.39)  static:quiet(0.8x) 
06:42:00  max=0.69 (cart 0.69, frontend 0.38)  static:quiet(0.7x) 
06:42:30  max=0.69 (cart 0.69, frontend 0.38)  static:quiet(0.7x) 
06:43:00  max=0.69 (cart 0.69, frontend 0.38)  static:quiet(0.7x) 
06:43:30  max=0.69 (cart 0.69, frontend 0.38)  static:quiet(0.8x) 
06:44:00  max=0.68 (cart 0.68, frontend 0.37)  static:quiet(0.8x) 
06:44:30  max=0.68 (cart 0.68, frontend 0.37)  static:quiet(0.8x) 
06:45:00  max=0.68 (cart 0.68, frontend 0.36)  static:quiet(0.8x) 
06:45:30  max=0.68 (cart 0.68, frontend 0.36)  static:quiet(0.8x) 
06:46:00  max=0.68 (cart 0.68, frontend 0.36)  static:quiet(0.8x) 
06:46:30  max=0.68 (cart 0.68, frontend 0.37)  static:quiet(0.8x) 
06:47:00  max=0.68 (cart 0.68, frontend 0.36)  static:quiet(0.7x) 
06:47:30  max=0.68 (cart 0.68, frontend 0.36)  static:quiet(0.7x) 
06:48:00  max=0.68 (cart 0.68, frontend 0.36)  static:quiet(0.7x) 
06:48:30  max=0.68 (cart 0.68, frontend 0.36)  static:quiet(0.8x) 
06:49:00  max=0.68 (cart 0.68, frontend 0.37)  static:quiet(0.8x) 
06:49:30  max=0.69 (cart 0.69, frontend 0.37)  static:quiet(0.8x) 
06:50:00  max=0.69 (cart 0.69, frontend 0.37)  static:quiet(0.8x) 
06:50:30  max=0.69 (cart 0.69, frontend 0.38)  static:quiet(0.9x) 
06:51:00  max=0.69 (cart 0.69, frontend 0.38)  static:quiet(0.8x) 
06:51:30  max=0.69 (cart 0.69, frontend 0.39)  static:quiet(0.8x) 
06:52:00  max=0.69 (cart 0.69, frontend 0.39)  static:quiet(0.8x) 
06:52:30  max=0.69 (cart 0.69, frontend 0.39)  static:quiet(0.7x) 
06:53:00  max=0.69 (cart 0.69, frontend 0.39)  static:quiet(0.7x) 
06:53:30  max=0.69 (cart 0.69, frontend 0.40)  static:quiet(0.8x) 
06:54:00  max=0.69 (cart 0.69, frontend 0.40)  static:quiet(0.8x) 
06:54:30  max=0.69 (cart 0.69, frontend 0.40)  static:quiet(0.8x) 
06:55:00  max=0.69 (cart 0.69, frontend 0.40)  static:quiet(0.8x) 
06:55:30  max=0.69 (cart 0.69, frontend 0.39)  static:quiet(0.8x) 
06:56:00  max=0.69 (cart 0.69, frontend 0.39)  static:quiet(0.8x) 
06:56:30  max=0.69 (cart 0.69, frontend 0.38)  static:quiet(0.8x) 
06:57:00  max=0.69 (cart 0.69, frontend 0.38)  static:quiet(0.8x) 
06:57:30  max=0.69 (cart 0.69, frontend 0.38)  static:quiet(0.8x) 
06:58:00  max=0.69 (cart 0.69, frontend 0.39)  static:quiet(0.8x) 
06:58:30  max=0.69 (cart 0.69, frontend 0.39)  static:quiet(0.8x) 
06:59:00  max=0.69 (cart 0.69, frontend 0.39)  static:quiet(0.7x) 
06:59:30  max=0.69 (cart 0.69, frontend 0.39)  static:quiet(1.3x) 
07:00:00  max=0.69 (cart 0.69, frontend 0.40)  static:quiet(1.2x) 
07:00:30  max=0.69 (cart 0.69, frontend 0.40)  static:quiet(1.2x) 
07:01:00  max=0.69 (cart 0.69, frontend 0.40)  static:quiet(1.1x) 
07:01:30  max=0.69 (cart 0.69, frontend 0.41)  static:quiet(1.1x) 
07:02:00  max=0.70 (cart 0.70, frontend 0.40)  static:quiet(0.8x) 
07:02:30  max=0.70 (cart 0.70, frontend 0.41)  static:quiet(0.8x) 
07:03:00  max=0.70 (cart 0.70, frontend 0.41)  static:quiet(0.8x) 
07:03:30  max=0.70 (cart 0.70, frontend 0.41)  static:quiet(0.7x) 
07:04:00  max=0.70 (cart 0.70, frontend 0.41)  static:quiet(0.8x) 
07:04:30  max=0.70 (cart 0.70, frontend 0.41)  static:quiet(0.8x) 
07:05:00  max=0.70 (cart 0.70, frontend 0.41)  static:quiet(0.8x) 
07:05:30  max=0.70 (cart 0.70, frontend 0.41)  static:quiet(0.7x) 
07:06:00  max=0.70 (cart 0.70, frontend 0.41)  static:quiet(0.8x) 
07:06:30  max=0.69 (cart 0.69, frontend 0.40)  static:quiet(0.8x) 
07:07:00  max=0.69 (cart 0.69, frontend 0.40)  static:quiet(0.8x) 
07:07:30  max=0.69 (cart 0.69, frontend 0.39)  static:quiet(0.7x) 
07:08:00  max=0.69 (cart 0.69, frontend 0.39)  static:quiet(0.7x) 
07:08:30  max=0.69 (cart 0.69, frontend 0.38)  static:quiet(0.7x) 
07:09:00  max=0.69 (cart 0.69, frontend 0.38)  static:quiet(0.8x) 
07:09:30  max=0.69 (cart 0.69, frontend 0.38)  static:quiet(0.8x) 
07:10:00  max=0.69 (cart 0.69, frontend 0.39)  static:quiet(0.8x) 
07:10:30  max=0.69 (cart 0.69, frontend 0.39)  static:quiet(0.8x) 
07:11:00  max=0.69 (cart 0.69, frontend 0.39)  static:quiet(0.7x) 
07:11:30  max=0.69 (cart 0.69, frontend 0.39)  static:quiet(0.8x) 
07:12:00  max=0.69 (cart 0.69, frontend 0.39)  static:quiet(0.7x) 
07:12:30  max=0.69 (cart 0.69, frontend 0.39)  static:quiet(0.7x) 
07:13:00  max=0.69 (cart 0.69, frontend 0.39)  static:quiet(0.7x) 
07:13:30  max=0.69 (cart 0.69, frontend 0.39)  static:quiet(0.7x) 
07:14:00  max=0.69 (cart 0.69, frontend 0.39)  static:quiet(0.7x) 
07:14:30  max=0.69 (cart 0.69, frontend 0.40)  static:quiet(0.7x) 
07:15:00  max=0.69 (cart 0.69, frontend 0.40)  static:quiet(0.7x) 
07:15:30  max=0.69 (cart 0.69, frontend 0.39)  static:quiet(0.7x) 
07:16:00  max=0.69 (cart 0.69, frontend 0.39)  static:quiet(0.8x) 
07:16:30  max=0.69 (cart 0.69, frontend 0.38)  static:quiet(0.8x) 
07:17:00  max=0.69 (cart 0.69, frontend 0.38)  static:quiet(0.8x) 
07:17:30  max=0.69 (cart 0.69, frontend 0.38)  static:quiet(0.7x) 
07:18:00  max=0.69 (cart 0.69, frontend 0.38)  static:quiet(0.7x) 
07:18:30  max=0.69 (cart 0.69, frontend 0.38)  static:quiet(0.7x) 
07:19:00  max=0.69 (cart 0.69, frontend 0.38)  static:quiet(0.7x) 
07:19:30  max=0.69 (cart 0.69, frontend 0.37)  static:quiet(0.7x) 
07:20:00  max=0.68 (cart 0.68, frontend 0.37)  static:quiet(0.7x) 
07:20:30  max=0.69 (cart 0.69, frontend 0.37)  static:quiet(0.7x) 
07:21:00  max=0.68 (cart 0.68, frontend 0.36)  static:quiet(0.7x) 
07:21:30  max=0.68 (cart 0.68, frontend 0.36)  static:quiet(0.7x) 
07:22:00  max=0.68 (cart 0.68, frontend 0.36)  static:quiet(0.7x) 
07:22:30  max=0.68 (cart 0.68, frontend 0.36)  static:quiet(0.7x) 
07:23:00  max=0.68 (cart 0.68, frontend 0.36)  static:quiet(0.7x) 
07:23:30  max=0.68 (cart 0.68, frontend 0.36)  static:quiet(0.7x) 
07:24:00  max=0.68 (cart 0.68, frontend 0.36)  static:quiet(0.7x) 
07:24:30  max=0.68 (cart 0.68, frontend 0.36)  static:quiet(0.7x) 
07:25:00  max=0.68 (cart 0.68, frontend 0.37)  static:quiet(0.7x) 
07:25:30  max=0.68 (cart 0.68, frontend 0.37)  static:quiet(0.7x) 
07:26:00  max=0.68 (cart 0.68, frontend 0.37)  static:quiet(0.7x) 
07:26:30  max=0.68 (cart 0.68, frontend 0.37)  static:quiet(0.8x) 
07:27:00  max=0.68 (cart 0.68, frontend 0.37)  static:quiet(0.7x) 
07:27:30  max=0.68 (cart 0.68, frontend 0.37)  static:quiet(0.7x) 
07:28:00  max=0.68 (cart 0.68, frontend 0.37)  static:quiet(0.7x) 
07:28:30  max=0.68 (cart 0.68, frontend 0.36)  static:quiet(0.7x) 
07:29:00  max=0.68 (cart 0.68, frontend 0.36)  static:quiet(0.7x) 
07:29:30  max=0.68 (cart 0.68, frontend 0.36)  static:quiet(0.7x) 
07:30:00  max=0.68 (cart 0.68, frontend 0.36)  static:quiet(0.7x) 
07:30:30  max=0.68 (cart 0.68, frontend 0.36)  static:quiet(0.7x) 
07:31:00  max=0.68 (cart 0.68, frontend 0.36)  static:quiet(0.7x) 
07:31:30  max=0.68 (cart 0.68, frontend 0.35)  static:quiet(0.7x) 
07:32:00  max=0.68 (cart 0.68, frontend 0.35)  static:quiet(0.7x) 
07:32:30  max=0.68 (cart 0.68, frontend 0.35)  static:quiet(0.7x) 
07:33:00  max=0.68 (cart 0.68, frontend 0.35)  static:quiet(0.7x) 
07:33:30  max=0.68 (cart 0.68, frontend 0.35)  static:quiet(0.7x) 
07:34:00  max=0.68 (cart 0.68, frontend 0.35)  static:quiet(0.7x) 
07:34:30  max=0.68 (cart 0.68, frontend 0.35)  static:quiet(0.7x) 
07:35:00  max=0.68 (cart 0.68, frontend 0.35)  static:quiet(0.8x) 
07:35:30  max=0.68 (cart 0.68, frontend 0.36)  static:quiet(0.7x) 
07:36:00  max=0.68 (cart 0.68, frontend 0.36)  static:quiet(0.7x) 
07:36:30  max=0.69 (cart 0.69, frontend 0.36)  static:quiet(0.7x) 
07:37:00  max=0.69 (cart 0.69, frontend 0.37)  static:quiet(0.7x) 
07:37:30  max=0.69 (cart 0.69, frontend 0.37)  static:quiet(0.7x) 
07:38:00  max=0.69 (cart 0.69, frontend 0.37)  static:quiet(0.7x) 
07:38:30  max=0.68 (cart 0.68, frontend 0.37)  static:quiet(0.7x) 
07:39:00  max=0.68 (cart 0.68, frontend 0.37)  static:quiet(0.7x) 
07:39:30  max=0.68 (cart 0.68, frontend 0.37)  static:quiet(0.7x) 
07:40:00  max=0.68 (cart 0.68, frontend 0.37)  static:quiet(0.7x) 
07:40:30  max=0.68 (cart 0.68, frontend 0.37)  static:quiet(0.7x) 
07:41:00  max=0.68 (cart 0.68, frontend 0.37)  static:quiet(0.7x) 
07:41:30  max=0.68 (cart 0.68, frontend 0.36)  static:quiet(0.7x) 
07:42:00  max=0.68 (cart 0.68, frontend 0.36)  static:quiet(0.7x) 
07:42:30  max=0.68 (cart 0.68, frontend 0.36)  static:quiet(0.7x) 
07:43:00  max=0.68 (cart 0.68, frontend 0.36)  static:quiet(0.7x) 
07:43:30  max=0.68 (cart 0.68, frontend 0.36)  static:quiet(0.7x) 
07:44:00  max=0.68 (cart 0.68, frontend 0.36)  static:quiet(0.7x) 
07:44:30  max=0.68 (cart 0.68, frontend 0.36)  static:quiet(0.7x) 
07:45:00  max=0.68 (cart 0.68, frontend 0.36)  static:quiet(0.7x) 
07:45:30  max=0.68 (cart 0.68, frontend 0.36)  static:quiet(0.8x) 
07:46:00  max=0.68 (cart 0.68, frontend 0.36)  static:quiet(0.7x) 
07:46:30  max=0.68 (cart 0.68, frontend 0.36)  static:quiet(0.8x) 
07:47:00  max=0.68 (cart 0.68, frontend 0.36)  static:quiet(0.7x) 
07:47:30  max=0.68 (cart 0.68, frontend 0.36)  static:quiet(0.7x) 
07:48:00  max=0.68 (cart 0.68, frontend 0.36)  static:quiet(0.7x) 
07:48:30  max=0.68 (cart 0.68, frontend 0.36)  static:quiet(0.7x) 
07:49:00  max=0.68 (cart 0.68, frontend 0.36)  static:quiet(0.7x) 
07:49:30  max=0.68 (cart 0.68, frontend 0.36)  static:quiet(0.7x) 
07:50:00  max=0.68 (cart 0.68, frontend 0.36)  static:quiet(0.7x) 
07:50:30  max=0.68 (cart 0.68, frontend 0.36)  static:quiet(0.7x) 
07:51:00  max=0.69 (cart 0.69, frontend 0.37)  static:quiet(0.7x) 
07:51:30  max=0.69 (cart 0.69, frontend 0.37)  static:quiet(0.7x) 
07:52:00  max=0.69 (cart 0.69, frontend 0.36)  static:quiet(0.7x) 
07:52:30  max=0.69 (cart 0.69, frontend 0.36)  static:quiet(0.7x) 
07:53:00  max=0.69 (cart 0.69, frontend 0.36)  static:quiet(0.7x) 
07:53:30  max=0.68 (cart 0.68, frontend 0.36)  static:quiet(0.7x) 
07:54:00  max=0.68 (cart 0.68, frontend 0.36)  static:quiet(0.7x) 
07:54:30  max=0.68 (cart 0.68, frontend 0.35)  static:quiet(0.7x) 
07:55:00  max=0.68 (cart 0.68, frontend 0.35)  static:quiet(0.7x) 
07:55:30  max=0.68 (cart 0.68, frontend 0.35)  static:quiet(0.7x) 
07:56:00  max=0.68 (cart 0.68, frontend 0.35)  static:quiet(0.7x) 
07:56:30  max=0.68 (cart 0.68, frontend 0.35)  static:quiet(0.7x) 
07:57:00  max=0.68 (cart 0.68, frontend 0.34)  static:quiet(0.7x) 
07:57:30  max=0.68 (cart 0.68, frontend 0.34)  static:quiet(0.7x) 
07:58:00  max=0.68 (cart 0.68, frontend 0.34)  static:quiet(0.8x) 
07:58:30  max=0.68 (cart 0.68, frontend 0.35)  static:quiet(0.7x) 
07:59:00  max=0.68 (cart 0.68, frontend 0.35)  static:quiet(0.7x) 
07:59:30  max=0.68 (cart 0.68, frontend 0.35)  static:quiet(0.7x) 
08:00:00  max=0.68 (cart 0.68, frontend 0.35)  static:quiet(0.7x) 
08:00:30  max=0.68 (cart 0.68, frontend 0.35)  static:quiet(0.7x) 
08:01:00  max=0.68 (cart 0.68, frontend 0.35)  static:quiet(0.7x) 
08:01:30  max=0.68 (cart 0.68, frontend 0.36)  static:quiet(0.8x) 
08:02:00  max=0.69 (cart 0.69, frontend 0.36)  static:quiet(0.7x) 
08:02:30  max=0.69 (cart 0.69, frontend 0.36)  static:quiet(0.7x) 
08:03:00  max=0.69 (cart 0.69, frontend 0.37)  static:quiet(0.8x) 
08:03:30  max=0.69 (cart 0.69, frontend 0.37)  static:quiet(0.8x) 
08:04:00  max=0.69 (cart 0.69, frontend 0.37)  static:quiet(0.9x) 
08:04:30  max=0.69 (cart 0.69, frontend 0.37)  static:quiet(0.9x) 
08:05:00  max=0.69 (cart 0.69, frontend 0.38)  static:quiet(0.9x) 
08:05:30  max=0.69 (cart 0.69, frontend 0.38)  static:quiet(0.8x) 
08:06:00  max=0.69 (cart 0.69, frontend 0.39)  static:quiet(0.8x) 
08:06:30  max=0.69 (cart 0.69, frontend 0.39)  static:quiet(0.8x) 
08:07:00  max=0.70 (cart 0.70, frontend 0.40)  static:quiet(0.8x) 
08:07:30  max=0.70 (cart 0.70, frontend 0.41)  static:quiet(0.8x) 
08:08:00  max=0.70 (cart 0.70, frontend 0.42)  static:quiet(0.8x) 
08:08:30  max=0.70 (cart 0.70, frontend 0.42)  static:quiet(0.8x) 
08:09:00  max=0.70 (cart 0.70, frontend 0.43)  static:quiet(0.8x) 
08:09:30  max=0.70 (cart 0.70, frontend 0.43)  static:quiet(0.8x) 
08:10:00  max=0.70 (cart 0.70, frontend 0.42)  static:quiet(0.8x) 
08:10:30  max=0.70 (cart 0.70, frontend 0.41)  static:quiet(0.7x) 
08:11:00  max=0.70 (cart 0.70, frontend 0.40)  static:quiet(0.8x) 
08:11:30  max=0.70 (cart 0.70, frontend 0.40)  static:quiet(0.8x) 
08:12:00  max=0.70 (cart 0.70, frontend 0.40)  static:quiet(0.8x) 
08:12:30  max=0.70 (cart 0.70, frontend 0.41)  static:quiet(0.8x) 
08:13:00  max=0.69 (cart 0.69, frontend 0.40)  static:quiet(0.8x) 
08:13:30  max=0.69 (cart 0.69, frontend 0.40)  static:quiet(0.8x) 
08:14:00  max=0.69 (cart 0.69, frontend 0.40)  static:quiet(0.7x) 
08:14:30  max=0.69 (cart 0.69, frontend 0.40)  static:quiet(0.7x) 
08:15:00  max=0.69 (cart 0.69, frontend 0.39)  static:quiet(0.8x) 
08:15:30  max=0.69 (cart 0.69, frontend 0.39)  static:quiet(0.8x) 
08:16:00  max=0.69 (cart 0.69, frontend 0.39)  static:quiet(0.8x) 
08:16:30  max=0.69 (cart 0.69, frontend 0.39)  static:quiet(0.8x) 
08:17:00  max=0.69 (cart 0.69, frontend 0.39)  static:quiet(0.8x) 
08:17:30  max=0.69 (cart 0.69, frontend 0.39)  static:quiet(0.8x) 
08:18:00  max=0.69 (cart 0.69, frontend 0.39)  static:quiet(0.8x) 
08:18:30  max=0.69 (cart 0.69, frontend 0.39)  static:quiet(0.8x) 
08:19:00  max=0.69 (cart 0.69, frontend 0.39)  static:quiet(0.8x) 
08:19:30  max=0.69 (cart 0.69, frontend 0.38)  static:quiet(0.8x) 
08:20:00  max=0.69 (cart 0.69, frontend 0.39)  static:quiet(0.8x) 
08:20:30  max=0.69 (cart 0.69, frontend 0.39)  static:quiet(0.8x) 
08:21:00  max=0.69 (cart 0.69, frontend 0.39)  static:quiet(0.8x) 
08:21:30  max=0.69 (cart 0.69, frontend 0.39)  static:quiet(0.7x) 
08:22:00  max=0.69 (cart 0.69, frontend 0.39)  static:quiet(0.8x) 
08:22:30  max=0.69 (cart 0.69, frontend 0.39)  static:quiet(0.8x) 
08:23:00  max=0.69 (cart 0.69, frontend 0.39)  static:quiet(0.8x) 
08:23:30  max=0.69 (cart 0.69, frontend 0.39)  static:quiet(0.7x) 
08:24:00  max=0.69 (cart 0.69, frontend 0.39)  static:quiet(0.7x) 
08:24:30  max=0.69 (cart 0.69, frontend 0.39)  static:quiet(0.7x) 
08:25:00  max=0.69 (cart 0.69, frontend 0.38)  static:quiet(0.7x) 
08:25:30  max=0.69 (cart 0.69, frontend 0.38)  static:quiet(0.7x) 
08:26:00  max=0.69 (cart 0.69, frontend 0.38)  static:quiet(0.7x) 
08:26:30  max=0.69 (cart 0.69, frontend 0.38)  static:quiet(0.7x) 
08:27:00  max=0.69 (cart 0.69, frontend 0.38)  static:quiet(0.7x) 
08:27:30  max=0.69 (cart 0.69, frontend 0.38)  static:quiet(0.7x) 
08:28:00  max=0.69 (cart 0.69, frontend 0.38)  static:quiet(0.7x) 
08:28:30  max=0.69 (cart 0.69, frontend 0.38)  static:quiet(0.8x) 
08:29:00  max=0.69 (cart 0.69, frontend 0.38)  static:quiet(0.8x) 
08:29:30  max=0.69 (cart 0.69, frontend 0.38)  static:quiet(0.8x) 
08:30:00  max=0.69 (cart 0.69, frontend 0.38)  static:quiet(0.8x) 
08:30:30  max=0.69 (cart 0.69, frontend 0.38)  static:quiet(0.7x) 
08:31:00  max=0.69 (cart 0.69, frontend 0.39)  static:quiet(0.7x) 
08:31:30  max=0.69 (cart 0.69, frontend 0.39)  static:quiet(0.7x) 
08:32:00  max=0.69 (cart 0.69, frontend 0.39)  static:quiet(0.7x) 
08:32:30  max=0.69 (cart 0.69, frontend 0.38)  static:quiet(0.7x) 
08:33:00  max=0.69 (cart 0.69, frontend 0.38)  static:quiet(0.7x) 
08:33:30  max=0.69 (cart 0.69, frontend 0.38)  static:quiet(0.8x) 
08:34:00  max=0.69 (cart 0.69, frontend 0.38)  static:quiet(0.7x) 
08:34:30  max=0.69 (cart 0.69, frontend 0.38)  static:quiet(0.7x) 
08:35:00  max=0.69 (cart 0.69, frontend 0.38)  static:quiet(0.7x) 
08:35:30  max=0.69 (cart 0.69, frontend 0.38)  static:quiet(0.8x) 
08:36:00  max=0.69 (cart 0.69, frontend 0.38)  static:quiet(0.8x) 
08:36:30  max=0.69 (cart 0.69, frontend 0.38)  static:quiet(0.8x) 
08:37:00  max=0.69 (cart 0.69, frontend 0.38)  static:quiet(0.8x) 
08:37:30  max=0.69 (cart 0.69, frontend 0.38)  static:quiet(0.8x) 
08:38:00  max=0.69 (cart 0.69, frontend 0.39)  static:quiet(0.8x) 
08:38:30  max=0.69 (cart 0.69, frontend 0.39)  static:quiet(0.8x) 
08:39:00  max=0.69 (cart 0.69, frontend 0.40)  static:quiet(0.8x) 
08:39:30  max=0.69 (cart 0.69, frontend 0.40)  static:quiet(0.8x) 
08:40:00  max=0.69 (cart 0.69, frontend 0.40)  static:quiet(0.8x) 
08:40:30  max=0.69 (cart 0.69, frontend 0.40)  static:quiet(0.8x) 
08:41:00  max=0.69 (cart 0.69, frontend 0.40)  static:quiet(0.8x) 
08:41:30  max=0.69 (cart 0.69, frontend 0.40)  static:quiet(0.8x) 
08:42:00  max=0.69 (cart 0.69, frontend 0.39)  static:quiet(0.8x) 
08:42:30  max=0.69 (cart 0.69, frontend 0.39)  static:quiet(0.8x) 
08:43:00  max=0.69 (cart 0.69, frontend 0.40)  static:quiet(0.8x) 
08:43:30  max=0.69 (cart 0.69, frontend 0.40)  static:quiet(0.8x) 
08:44:00  max=0.69 (cart 0.69, frontend 0.40)  static:quiet(0.7x) 
08:44:30  max=0.69 (cart 0.69, frontend 0.40)  static:quiet(0.8x) 
08:45:00  max=0.69 (cart 0.69, frontend 0.40)  static:quiet(0.8x) 
08:45:30  max=0.69 (cart 0.69, frontend 0.40)  static:quiet(0.8x) 
08:46:00  max=0.69 (cart 0.69, frontend 0.40)  static:quiet(0.8x) 
08:46:30  max=0.69 (cart 0.69, frontend 0.40)  static:quiet(0.8x) 
08:47:00  max=0.69 (cart 0.69, frontend 0.39)  static:quiet(0.7x) 
08:47:30  max=0.69 (cart 0.69, frontend 0.39)  static:quiet(0.8x) 
08:48:00  max=0.69 (cart 0.69, frontend 0.39)  static:quiet(0.8x) 
08:48:30  max=0.69 (cart 0.69, frontend 0.39)  static:quiet(0.9x) 
08:49:00  max=0.69 (cart 0.69, frontend 0.39)  static:quiet(1.0x) 
08:49:30  max=0.69 (cart 0.69, frontend 0.39)  static:quiet(0.9x) 
08:50:00  max=0.69 (cart 0.69, frontend 0.39)  static:quiet(0.8x) 
08:50:30  max=0.69 (cart 0.69, frontend 0.39)  static:quiet(0.8x) 
08:51:00  max=0.69 (cart 0.69, frontend 0.39)  static:quiet(0.8x) 
08:51:30  max=0.69 (cart 0.69, frontend 0.39)  static:quiet(0.8x) 
08:52:00  max=0.69 (cart 0.69, frontend 0.39)  static:quiet(0.8x) 
08:52:30  max=0.69 (cart 0.69, frontend 0.39)  static:quiet(0.8x) 
08:53:00  max=0.69 (cart 0.69, frontend 0.40)  static:quiet(0.8x) 
08:53:30  max=0.70 (cart 0.70, frontend 0.40)  static:quiet(0.8x) 
08:54:00  max=0.70 (cart 0.70, frontend 0.40)  static:quiet(0.8x) 
08:54:30  max=0.70 (cart 0.70, frontend 0.40)  static:quiet(0.8x) 
08:55:00  max=0.70 (cart 0.70, frontend 0.40)  static:quiet(0.8x) 
08:55:30  max=0.70 (cart 0.70, frontend 0.40)  static:quiet(0.8x) 
08:56:00  max=0.69 (cart 0.69, frontend 0.40)  static:quiet(0.8x) 
08:56:30  max=0.69 (cart 0.69, frontend 0.40)  static:quiet(0.8x) 
08:57:00  max=0.69 (cart 0.69, frontend 0.40)  static:quiet(0.8x) 
08:57:30  max=0.69 (cart 0.69, frontend 0.40)  static:quiet(0.8x) 
08:58:00  max=0.69 (cart 0.69, frontend 0.40)  static:quiet(0.8x) 
08:58:30  max=0.69 (cart 0.69, frontend 0.39)  static:quiet(0.8x) 
08:59:00  max=0.69 (cart 0.69, frontend 0.39)  static:quiet(0.8x) 
08:59:30  max=0.69 (cart 0.69, frontend 0.39)  static:quiet(0.8x) 
09:00:00  max=0.69 (cart 0.69, frontend 0.40)  static:quiet(1.4x) 
09:00:30  max=0.69 (cart 0.69, frontend 0.40)  static:quiet(1.4x) 
09:01:00  max=0.69 (cart 0.69, frontend 0.40)  static:quiet(1.4x) 
09:01:30  max=0.69 (cart 0.69, frontend 0.40)  static:quiet(0.8x) 
09:02:00  max=0.69 (cart 0.69, frontend 0.40)  static:quiet(0.8x) 
09:02:30  max=0.69 (cart 0.69, frontend 0.40)  static:quiet(0.8x) 
09:03:00  max=0.69 (cart 0.69, frontend 0.40)  static:quiet(0.8x) 
09:03:30  max=0.69 (cart 0.69, frontend 0.40)  static:quiet(0.8x) 
09:04:00  max=0.69 (cart 0.69, frontend 0.41)  static:quiet(0.8x) 
09:04:30  max=0.69 (cart 0.69, frontend 0.41)  static:quiet(0.8x) 
09:05:00  max=0.69 (cart 0.69, frontend 0.41)  static:quiet(0.8x) 
09:05:30  max=0.69 (cart 0.69, frontend 0.41)  static:quiet(0.8x) 
09:06:00  max=0.69 (cart 0.69, frontend 0.41)  static:quiet(0.8x) 
09:06:30  max=0.69 (cart 0.69, frontend 0.40)  static:quiet(0.8x) 
09:07:00  max=0.69 (cart 0.69, frontend 0.40)  static:quiet(0.8x) 
09:07:30  max=0.69 (cart 0.69, frontend 0.40)  static:quiet(0.8x) 
09:08:00  max=0.69 (cart 0.69, frontend 0.40)  static:quiet(0.8x) 
09:08:30  max=0.69 (cart 0.69, frontend 0.40)  static:quiet(0.8x) 
09:09:00  max=0.69 (cart 0.69, frontend 0.40)  static:quiet(0.8x) 
09:09:30  max=0.69 (cart 0.69, frontend 0.40)  static:quiet(0.7x) 
09:10:00  max=0.69 (cart 0.69, frontend 0.39)  static:quiet(0.7x) 
09:10:30  max=0.69 (cart 0.69, frontend 0.39)  static:quiet(0.7x) 
09:11:00  max=0.69 (cart 0.69, frontend 0.39)  static:quiet(0.8x) 
09:11:30  max=0.69 (cart 0.69, frontend 0.39)  static:quiet(0.8x) 
09:12:00  max=0.69 (cart 0.69, frontend 0.39)  static:quiet(0.8x) 
09:12:30  max=0.69 (cart 0.69, frontend 0.39)  static:quiet(0.8x) 
09:13:00  max=0.69 (cart 0.69, frontend 0.38)  static:quiet(0.8x) 
09:13:30  max=0.69 (cart 0.69, frontend 0.38)  static:quiet(0.8x) 
09:14:00  max=0.69 (cart 0.69, frontend 0.38)  static:quiet(0.8x) 
09:14:30  max=0.69 (cart 0.69, frontend 0.38)  static:quiet(0.8x) 
09:15:00  max=0.69 (cart 0.69, frontend 0.38)  static:quiet(0.8x) 
09:15:30  max=0.69 (cart 0.69, frontend 0.38)  static:quiet(0.8x) 
09:16:00  max=0.69 (cart 0.69, frontend 0.39)  static:quiet(0.8x) 
09:16:30  max=0.69 (cart 0.69, frontend 0.39)  static:quiet(0.8x) 
09:17:00  max=0.69 (cart 0.69, frontend 0.40)  static:quiet(0.8x) 
09:17:30  max=0.69 (cart 0.69, frontend 0.40)  static:quiet(0.8x) 
09:18:00  max=0.69 (cart 0.69, frontend 0.40)  static:quiet(0.8x) 
09:18:30  max=0.69 (cart 0.69, frontend 0.40)  static:quiet(0.8x) 
09:19:00  max=0.70 (cart 0.70, frontend 0.41)  static:quiet(0.8x) 
09:19:30  max=0.70 (cart 0.70, frontend 0.41)  static:quiet(0.8x) 
09:20:00  max=0.70 (cart 0.70, frontend 0.41)  static:quiet(0.8x) 
09:20:30  max=0.70 (cart 0.70, frontend 0.41)  static:quiet(0.8x) 
09:21:00  max=0.69 (cart 0.69, frontend 0.41)  static:quiet(0.8x) 
09:21:30  max=0.69 (cart 0.69, frontend 0.41)  static:quiet(0.8x) 
09:22:00  max=0.69 (cart 0.69, frontend 0.41)  static:quiet(0.8x) 
09:22:30  max=0.69 (cart 0.69, frontend 0.41)  static:quiet(0.8x) 
09:23:00  max=0.69 (cart 0.69, frontend 0.41)  static:quiet(0.8x) 
09:23:30  max=0.69 (cart 0.69, frontend 0.41)  static:quiet(0.8x) 
09:24:00  max=0.69 (cart 0.69, frontend 0.41)  static:quiet(0.8x) 
09:24:30  max=0.69 (cart 0.69, frontend 0.40)  static:quiet(0.7x) 
09:25:00  max=0.69 (cart 0.69, frontend 0.40)  static:quiet(0.7x) 
09:25:30  max=0.69 (cart 0.69, frontend 0.40)  static:quiet(0.8x) 
09:26:00  max=0.69 (cart 0.69, frontend 0.39)  static:quiet(0.8x) 
09:26:30  max=0.69 (cart 0.69, frontend 0.39)  static:quiet(0.8x) 
09:27:00  max=0.69 (cart 0.69, frontend 0.39)  static:quiet(0.8x) 
09:27:30  max=0.69 (cart 0.69, frontend 0.39)  static:quiet(0.8x) 
09:28:00  max=0.69 (cart 0.69, frontend 0.39)  static:quiet(0.8x) 
09:28:30  max=0.69 (cart 0.69, frontend 0.38)  static:quiet(0.8x) 
09:29:00  max=0.69 (cart 0.69, frontend 0.38)  static:quiet(0.7x) 
09:29:30  max=0.69 (cart 0.69, frontend 0.38)  static:quiet(0.7x) 
09:30:00  max=0.69 (cart 0.69, frontend 0.38)  static:quiet(0.7x) 
09:30:30  max=0.69 (cart 0.69, frontend 0.38)  static:quiet(0.7x) 
09:31:00  max=0.69 (cart 0.69, frontend 0.38)  static:quiet(0.7x) 
09:31:30  max=0.69 (cart 0.69, frontend 0.37)  static:quiet(0.7x) 
09:32:00  max=0.69 (cart 0.69, frontend 0.38)  static:quiet(0.7x) 
09:32:30  max=0.69 (cart 0.69, frontend 0.38)  static:quiet(0.8x) 
09:33:00  max=0.69 (cart 0.69, frontend 0.38)  static:quiet(0.8x) 
09:33:30  max=0.69 (cart 0.69, frontend 0.37)  static:quiet(0.7x) 
09:34:00  max=0.69 (cart 0.69, frontend 0.37)  static:quiet(0.8x) 
09:34:30  max=0.69 (cart 0.69, frontend 0.37)  static:quiet(0.7x) 
09:35:00  max=0.69 (cart 0.69, frontend 0.37)  static:quiet(0.7x) 
09:35:30  max=0.69 (cart 0.69, frontend 0.37)  static:quiet(0.7x) 
09:36:00  max=0.69 (cart 0.69, frontend 0.38)  static:quiet(0.7x) 
09:36:30  max=0.69 (cart 0.69, frontend 0.38)  static:quiet(0.7x) 
09:37:00  max=0.69 (cart 0.69, frontend 0.38)  static:quiet(0.8x) 
09:37:30  max=0.69 (cart 0.69, frontend 0.38)  static:quiet(0.8x) 
09:38:00  max=0.69 (cart 0.69, frontend 0.38)  static:quiet(0.8x) 
09:38:30  max=0.69 (cart 0.69, frontend 0.37)  static:quiet(0.8x) 
09:39:00  max=0.69 (cart 0.69, frontend 0.37)  static:quiet(0.7x) 
09:39:30  max=0.69 (cart 0.69, frontend 0.37)  static:quiet(0.8x) 
09:40:00  max=0.69 (cart 0.69, frontend 0.37)  static:quiet(0.7x) 
09:40:30  max=0.69 (cart 0.69, frontend 0.37)  static:quiet(0.9x) 
09:41:00  max=0.69 (cart 0.69, frontend 0.37)  static:quiet(0.8x) 
09:41:30  max=0.69 (cart 0.69, frontend 0.37)  static:quiet(0.9x) 
09:42:00  max=0.69 (cart 0.69, frontend 0.37)  static:quiet(0.8x) 
09:42:30  max=0.69 (cart 0.69, frontend 0.38)  static:quiet(0.7x) 
09:43:00  max=0.69 (cart 0.69, frontend 0.38)  static:quiet(0.7x) 
09:43:30  max=0.69 (cart 0.69, frontend 0.38)  static:quiet(0.7x) 
09:44:00  max=0.69 (cart 0.69, frontend 0.38)  static:quiet(0.7x) 
09:44:30  max=0.69 (cart 0.69, frontend 0.38)  static:quiet(0.7x) 
09:45:00  max=0.69 (cart 0.69, frontend 0.38)  static:quiet(0.8x) 
09:45:30  max=0.69 (cart 0.69, frontend 0.38)  static:quiet(0.7x) 
09:46:00  max=0.69 (cart 0.69, frontend 0.38)  static:quiet(0.7x) 
09:46:30  max=0.69 (cart 0.69, frontend 0.38)  static:quiet(0.7x) 
09:47:00  max=0.69 (cart 0.69, frontend 0.37)  static:quiet(0.7x) 
09:47:30  max=0.69 (cart 0.69, frontend 0.37)  static:quiet(0.7x) 
09:48:00  max=0.69 (cart 0.69, frontend 0.37)  static:quiet(0.7x) 
09:48:30  max=0.69 (cart 0.69, frontend 0.37)  static:quiet(0.8x) 
09:49:00  max=0.69 (cart 0.69, frontend 0.37)  static:quiet(0.7x) 
09:49:30  max=0.69 (cart 0.69, frontend 0.37)  static:quiet(0.8x) 
09:50:00  max=0.69 (cart 0.69, frontend 0.37)  static:quiet(0.7x) 
09:50:30  max=0.69 (cart 0.69, frontend 0.37)  static:quiet(0.8x) 
09:51:00  max=0.69 (cart 0.69, frontend 0.37)  static:quiet(0.7x) 
09:51:30  max=0.69 (cart 0.69, frontend 0.37)  static:quiet(0.7x) 
09:52:00  max=0.69 (cart 0.69, frontend 0.37)  static:quiet(0.7x) 
09:52:30  max=0.69 (cart 0.69, frontend 0.37)  static:quiet(0.7x) 
09:53:00  max=0.69 (cart 0.69, frontend 0.37)  static:quiet(0.8x) 
09:53:30  max=0.69 (cart 0.69, frontend 0.37)  static:quiet(0.8x) 
09:54:00  max=0.69 (cart 0.69, frontend 0.37)  static:quiet(0.7x) 
09:54:30  max=0.69 (cart 0.69, frontend 0.38)  static:quiet(0.8x) 
09:55:00  max=0.69 (cart 0.69, frontend 0.38)  static:quiet(0.8x) 
09:55:30  max=0.69 (cart 0.69, frontend 0.38)  static:quiet(0.7x) 
09:56:00  max=0.69 (cart 0.69, frontend 0.38)  static:quiet(0.7x) 
09:56:30  max=0.69 (cart 0.69, frontend 0.38)  static:quiet(0.7x) 
09:57:00  max=0.69 (cart 0.69, frontend 0.37)  static:quiet(0.7x) 
09:57:30  max=0.69 (cart 0.69, frontend 0.37)  static:quiet(0.7x) 
09:58:00  max=0.69 (cart 0.69, frontend 0.37)  static:quiet(0.7x) 
09:58:30  max=0.69 (cart 0.69, frontend 0.37)  static:quiet(0.7x) 
09:59:00  max=0.69 (cart 0.69, frontend 0.37)  static:quiet(0.7x) 
09:59:30  max=0.69 (cart 0.69, frontend 0.37)  static:quiet(0.7x) 
10:00:00  max=0.69 (cart 0.69, frontend 0.37)  static:quiet(0.8x) 
10:00:30  max=0.69 (cart 0.69, frontend 0.37)  static:quiet(0.8x) 
10:01:00  max=0.68 (cart 0.68, frontend 0.37)  static:quiet(0.8x) 
10:01:30  max=0.68 (cart 0.68, frontend 0.37)  static:quiet(0.8x) 
10:02:00  max=0.69 (cart 0.69, frontend 0.37)  static:quiet(0.8x) 
10:02:30  max=0.69 (cart 0.69, frontend 0.37)  static:quiet(0.8x) 
10:03:00  max=0.69 (cart 0.69, frontend 0.37)  static:quiet(0.8x) 
10:03:30  max=0.69 (cart 0.69, frontend 0.38)  static:quiet(0.8x) 
10:04:00  max=0.69 (cart 0.69, frontend 0.38)  static:quiet(0.7x) 
10:04:30  max=0.69 (cart 0.69, frontend 0.38)  static:quiet(0.8x) 
10:05:00  max=0.69 (cart 0.69, frontend 0.38)  static:quiet(0.8x) 
10:05:30  max=0.69 (cart 0.69, frontend 0.38)  static:quiet(1.0x) 
10:06:00  max=0.69 (cart 0.69, frontend 0.39)  static:quiet(1.0x) 
10:06:30  max=0.69 (cart 0.69, frontend 0.39)  static:quiet(1.0x) 
10:07:00  max=0.69 (cart 0.69, frontend 0.39)  static:quiet(1.0x) 
10:07:30  max=0.69 (cart 0.69, frontend 0.39)  static:quiet(0.7x) 
10:08:00  max=0.69 (cart 0.69, frontend 0.39)  static:quiet(0.7x) 
10:08:30  max=0.69 (cart 0.69, frontend 0.39)  static:quiet(0.8x) 
10:09:00  max=0.69 (cart 0.69, frontend 0.39)  static:quiet(0.8x) 
10:09:30  max=0.69 (cart 0.69, frontend 0.39)  static:quiet(0.8x) 
10:10:00  max=0.69 (cart 0.69, frontend 0.39)  static:quiet(0.7x) 
10:10:30  max=0.69 (cart 0.69, frontend 0.39)  static:quiet(0.7x) 
10:11:00  max=0.69 (cart 0.69, frontend 0.39)  static:quiet(0.7x) 
10:11:30  max=0.69 (cart 0.69, frontend 0.39)  static:quiet(0.7x) 
10:12:00  max=0.69 (cart 0.69, frontend 0.38)  static:quiet(0.8x) 
10:12:30  max=0.69 (cart 0.69, frontend 0.38)  static:quiet(0.8x) 
10:13:00  max=0.69 (cart 0.69, frontend 0.37)  static:quiet(0.8x) 
10:13:30  max=0.69 (cart 0.69, frontend 0.38)  static:quiet(0.8x) 
10:14:00  max=0.69 (cart 0.69, frontend 0.38)  static:quiet(0.8x) 
10:14:30  max=0.69 (cart 0.69, frontend 0.38)  static:quiet(0.8x) 
10:15:00  max=0.69 (cart 0.69, frontend 0.38)  static:quiet(0.8x) 
10:15:30  max=0.69 (cart 0.69, frontend 0.38)  static:quiet(0.8x) 
10:16:00  max=0.69 (cart 0.69, frontend 0.39)  static:quiet(0.8x) 
10:16:30  max=0.69 (cart 0.69, frontend 0.39)  static:quiet(0.7x) 
10:17:00  max=0.69 (cart 0.69, frontend 0.39)  static:quiet(0.7x) 
10:17:30  max=0.69 (cart 0.69, frontend 0.39)  static:quiet(0.7x) 
10:18:00  max=0.69 (cart 0.69, frontend 0.39)  static:quiet(0.8x) 
10:18:30  max=0.69 (cart 0.69, frontend 0.39)  static:quiet(0.8x) 
10:19:00  max=0.69 (cart 0.69, frontend 0.39)  static:quiet(0.9x) 
10:19:30  max=0.69 (cart 0.69, frontend 0.39)  static:quiet(0.8x) 
10:20:00  max=0.69 (cart 0.69, frontend 0.39)  static:quiet(0.8x) 
10:20:30  max=0.69 (cart 0.69, frontend 0.39)  static:quiet(0.8x) 
10:21:00  max=0.69 (cart 0.69, frontend 0.39)  static:quiet(0.8x) 
10:21:30  max=0.69 (cart 0.69, frontend 0.39)  static:quiet(0.8x) 
10:22:00  max=0.69 (cart 0.69, frontend 0.39)  static:quiet(0.8x) 
10:22:30  max=0.69 (cart 0.69, frontend 0.39)  static:quiet(0.7x) 
10:23:00  max=0.69 (cart 0.69, frontend 0.39)  static:quiet(0.8x) 
10:23:30  max=0.69 (cart 0.69, frontend 0.39)  static:quiet(0.7x) 
10:24:00  max=0.69 (cart 0.69, frontend 0.39)  static:quiet(0.8x) 
10:24:30  max=0.69 (cart 0.69, frontend 0.39)  static:quiet(0.8x) 
10:25:00  max=0.69 (cart 0.69, frontend 0.39)  static:quiet(0.8x) 
10:25:30  max=0.68 (cart 0.68, frontend 0.39)  static:quiet(0.7x) 
10:26:00  max=0.68 (cart 0.68, frontend 0.39)  static:quiet(0.7x) 
10:26:30  max=0.68 (cart 0.68, frontend 0.39)  static:quiet(0.7x) 
10:27:00  max=0.68 (cart 0.68, frontend 0.38)  static:quiet(0.8x) 
10:27:30  max=0.68 (cart 0.68, frontend 0.38)  static:quiet(0.7x) 
10:28:00  max=0.68 (cart 0.68, frontend 0.38)  static:quiet(0.7x) 
10:28:30  max=0.69 (cart 0.69, frontend 0.38)  static:quiet(0.8x) 
10:29:00  max=0.69 (cart 0.69, frontend 0.38)  static:quiet(0.9x) 
10:29:30  max=0.69 (cart 0.69, frontend 0.38)  static:quiet(0.9x) 
10:30:00  max=0.69 (cart 0.69, frontend 0.38)  static:quiet(0.9x) 
10:30:30  max=0.69 (cart 0.69, frontend 0.38)  static:quiet(0.8x) 
10:31:00  max=0.69 (cart 0.69, frontend 0.38)  static:quiet(0.8x) 
10:31:30  max=0.69 (cart 0.69, frontend 0.38)  static:quiet(0.8x) 
10:32:00  max=0.69 (cart 0.69, frontend 0.38)  static:quiet(0.8x) 
10:32:30  max=0.69 (cart 0.69, frontend 0.38)  static:quiet(0.8x) 
10:33:00  max=0.69 (cart 0.69, frontend 0.38)  static:quiet(0.8x) 
10:33:30  max=0.69 (cart 0.69, frontend 0.38)  static:quiet(0.8x) 
10:34:00  max=0.69 (cart 0.69, frontend 0.38)  static:quiet(0.8x) 
10:34:30  max=0.69 (cart 0.69, frontend 0.38)  static:quiet(0.8x) 
10:35:00  max=0.69 (cart 0.69, frontend 0.38)  static:quiet(0.8x) 
10:35:30  max=0.69 (cart 0.69, frontend 0.38)  static:quiet(0.8x) 
10:36:00  max=0.68 (cart 0.68, frontend 0.37)  static:quiet(0.7x) 
10:36:30  max=0.68 (cart 0.68, frontend 0.37)  static:quiet(0.7x) 
10:37:00  max=0.68 (cart 0.68, frontend 0.37)  static:quiet(0.7x) 
10:37:30  max=0.68 (cart 0.68, frontend 0.37)  static:quiet(0.7x) 
10:38:00  max=0.68 (cart 0.68, frontend 0.37)  static:quiet(0.7x) 
10:38:30  max=0.68 (cart 0.68, frontend 0.37)  static:quiet(0.8x) 
10:39:00  max=0.68 (cart 0.68, frontend 0.37)  static:quiet(0.8x) 
10:39:30  max=0.68 (cart 0.68, frontend 0.37)  static:quiet(0.8x) 
10:40:00  max=0.68 (cart 0.68, frontend 0.37)  static:quiet(0.7x) 
10:40:30  max=0.68 (cart 0.68, frontend 0.36)  static:quiet(0.8x) 
10:41:00  max=0.68 (cart 0.68, frontend 0.37)  static:quiet(0.8x) 
10:41:30  max=0.68 (cart 0.68, frontend 0.37)  static:quiet(0.8x) 
10:42:00  max=0.68 (cart 0.68, frontend 0.37)  static:quiet(0.8x) 
10:42:30  max=0.68 (cart 0.68, frontend 0.37)  static:quiet(0.8x) 
10:43:00  max=0.68 (cart 0.68, frontend 0.37)  static:quiet(0.8x) 
10:43:30  max=0.68 (cart 0.68, frontend 0.37)  static:quiet(0.7x) 
10:44:00  max=0.68 (cart 0.68, frontend 0.38)  static:quiet(0.7x) 
10:44:30  max=0.68 (cart 0.68, frontend 0.38)  static:quiet(0.7x) 
10:45:00  max=0.68 (cart 0.68, frontend 0.37)  static:quiet(0.7x) 
10:45:30  max=0.68 (cart 0.68, frontend 0.38)  static:quiet(0.7x) 
10:46:00  max=0.68 (cart 0.68, frontend 0.38)  static:quiet(0.7x) 
10:46:30  max=0.68 (cart 0.68, frontend 0.38)  static:quiet(0.7x) 
10:47:00  max=0.68 (cart 0.68, frontend 0.37)  static:quiet(0.7x) 
10:47:30  max=0.68 (cart 0.68, frontend 0.37)  static:quiet(0.7x) 
10:48:00  max=0.68 (cart 0.68, frontend 0.36)  static:quiet(0.7x) 
10:48:30  max=0.68 (cart 0.68, frontend 0.36)  static:quiet(0.7x) 
10:49:00  max=0.68 (cart 0.68, frontend 0.35)  static:quiet(0.7x) 
10:49:30  max=0.68 (cart 0.68, frontend 0.35)  static:quiet(0.7x) 
10:50:00  max=0.68 (cart 0.68, frontend 0.35)  static:quiet(0.7x) 
10:50:30  max=0.68 (cart 0.68, frontend 0.35)  static:quiet(0.8x) 
10:51:00  max=0.68 (cart 0.68, frontend 0.35)  static:quiet(0.8x) 
10:51:30  max=0.68 (cart 0.68, frontend 0.35)  static:quiet(0.8x) 
10:52:00  max=0.68 (cart 0.68, frontend 0.35)  static:quiet(0.8x) 
10:52:30  max=0.68 (cart 0.68, frontend 0.35)  static:quiet(0.8x) 
10:53:00  max=0.68 (cart 0.68, frontend 0.35)  static:quiet(0.8x) 
10:53:30  max=0.68 (cart 0.68, frontend 0.36)  static:quiet(0.7x) 
10:54:00  max=0.68 (cart 0.68, frontend 0.36)  static:quiet(0.7x) 
10:54:30  max=0.68 (cart 0.68, frontend 0.36)  static:quiet(0.7x) 
10:55:00  max=0.68 (cart 0.68, frontend 0.37)  static:quiet(0.8x) 
10:55:30  max=0.68 (cart 0.68, frontend 0.37)  static:quiet(0.8x) 
10:56:00  max=0.68 (cart 0.68, frontend 0.38)  static:quiet(0.8x) 
10:56:30  max=0.68 (cart 0.68, frontend 0.37)  static:quiet(0.8x) 
10:57:00  max=0.68 (cart 0.68, frontend 0.37)  static:quiet(0.9x) 
10:57:30  max=0.68 (cart 0.68, frontend 0.38)  static:quiet(1.0x) 
10:58:00  max=0.68 (cart 0.68, frontend 0.38)  static:quiet(1.0x) 
10:58:30  max=0.68 (cart 0.68, frontend 0.38)  static:quiet(1.0x) 
10:59:00  max=0.68 (cart 0.68, frontend 0.38)  static:quiet(0.7x) 
10:59:30  max=0.68 (cart 0.68, frontend 0.38)  static:quiet(0.8x) 
11:00:00  max=0.69 (cart 0.69, frontend 0.39)  static:quiet(0.8x) 
11:00:30  max=0.69 (cart 0.69, frontend 0.40)  static:quiet(0.9x) 
11:01:00  max=0.69 (cart 0.69, frontend 0.40)  static:quiet(0.8x) 
11:01:30  max=0.69 (cart 0.69, frontend 0.40)  static:quiet(0.8x) 
11:02:00  max=0.69 (cart 0.69, frontend 0.41)  static:quiet(0.8x) 
11:02:30  max=0.69 (cart 0.69, frontend 0.41)  static:quiet(0.8x) 
11:03:00  max=0.69 (cart 0.69, frontend 0.41)  static:quiet(0.8x) 
11:03:30  max=0.69 (cart 0.69, frontend 0.41)  static:quiet(0.8x) 
11:04:00  max=0.69 (cart 0.69, frontend 0.40)  static:quiet(0.8x) 
11:04:30  max=0.69 (cart 0.69, frontend 0.40)  static:quiet(0.8x) 
11:05:00  max=0.69 (cart 0.69, frontend 0.40)  static:quiet(0.8x) 
11:05:30  max=0.69 (cart 0.69, frontend 0.40)  static:quiet(0.9x) 
11:06:00  max=0.68 (cart 0.68, frontend 0.40)  static:quiet(0.8x) 
11:06:30  max=0.68 (cart 0.68, frontend 0.39)  static:quiet(0.8x) 
11:07:00  max=0.68 (cart 0.68, frontend 0.40)  static:quiet(0.9x) 
11:07:30  max=0.68 (cart 0.68, frontend 0.40)  static:quiet(0.9x) 
11:08:00  max=0.69 (cart 0.69, frontend 0.40)  static:quiet(0.9x) 
11:08:30  max=0.69 (cart 0.69, frontend 0.41)  static:quiet(0.8x) 
11:09:00  max=0.69 (cart 0.69, frontend 0.41)  static:quiet(0.9x) 
11:09:30  max=0.69 (cart 0.69, frontend 0.42)  static:quiet(0.8x) 
11:10:00  max=0.69 (cart 0.69, frontend 0.42)  static:quiet(0.8x) 
11:10:30  max=0.69 (cart 0.69, frontend 0.42)  static:quiet(0.8x) 
11:11:00  max=0.69 (cart 0.69, frontend 0.42)  static:quiet(0.8x) 
11:11:30  max=0.69 (cart 0.69, frontend 0.42)  static:quiet(0.9x) 
11:12:00  max=0.69 (cart 0.69, frontend 0.42)  static:quiet(0.8x) 
11:12:30  max=0.69 (cart 0.69, frontend 0.42)  static:quiet(0.8x) 
11:13:00  max=0.69 (cart 0.69, frontend 0.42)  static:quiet(0.8x) 
11:13:30  max=0.69 (cart 0.69, frontend 0.42)  static:quiet(0.8x) 
11:14:00  max=0.69 (cart 0.69, frontend 0.42)  static:quiet(0.8x) 
11:14:30  max=0.69 (cart 0.69, frontend 0.41)  static:quiet(0.9x) 
11:15:00  max=0.69 (cart 0.69, frontend 0.41)  static:quiet(0.9x) 
11:15:30  max=0.69 (cart 0.69, frontend 0.41)  static:quiet(0.9x) 
11:16:00  max=0.69 (cart 0.69, frontend 0.41)  static:quiet(0.9x) 
11:16:30  max=0.69 (cart 0.69, frontend 0.41)  static:quiet(0.8x) 
11:17:00  max=0.69 (cart 0.69, frontend 0.40)  static:quiet(0.8x) 
11:17:30  max=0.69 (cart 0.69, frontend 0.40)  static:quiet(0.9x) 
11:18:00  max=0.69 (cart 0.69, frontend 0.40)  static:quiet(0.9x) 
11:18:30  max=0.69 (cart 0.69, frontend 0.40)  static:quiet(0.9x) 
11:19:00  max=0.69 (cart 0.69, frontend 0.40)  static:quiet(0.8x) 
11:19:30  max=0.69 (cart 0.69, frontend 0.41)  static:quiet(0.8x) 
11:20:00  max=0.69 (cart 0.69, frontend 0.41)  static:quiet(0.9x) 
11:20:30  max=0.69 (cart 0.69, frontend 0.41)  static:quiet(0.9x) 
11:21:00  max=0.69 (cart 0.69, frontend 0.41)  static:quiet(0.9x) 
11:21:30  max=0.69 (cart 0.69, frontend 0.41)  static:quiet(0.9x) 
11:22:00  max=0.69 (cart 0.69, frontend 0.40)  static:quiet(0.9x) 
11:22:30  max=0.69 (cart 0.69, frontend 0.41)  static:quiet(0.9x) 
11:23:00  max=0.69 (cart 0.69, frontend 0.41)  static:quiet(0.8x) 
11:23:30  max=0.69 (cart 0.69, frontend 0.41)  static:quiet(1.0x) 
11:24:00  max=0.69 (cart 0.69, frontend 0.41)  static:quiet(0.9x) 
11:24:30  max=0.69 (cart 0.69, frontend 0.41)  static:quiet(0.9x) 
11:25:00  max=0.69 (cart 0.69, frontend 0.41)  static:quiet(0.8x) 
11:25:30  max=0.69 (cart 0.69, frontend 0.42)  static:quiet(0.8x) 
11:26:00  max=0.69 (cart 0.69, frontend 0.41)  static:quiet(0.8x) 
11:26:30  max=0.69 (cart 0.69, frontend 0.41)  static:quiet(0.8x) 
11:27:00  max=0.69 (cart 0.69, frontend 0.41)  static:quiet(0.8x) 
11:27:30  max=0.69 (cart 0.69, frontend 0.42)  static:quiet(0.9x) 
11:28:00  max=0.69 (cart 0.69, frontend 0.42)  static:quiet(0.9x) 
11:28:30  max=0.69 (cart 0.69, frontend 0.42)  static:quiet(0.9x) 
11:29:00  max=0.69 (cart 0.69, frontend 0.42)  static:quiet(0.8x) 
11:29:30  max=0.69 (cart 0.69, frontend 0.42)  static:quiet(0.8x) 
11:30:00  max=0.69 (cart 0.69, frontend 0.41)  static:quiet(0.9x) 
11:30:30  max=0.69 (cart 0.69, frontend 0.41)  static:quiet(0.9x) 
11:31:00  max=0.69 (cart 0.69, frontend 0.41)  static:quiet(0.9x) 
11:31:30  max=0.69 (cart 0.69, frontend 0.40)  static:quiet(0.8x) 
11:32:00  max=0.69 (cart 0.69, frontend 0.41)  static:quiet(0.8x) 
11:32:30  max=0.69 (cart 0.69, frontend 0.41)  static:quiet(0.8x) 
11:33:00  max=0.69 (cart 0.69, frontend 0.41)  static:quiet(0.9x) 
11:33:30  max=0.69 (cart 0.69, frontend 0.41)  static:quiet(0.9x) 
11:34:00  max=0.69 (cart 0.69, frontend 0.41)  static:quiet(0.8x) 
11:34:30  max=0.69 (cart 0.69, frontend 0.41)  static:quiet(0.8x) 
11:35:00  max=0.69 (cart 0.69, frontend 0.41)  static:quiet(0.8x) 
11:35:30  max=0.69 (cart 0.69, frontend 0.41)  static:quiet(0.8x) 
11:36:00  max=0.69 (cart 0.69, frontend 0.41)  static:quiet(0.8x) 
11:36:30  max=0.69 (cart 0.69, frontend 0.40)  static:quiet(0.8x) 
11:37:00  max=0.69 (cart 0.69, frontend 0.40)  static:quiet(0.8x) 
11:37:30  max=0.69 (cart 0.69, frontend 0.40)  static:quiet(0.8x) 
11:38:00  max=0.69 (cart 0.69, frontend 0.41)  static:quiet(0.8x) 
11:38:30  max=0.69 (cart 0.69, frontend 0.41)  static:quiet(0.8x) 
11:39:00  max=0.69 (cart 0.69, frontend 0.41)  static:quiet(0.8x) 
11:39:30  max=0.69 (cart 0.69, frontend 0.40)  static:quiet(0.8x) 
11:40:00  max=0.69 (cart 0.69, frontend 0.40)  static:quiet(0.8x) 
11:40:30  max=0.69 (cart 0.69, frontend 0.39)  static:quiet(0.9x) 
11:41:00  max=0.69 (cart 0.69, frontend 0.39)  static:quiet(0.8x) 
11:41:30  max=0.69 (cart 0.69, frontend 0.39)  static:quiet(0.8x) 
11:42:00  max=0.69 (cart 0.69, frontend 0.39)  static:quiet(0.8x) 
11:42:30  max=0.69 (cart 0.69, frontend 0.39)  static:quiet(0.8x) 
11:43:00  max=0.69 (cart 0.69, frontend 0.39)  static:quiet(0.8x) 
11:43:30  max=0.69 (cart 0.69, frontend 0.39)  static:quiet(0.8x) 
11:44:00  max=0.69 (cart 0.69, frontend 0.39)  static:quiet(0.8x) 
11:44:30  max=0.69 (cart 0.69, frontend 0.40)  static:quiet(0.8x) 
11:45:00  max=0.69 (cart 0.69, frontend 0.40)  static:quiet(0.8x) 
11:45:30  max=0.69 (cart 0.69, frontend 0.40)  static:quiet(0.8x) 
11:46:00  max=0.69 (cart 0.69, frontend 0.40)  static:quiet(0.8x) 
11:46:30  max=0.69 (cart 0.69, frontend 0.40)  static:quiet(0.8x) 
11:47:00  max=0.69 (cart 0.69, frontend 0.40)  static:quiet(0.8x) 
11:47:30  max=0.69 (cart 0.69, frontend 0.39)  static:quiet(0.8x) 
11:48:00  max=0.69 (cart 0.69, frontend 0.39)  static:quiet(0.8x) 
11:48:30  max=0.69 (cart 0.69, frontend 0.39)  static:quiet(0.8x) 
11:49:00  max=0.69 (cart 0.69, frontend 0.38)  static:quiet(0.8x) 
11:49:30  max=0.69 (cart 0.69, frontend 0.38)  static:quiet(0.8x) 
11:50:00  max=0.69 (cart 0.69, frontend 0.38)  static:quiet(0.8x) 
11:50:30  max=0.69 (cart 0.69, frontend 0.38)  static:quiet(0.8x) 
11:51:00  max=0.69 (cart 0.69, frontend 0.38)  static:quiet(0.8x) 
11:51:30  max=0.68 (cart 0.68, frontend 0.38)  static:quiet(0.8x) 
11:52:00  max=0.68 (cart 0.68, frontend 0.38)  static:quiet(1.3x) 
11:52:30  max=0.68 (cart 0.68, frontend 0.38)  static:quiet(1.3x) 
11:53:00  max=0.68 (cart 0.68, frontend 0.39)  static:quiet(1.3x) 
11:53:30  max=0.68 (cart 0.68, frontend 0.39)  static:quiet(0.8x) 
11:54:00  max=0.68 (cart 0.68, frontend 0.39)  static:quiet(0.8x) 
11:54:30  max=0.69 (cart 0.69, frontend 0.39)  static:quiet(0.8x) 
11:55:00  max=0.69 (cart 0.69, frontend 0.39)  static:quiet(0.8x) 
11:55:30  max=0.69 (cart 0.69, frontend 0.39)  static:quiet(0.8x) 
11:56:00  max=0.69 (cart 0.69, frontend 0.39)  static:quiet(0.8x) 
11:56:30  max=0.69 (cart 0.69, frontend 0.39)  static:quiet(0.8x) 
11:57:00  max=0.69 (cart 0.69, frontend 0.39)  static:quiet(0.8x) 
11:57:30  max=0.69 (cart 0.69, frontend 0.39)  static:quiet(0.8x) 
11:58:00  max=0.69 (cart 0.69, frontend 0.39)  static:quiet(0.8x) 
11:58:30  max=0.69 (cart 0.69, frontend 0.39)  static:quiet(0.7x) 
11:59:00  max=0.69 (cart 0.69, frontend 0.38)  static:quiet(0.7x) 
11:59:30  max=0.69 (cart 0.69, frontend 0.38)  static:quiet(0.7x) 
12:00:00  max=0.69 (cart 0.69, frontend 0.38)  static:quiet(0.7x) 
12:00:30  max=0.69 (cart 0.69, frontend 0.38)  static:quiet(0.7x) 
12:01:00  max=0.68 (cart 0.68, frontend 0.38)  static:quiet(0.8x) 
12:01:30  max=0.68 (cart 0.68, frontend 0.37)  static:quiet(0.8x) 
12:02:00  max=0.68 (cart 0.68, frontend 0.37)  static:quiet(0.8x) 
12:02:30  max=0.68 (cart 0.68, frontend 0.37)  static:quiet(0.8x) 
12:03:00  max=0.68 (cart 0.68, frontend 0.36)  static:quiet(0.8x) 
12:03:30  max=0.68 (cart 0.68, frontend 0.36)  static:quiet(0.8x) 
12:04:00  max=0.68 (cart 0.68, frontend 0.36)  static:quiet(0.8x) 
12:04:30  max=0.68 (cart 0.68, frontend 0.37)  static:quiet(0.8x) 
12:05:00  max=0.69 (cart 0.69, frontend 0.37)  static:quiet(0.8x) 
12:05:30  max=0.69 (cart 0.69, frontend 0.37)  static:quiet(0.7x) 
12:06:00  max=0.69 (cart 0.69, frontend 0.38)  static:quiet(0.7x) 
12:06:30  max=0.69 (cart 0.69, frontend 0.38)  static:quiet(0.8x) 
12:07:00  max=0.69 (cart 0.69, frontend 0.38)  static:quiet(0.8x) 
12:07:30  max=0.69 (cart 0.69, frontend 0.38)  static:quiet(0.8x) 
12:08:00  max=0.69 (cart 0.69, frontend 0.38)  static:quiet(0.8x) 
12:08:30  max=0.68 (cart 0.68, frontend 0.38)  static:quiet(0.8x) 
12:09:00  max=0.68 (cart 0.68, frontend 0.38)  static:quiet(0.8x) 
12:09:30  max=0.68 (cart 0.68, frontend 0.37)  static:quiet(0.8x) 
12:10:00  max=0.68 (cart 0.68, frontend 0.37)  static:quiet(0.8x) 
12:10:30  max=0.68 (cart 0.68, frontend 0.37)  static:quiet(0.7x) 
12:11:00  max=0.68 (cart 0.68, frontend 0.37)  static:quiet(0.8x) 
12:11:30  max=0.68 (cart 0.68, frontend 0.37)  static:quiet(0.8x) 
12:12:00  max=0.68 (cart 0.68, frontend 0.37)  static:quiet(0.8x) 
12:12:30  max=0.68 (cart 0.68, frontend 0.37)  static:quiet(0.8x) 
12:13:00  max=0.68 (cart 0.68, frontend 0.37)  static:quiet(0.8x) 
12:13:30  max=0.68 (cart 0.68, frontend 0.37)  static:quiet(0.8x) 
12:14:00  max=0.68 (cart 0.68, frontend 0.38)  static:quiet(0.8x) 
12:14:30  max=0.68 (cart 0.68, frontend 0.38)  static:quiet(0.8x) 
12:15:00  max=0.68 (cart 0.68, frontend 0.38)  static:quiet(0.7x) 
12:15:30  max=0.68 (cart 0.68, frontend 0.38)  static:quiet(0.7x) 
12:16:00  max=0.68 (cart 0.68, frontend 0.39)  static:quiet(0.7x) 
12:16:30  max=0.68 (cart 0.68, frontend 0.39)  static:quiet(0.7x) 
12:17:00  max=0.69 (cart 0.69, frontend 0.39)  static:quiet(0.7x) 
12:17:30  max=0.69 (cart 0.69, frontend 0.38)  static:quiet(0.7x) 
12:18:00  max=0.68 (cart 0.68, frontend 0.38)  static:quiet(0.7x) 
12:18:30  max=0.68 (cart 0.68, frontend 0.37)  static:quiet(0.7x) 
12:19:00  max=0.68 (cart 0.68, frontend 0.37)  static:quiet(0.7x) 
12:19:30  max=0.68 (cart 0.68, frontend 0.36)  static:quiet(0.7x) 
12:20:00  max=0.68 (cart 0.68, frontend 0.36)  static:quiet(0.7x) 
12:20:30  max=0.68 (cart 0.68, frontend 0.35)  static:quiet(0.8x) 
12:21:00  max=0.68 (cart 0.68, frontend 0.35)  static:quiet(0.8x) 
12:21:30  max=0.68 (cart 0.68, frontend 0.35)  static:quiet(0.8x) 
12:22:00  max=0.68 (cart 0.68, frontend 0.35)  static:quiet(0.8x) 
12:22:30  max=0.68 (cart 0.68, frontend 0.36)  static:quiet(0.8x) 
12:23:00  max=0.68 (cart 0.68, frontend 0.36)  static:quiet(0.8x) 
12:23:30  max=0.68 (cart 0.68, frontend 0.36)  static:quiet(0.8x) 
12:24:00  max=0.68 (cart 0.68, frontend 0.36)  static:quiet(0.8x) 
12:24:30  max=0.68 (cart 0.68, frontend 0.36)  static:quiet(0.7x) 
12:25:00  max=0.68 (cart 0.68, frontend 0.36)  static:quiet(0.7x) 
12:25:30  max=0.69 (cart 0.69, frontend 0.37)  static:quiet(0.7x) 
12:26:00  max=0.69 (cart 0.69, frontend 0.37)  static:quiet(0.7x) 
12:26:30  max=0.69 (cart 0.69, frontend 0.37)  static:quiet(0.7x) 
12:27:00  max=0.68 (cart 0.68, frontend 0.37)  static:quiet(0.7x) 
12:27:30  max=0.68 (cart 0.68, frontend 0.37)  static:quiet(0.8x) 
12:28:00  max=0.68 (cart 0.68, frontend 0.37)  static:quiet(0.8x) 
12:28:30  max=0.68 (cart 0.68, frontend 0.36)  static:quiet(0.8x) 
12:29:00  max=0.68 (cart 0.68, frontend 0.36)  static:quiet(0.7x) 
12:29:30  max=0.68 (cart 0.68, frontend 0.36)  static:quiet(0.7x) 
12:30:00  max=0.68 (cart 0.68, frontend 0.36)  static:quiet(0.8x) 
12:30:30  max=0.68 (cart 0.68, frontend 0.36)  static:quiet(0.8x) 
12:31:00  max=0.68 (cart 0.68, frontend 0.36)  static:quiet(0.9x) 
12:31:30  max=0.68 (cart 0.68, frontend 0.36)  static:quiet(0.8x) 
12:32:00  max=0.68 (cart 0.68, frontend 0.36)  static:quiet(0.8x) 
12:32:30  max=0.68 (cart 0.68, frontend 0.36)  static:quiet(0.8x) 
12:33:00  max=0.68 (cart 0.68, frontend 0.36)  static:quiet(0.8x) 
12:33:30  max=0.68 (cart 0.68, frontend 0.36)  static:quiet(0.8x) 
12:34:00  max=0.68 (cart 0.68, frontend 0.36)  static:quiet(0.8x) 
12:34:30  max=0.68 (cart 0.68, frontend 0.36)  static:quiet(0.8x) 
12:35:00  max=0.69 (cart 0.69, frontend 0.36)  static:quiet(0.8x) 
12:35:30  max=0.69 (cart 0.69, frontend 0.37)  static:quiet(0.8x) 
12:36:00  max=0.68 (cart 0.68, frontend 0.37)  static:quiet(0.8x) 
12:36:30  max=0.68 (cart 0.68, frontend 0.37)  static:quiet(0.8x) 
12:37:00  max=0.68 (cart 0.68, frontend 0.37)  static:quiet(0.7x) 
12:37:30  max=0.68 (cart 0.68, frontend 0.36)  static:quiet(0.7x) 
12:38:00  max=0.68 (cart 0.68, frontend 0.36)  static:quiet(0.8x) 
12:38:30  max=0.68 (cart 0.68, frontend 0.36)  static:quiet(0.8x) 
12:39:00  max=0.68 (cart 0.68, frontend 0.36)  static:quiet(0.7x) 
12:39:30  max=0.68 (cart 0.68, frontend 0.37)  static:quiet(0.8x) 
12:40:00  max=0.68 (cart 0.68, frontend 0.37)  static:quiet(0.8x) 
12:40:30  max=0.68 (cart 0.68, frontend 0.37)  static:quiet(0.8x) 
12:41:00  max=0.68 (cart 0.68, frontend 0.37)  static:quiet(0.8x) 
12:41:30  max=0.68 (cart 0.68, frontend 0.37)  static:quiet(0.8x) 
12:42:00  max=0.68 (cart 0.68, frontend 0.36)  static:quiet(0.8x) 
12:42:30  max=0.68 (cart 0.68, frontend 0.36)  static:quiet(0.7x) 
12:43:00  max=0.68 (cart 0.68, frontend 0.37)  static:quiet(0.7x) 
12:43:30  max=0.68 (cart 0.68, frontend 0.37)  static:quiet(0.7x) 
12:44:00  max=0.68 (cart 0.68, frontend 0.37)  static:quiet(0.7x) 
12:44:30  max=0.68 (cart 0.68, frontend 0.36)  static:quiet(0.7x) 
12:45:00  max=0.68 (cart 0.68, frontend 0.36)  static:quiet(0.7x) 
12:45:30  max=0.68 (cart 0.68, frontend 0.36)  static:quiet(0.7x) 
12:46:00  max=0.68 (cart 0.68, frontend 0.36)  static:quiet(0.7x) 
12:46:30  max=0.68 (cart 0.68, frontend 0.36)  static:quiet(0.8x) 
12:47:00  max=0.68 (cart 0.68, frontend 0.36)  static:quiet(0.8x) 
12:47:30  max=0.68 (cart 0.68, frontend 0.36)  static:quiet(0.8x) 
12:48:00  max=0.68 (cart 0.68, frontend 0.36)  static:quiet(0.7x) 
12:48:30  max=0.68 (cart 0.68, frontend 0.36)  static:quiet(0.8x) 
12:49:00  max=0.68 (cart 0.68, frontend 0.36)  static:quiet(0.8x) 
12:49:30  max=0.68 (cart 0.68, frontend 0.36)  static:quiet(0.8x) 
12:50:00  max=0.68 (cart 0.68, frontend 0.36)  static:quiet(0.8x) 
12:50:30  max=0.68 (cart 0.68, frontend 0.36)  static:quiet(0.8x) 
12:51:00  max=0.68 (cart 0.68, frontend 0.36)  static:quiet(0.8x) 
12:51:30  max=0.68 (cart 0.68, frontend 0.36)  static:quiet(0.7x) 
12:52:00  max=0.68 (cart 0.68, frontend 0.36)  static:quiet(0.7x) 
12:52:30  max=0.68 (cart 0.68, frontend 0.36)  static:quiet(0.8x) 
12:53:00  max=0.68 (cart 0.68, frontend 0.36)  static:quiet(0.8x) 
12:53:30  max=0.68 (cart 0.68, frontend 0.37)  static:quiet(0.8x) 
12:54:00  max=0.68 (cart 0.68, frontend 0.37)  static:quiet(0.8x) 
12:54:30  max=0.68 (cart 0.68, frontend 0.37)  static:quiet(0.8x) 
12:55:00  max=0.68 (cart 0.68, frontend 0.37)  static:quiet(0.8x) 
12:55:30  max=0.68 (cart 0.68, frontend 0.37)  static:quiet(0.8x) 
12:56:00  max=0.68 (cart 0.68, frontend 0.38)  static:quiet(0.8x) 
12:56:30  max=0.68 (cart 0.68, frontend 0.38)  static:quiet(0.8x) 
12:57:00  max=0.68 (cart 0.68, frontend 0.38)  static:quiet(0.8x) 
12:57:30  max=0.69 (cart 0.69, frontend 0.38)  static:quiet(0.8x) 
12:58:00  max=0.69 (cart 0.69, frontend 0.38)  static:quiet(0.7x) 
12:58:30  max=0.69 (cart 0.69, frontend 0.38)  static:quiet(0.8x) 
12:59:00  max=0.69 (cart 0.69, frontend 0.39)  static:quiet(0.8x) 
12:59:30  max=0.69 (cart 0.69, frontend 0.39)  static:quiet(0.8x) 
13:00:00  max=0.69 (cart 0.69, frontend 0.39)  static:quiet(0.7x) 
13:00:30  max=0.69 (cart 0.69, frontend 0.39)  static:quiet(0.7x) 
13:01:00  max=0.69 (cart 0.69, frontend 0.38)  static:quiet(0.8x) 
13:01:30  max=0.69 (cart 0.69, frontend 0.38)  static:quiet(0.8x) 
13:02:00  max=0.69 (cart 0.69, frontend 0.38)  static:quiet(0.8x) 
13:02:30  max=0.69 (cart 0.69, frontend 0.37)  static:quiet(0.8x) 
13:03:00  max=0.69 (cart 0.69, frontend 0.37)  static:quiet(0.8x) 
13:03:30  max=0.69 (cart 0.69, frontend 0.37)  static:quiet(0.8x) 
13:04:00  max=0.69 (cart 0.69, frontend 0.38)  static:quiet(0.8x) 
13:04:30  max=0.69 (cart 0.69, frontend 0.38)  static:quiet(0.8x) 
13:05:00  max=0.69 (cart 0.69, frontend 0.38)  static:quiet(0.8x) 
13:05:30  max=0.69 (cart 0.69, frontend 0.38)  static:quiet(0.8x) 
13:06:00  max=0.69 (cart 0.69, frontend 0.38)  static:quiet(0.8x) 
13:06:30  max=0.69 (cart 0.69, frontend 0.38)  static:quiet(0.8x) 
13:07:00  max=0.69 (cart 0.69, frontend 0.38)  static:quiet(0.8x) 
13:07:30  max=0.69 (cart 0.69, frontend 0.38)  static:quiet(0.7x) 
13:08:00  max=0.69 (cart 0.69, frontend 0.38)  static:quiet(0.7x) 
13:08:30  max=0.69 (cart 0.69, frontend 0.38)  static:quiet(0.8x) 
13:09:00  max=0.69 (cart 0.69, frontend 0.38)  static:quiet(0.7x) 
13:09:30  max=0.69 (cart 0.69, frontend 0.38)  static:quiet(0.7x) 
13:10:00  max=0.69 (cart 0.69, frontend 0.38)  static:quiet(0.8x) 
13:10:30  max=0.69 (cart 0.69, frontend 0.37)  static:quiet(0.7x) 
13:11:00  max=0.69 (cart 0.69, frontend 0.37)  static:quiet(0.7x) 
13:11:30  max=0.69 (cart 0.69, frontend 0.37)  static:quiet(0.8x) 
13:12:00  max=0.68 (cart 0.68, frontend 0.37)  static:quiet(0.8x) 
13:12:30  max=0.68 (cart 0.68, frontend 0.36)  static:quiet(0.8x) 
13:13:00  max=0.68 (cart 0.68, frontend 0.36)  static:quiet(0.8x) 
13:13:30  max=0.68 (cart 0.68, frontend 0.36)  static:quiet(0.8x) 
13:14:00  max=0.68 (cart 0.68, frontend 0.36)  static:quiet(0.8x) 
13:14:30  max=0.68 (cart 0.68, frontend 0.36)  static:quiet(0.9x) 
13:15:00  max=0.68 (cart 0.68, frontend 0.36)  static:quiet(0.8x) 
13:15:30  max=0.68 (cart 0.68, frontend 0.37)  static:quiet(0.8x) 
13:16:00  max=0.68 (cart 0.68, frontend 0.37)  static:quiet(0.7x) 
13:16:30  max=0.68 (cart 0.68, frontend 0.37)  static:quiet(0.8x) 
13:17:00  max=0.68 (cart 0.68, frontend 0.37)  static:quiet(0.7x) 
13:17:30  max=0.68 (cart 0.68, frontend 0.37)  static:quiet(0.8x) 
13:18:00  max=0.68 (cart 0.68, frontend 0.37)  static:quiet(0.7x) 
13:18:30  max=0.68 (cart 0.68, frontend 0.38)  static:quiet(0.7x) 
13:19:00  max=0.68 (cart 0.68, frontend 0.38)  static:quiet(0.7x) 
13:19:30  max=0.68 (cart 0.68, frontend 0.37)  static:quiet(0.7x) 
13:20:00  max=0.68 (cart 0.68, frontend 0.37)  static:quiet(0.7x) 
13:20:30  max=0.68 (cart 0.68, frontend 0.36)  static:quiet(0.7x) 
13:21:00  max=0.68 (cart 0.68, frontend 0.36)  static:quiet(0.7x) 
13:21:30  max=0.68 (cart 0.68, frontend 0.36)  static:quiet(0.8x) 
13:22:00  max=0.68 (cart 0.68, frontend 0.36)  static:quiet(0.7x) 
13:22:30  max=0.68 (cart 0.68, frontend 0.36)  static:quiet(0.8x) 
13:23:00  max=0.68 (cart 0.68, frontend 0.36)  static:quiet(0.7x) 
13:23:30  max=0.68 (cart 0.68, frontend 0.36)  static:quiet(0.8x) 
13:24:00  max=0.68 (cart 0.68, frontend 0.36)  static:quiet(0.8x) 
13:24:30  max=0.68 (cart 0.68, frontend 0.36)  static:quiet(0.9x) 
13:25:00  max=0.68 (cart 0.68, frontend 0.36)  static:quiet(0.7x) 
13:25:30  max=0.68 (cart 0.68, frontend 0.36)  static:quiet(0.7x) 
13:26:00  max=0.68 (cart 0.68, frontend 0.36)  static:quiet(0.8x) 
13:26:30  max=0.68 (cart 0.68, frontend 0.36)  static:quiet(0.8x) 
13:27:00  max=0.68 (cart 0.68, frontend 0.36)  static:quiet(0.7x) 
13:27:30  max=0.68 (cart 0.68, frontend 0.36)  static:quiet(0.7x) 
13:28:00  max=0.68 (cart 0.68, frontend 0.36)  static:quiet(0.7x) 
13:28:30  max=0.68 (cart 0.68, frontend 0.36)  static:quiet(0.8x) 
13:29:00  max=0.69 (cart 0.69, frontend 0.37)  static:quiet(0.8x) 
13:29:30  max=0.69 (cart 0.69, frontend 0.37)  static:quiet(0.7x) 
13:30:00  max=0.69 (cart 0.69, frontend 0.37)  static:quiet(0.7x) 
13:30:30  max=0.69 (cart 0.69, frontend 0.37)  static:quiet(0.7x) 
13:31:00  max=0.68 (cart 0.68, frontend 0.37)  static:quiet(0.7x) 
13:31:30  max=0.68 (cart 0.68, frontend 0.37)  static:quiet(0.7x) 
13:32:00  max=0.68 (cart 0.68, frontend 0.37)  static:quiet(0.8x) 
13:32:30  max=0.69 (cart 0.69, frontend 0.37)  static:quiet(0.8x) 
13:33:00  max=0.69 (cart 0.69, frontend 0.37)  static:quiet(0.8x) 
13:33:30  max=0.68 (cart 0.68, frontend 0.37)  static:quiet(0.7x) 
13:34:00  max=0.68 (cart 0.68, frontend 0.36)  static:quiet(0.7x) 
13:34:30  max=0.68 (cart 0.68, frontend 0.36)  static:quiet(0.7x) 
13:35:00  max=0.68 (cart 0.68, frontend 0.36)  static:quiet(0.8x) 
13:35:30  max=0.68 (cart 0.68, frontend 0.36)  static:quiet(0.8x) 
13:36:00  max=0.68 (cart 0.68, frontend 0.36)  static:quiet(0.8x) 
13:36:30  max=0.68 (cart 0.68, frontend 0.36)  static:quiet(0.8x) 
13:37:00  max=0.68 (cart 0.68, frontend 0.36)  static:quiet(1.3x) 
13:37:30  max=0.68 (cart 0.68, frontend 0.37)  static:quiet(1.2x) 
13:38:00  max=0.68 (cart 0.68, frontend 0.37)  static:quiet(1.1x) 
13:38:30  max=0.68 (cart 0.68, frontend 0.36)  static:quiet(0.8x) 
13:39:00  max=0.68 (cart 0.68, frontend 0.36)  static:quiet(0.8x) 
13:39:30  max=0.68 (cart 0.68, frontend 0.37)  static:quiet(0.8x) 
13:40:00  max=0.68 (cart 0.68, frontend 0.37)  static:quiet(0.8x) 
13:40:30  max=0.68 (cart 0.68, frontend 0.37)  static:quiet(0.8x) 
13:41:00  max=0.69 (cart 0.69, frontend 0.38)  static:quiet(0.8x) 
13:41:30  max=0.69 (cart 0.69, frontend 0.38)  static:quiet(0.8x) 
13:42:00  max=0.69 (cart 0.69, frontend 0.39)  static:quiet(0.8x) 
13:42:30  max=0.69 (cart 0.69, frontend 0.39)  static:quiet(0.8x) 
13:43:00  max=0.68 (cart 0.68, frontend 0.38)  static:quiet(0.8x) 
13:43:30  max=0.68 (cart 0.68, frontend 0.38)  static:quiet(0.8x) 
13:44:00  max=0.68 (cart 0.68, frontend 0.37)  static:quiet(0.7x) 
13:44:30  max=0.68 (cart 0.68, frontend 0.37)  static:quiet(0.7x) 
13:45:00  max=0.68 (cart 0.68, frontend 0.37)  static:quiet(0.7x) 
13:45:30  max=0.68 (cart 0.68, frontend 0.37)  static:quiet(0.8x) 
13:46:00  max=0.68 (cart 0.68, frontend 0.37)  static:quiet(0.8x) 
13:46:30  max=0.68 (cart 0.68, frontend 0.37)  static:quiet(0.8x) 
13:47:00  max=0.68 (cart 0.68, frontend 0.37)  static:quiet(0.8x) 
13:47:30  max=0.68 (cart 0.68, frontend 0.36)  static:quiet(0.7x) 
13:48:00  max=0.68 (cart 0.68, frontend 0.36)  static:quiet(0.7x) 
13:48:30  max=0.68 (cart 0.68, frontend 0.36)  static:quiet(0.8x) 
13:49:00  max=0.68 (cart 0.68, frontend 0.36)  static:quiet(0.8x) 
13:49:30  max=0.68 (cart 0.68, frontend 0.36)  static:quiet(0.7x) 
13:50:00  max=0.68 (cart 0.68, frontend 0.36)  static:quiet(0.7x) 
13:50:30  max=0.68 (cart 0.68, frontend 0.36)  static:quiet(0.7x) 
13:51:00  max=0.68 (cart 0.68, frontend 0.37)  static:quiet(0.8x) 
13:51:30  max=0.68 (cart 0.68, frontend 0.37)  static:quiet(0.8x) 
13:52:00  max=0.68 (cart 0.68, frontend 0.37)  static:quiet(0.8x) 
13:52:30  max=0.68 (cart 0.68, frontend 0.37)  static:quiet(0.7x) 
13:53:00  max=0.68 (cart 0.68, frontend 0.37)  static:quiet(0.7x) 
13:53:30  max=0.68 (cart 0.68, frontend 0.37)  static:quiet(0.7x) 
13:54:00  max=0.68 (cart 0.68, frontend 0.37)  static:quiet(0.7x) 
13:54:30  max=0.68 (cart 0.68, frontend 0.37)  static:quiet(0.7x) 
13:55:00  max=0.68 (cart 0.68, frontend 0.37)  static:quiet(0.7x) 
13:55:30  max=0.68 (cart 0.68, frontend 0.37)  static:quiet(0.7x) 
13:56:00  max=0.68 (cart 0.68, frontend 0.36)  static:quiet(0.7x) 
13:56:30  max=0.68 (cart 0.68, frontend 0.36)  static:quiet(0.7x) 
13:57:00  max=0.68 (cart 0.68, frontend 0.36)  static:quiet(0.8x) 
13:57:30  max=0.68 (cart 0.68, frontend 0.36)  static:quiet(0.8x) 
13:58:00  max=0.68 (cart 0.68, frontend 0.36)  static:quiet(0.8x) 
13:58:30  max=0.68 (cart 0.68, frontend 0.36)  static:quiet(0.8x) 
13:59:00  max=0.68 (cart 0.68, frontend 0.36)  static:quiet(0.7x) 
13:59:30  max=0.68 (cart 0.68, frontend 0.36)  static:quiet(0.7x) 
14:00:00  max=0.68 (cart 0.68, frontend 0.36)  static:quiet(0.7x) 
14:00:30  max=0.68 (cart 0.68, frontend 0.36)  static:quiet(0.7x) 
14:01:00  max=0.68 (cart 0.68, frontend 0.36)  static:quiet(0.7x) 
14:01:30  max=0.68 (cart 0.68, frontend 0.37)  static:quiet(0.8x) 
14:02:00  max=0.68 (cart 0.68, frontend 0.37)  static:quiet(0.8x) 
14:02:30  max=0.68 (cart 0.68, frontend 0.37)  static:quiet(0.8x) 
14:03:00  max=0.68 (cart 0.68, frontend 0.37)  static:quiet(0.8x) 
14:03:30  max=0.68 (cart 0.68, frontend 0.37)  static:quiet(0.8x) 
14:04:00  max=0.68 (cart 0.68, frontend 0.37)  static:quiet(0.8x) 
14:04:30  max=0.68 (cart 0.68, frontend 0.37)  static:quiet(0.8x) 
14:05:00  max=0.68 (cart 0.68, frontend 0.37)  static:quiet(0.8x) 
14:05:30  max=0.68 (cart 0.68, frontend 0.37)  static:quiet(0.8x) 
14:06:00  max=0.68 (cart 0.68, frontend 0.37)  static:quiet(0.8x) 
14:06:30  max=0.68 (cart 0.68, frontend 0.38)  static:quiet(0.8x) 
14:07:00  max=0.68 (cart 0.68, frontend 0.38)  static:quiet(0.8x) 
14:07:30  max=0.68 (cart 0.68, frontend 0.38)  static:quiet(0.8x) 
14:08:00  max=0.68 (cart 0.68, frontend 0.38)  static:quiet(0.8x) 
14:08:30  max=0.68 (cart 0.68, frontend 0.38)  static:quiet(0.7x) 
14:09:00  max=0.68 (cart 0.68, frontend 0.38)  static:quiet(0.8x) 
14:09:30  max=0.68 (cart 0.68, frontend 0.38)  static:quiet(0.8x) 
14:10:00  max=0.68 (cart 0.68, frontend 0.38)  static:quiet(0.8x) 
14:10:30  max=0.68 (cart 0.68, frontend 0.38)  static:quiet(0.9x) 
14:11:00  max=0.68 (cart 0.68, frontend 0.38)  static:quiet(0.9x) 
14:11:30  max=0.68 (cart 0.68, frontend 0.38)  static:quiet(0.8x) 
14:12:00  max=0.68 (cart 0.68, frontend 0.38)  static:quiet(0.8x) 
14:12:30  max=0.68 (cart 0.68, frontend 0.39)  static:quiet(0.8x) 
14:13:00  max=0.68 (cart 0.68, frontend 0.39)  static:quiet(0.8x) 
14:13:30  max=0.68 (cart 0.68, frontend 0.39)  static:quiet(0.8x) 
14:14:00  max=0.68 (cart 0.68, frontend 0.39)  static:quiet(0.8x) 
14:14:30  max=0.68 (cart 0.68, frontend 0.39)  static:quiet(0.8x) 
14:15:00  max=0.68 (cart 0.68, frontend 0.39)  static:quiet(0.8x) 
14:15:30  max=0.68 (cart 0.68, frontend 0.39)  static:quiet(0.8x) 
14:16:00  max=0.68 (cart 0.68, frontend 0.40)  static:quiet(0.9x) 
14:16:30  max=0.68 (cart 0.68, frontend 0.40)  static:quiet(0.8x) 
14:17:00  max=0.68 (cart 0.68, frontend 0.40)  static:quiet(0.8x) 
14:17:30  max=0.68 (cart 0.68, frontend 0.40)  static:quiet(0.8x) 
14:18:00  max=0.68 (cart 0.68, frontend 0.41)  static:quiet(0.8x) 
14:18:30  max=0.68 (cart 0.68, frontend 0.40)  static:quiet(0.8x) 
14:19:00  max=0.68 (cart 0.68, frontend 0.40)  static:quiet(0.8x) 
14:19:30  max=0.68 (cart 0.68, frontend 0.40)  static:quiet(0.8x) 
14:20:00  max=0.68 (cart 0.68, frontend 0.40)  static:quiet(0.8x) 
14:20:30  max=0.68 (cart 0.68, frontend 0.40)  static:quiet(0.8x) 
14:21:00  max=0.68 (cart 0.68, frontend 0.40)  static:quiet(0.8x) 
14:21:30  max=0.68 (cart 0.68, frontend 0.40)  static:quiet(0.8x) 
14:22:00  max=0.68 (cart 0.68, frontend 0.40)  static:quiet(0.8x) 
14:22:30  max=0.69 (cart 0.69, frontend 0.40)  static:quiet(0.8x) 
14:23:00  max=0.69 (cart 0.69, frontend 0.40)  static:quiet(0.8x) 
14:23:30  max=0.69 (cart 0.69, frontend 0.41)  static:quiet(0.8x) 
14:24:00  max=0.69 (cart 0.69, frontend 0.41)  static:quiet(0.8x) 
14:24:30  max=0.69 (cart 0.69, frontend 0.41)  static:quiet(0.8x) 
14:25:00  max=0.69 (cart 0.69, frontend 0.41)  static:quiet(0.8x) 
14:25:30  max=0.68 (cart 0.68, frontend 0.41)  static:quiet(0.8x) 
14:26:00  max=0.68 (cart 0.68, frontend 0.40)  static:quiet(0.8x) 
14:26:30  max=0.68 (cart 0.68, frontend 0.40)  static:quiet(0.8x) 
14:27:00  max=0.68 (cart 0.68, frontend 0.40)  static:quiet(0.9x) 
14:27:30  max=0.68 (cart 0.68, frontend 0.40)  static:quiet(0.9x) 
14:28:00  max=0.68 (cart 0.68, frontend 0.39)  static:quiet(0.8x) 
14:28:30  max=0.68 (cart 0.68, frontend 0.39)  static:quiet(0.8x) 
14:29:00  max=0.68 (cart 0.68, frontend 0.39)  static:quiet(0.9x) 
14:29:30  max=0.68 (cart 0.68, frontend 0.39)  static:quiet(0.9x) 
14:30:00  max=0.68 (cart 0.68, frontend 0.39)  static:quiet(0.9x) 
14:30:30  max=0.68 (cart 0.68, frontend 0.39)  static:quiet(0.8x) 
14:31:00  max=0.68 (cart 0.68, frontend 0.39)  static:quiet(0.8x) 
14:31:30  max=0.68 (cart 0.68, frontend 0.39)  static:quiet(0.8x) 
14:32:00  max=0.68 (cart 0.68, frontend 0.39)  static:quiet(0.8x) 
14:32:30  max=0.68 (cart 0.68, frontend 0.40)  static:quiet(0.8x) 
14:33:00  max=0.68 (cart 0.68, frontend 0.40)  static:quiet(0.8x) 
14:33:30  max=0.68 (cart 0.68, frontend 0.40)  static:quiet(0.8x) 
14:34:00  max=0.68 (cart 0.68, frontend 0.40)  static:quiet(0.8x) 
14:34:30  max=0.68 (cart 0.68, frontend 0.40)  static:quiet(0.8x) 
14:35:00  max=0.68 (cart 0.68, frontend 0.40)  static:quiet(0.8x) 
14:35:30  max=0.68 (cart 0.68, frontend 0.40)  static:quiet(0.8x) 
14:36:00  max=0.68 (cart 0.68, frontend 0.40)  static:quiet(1.1x) 
14:36:30  max=0.68 (cart 0.68, frontend 0.40)  static:quiet(1.1x) 
14:37:00  max=0.68 (cart 0.68, frontend 0.40)  static:quiet(1.2x) 
14:37:30  max=0.68 (cart 0.68, frontend 0.40)  static:quiet(0.8x) 
14:38:00  max=0.68 (cart 0.68, frontend 0.40)  static:quiet(0.8x) 
14:38:30  max=0.68 (cart 0.68, frontend 0.40)  static:quiet(0.8x) 
14:39:00  max=0.68 (cart 0.68, frontend 0.41)  static:quiet(0.8x) 
14:39:30  max=0.68 (cart 0.68, frontend 0.41)  static:quiet(0.8x) 
14:40:00  max=0.69 (cart 0.69, frontend 0.41)  static:quiet(0.8x) 
14:40:30  max=0.69 (cart 0.69, frontend 0.42)  static:quiet(0.8x) 
14:41:00  max=0.69 (cart 0.69, frontend 0.42)  static:quiet(0.8x) 
14:41:30  max=0.69 (cart 0.69, frontend 0.42)  static:quiet(0.7x) 
14:42:00  max=0.69 (cart 0.69, frontend 0.41)  static:quiet(0.7x) 
14:42:30  max=0.68 (cart 0.68, frontend 0.40)  static:quiet(0.8x) 
14:43:00  max=0.68 (cart 0.68, frontend 0.39)  static:quiet(0.8x) 
14:43:30  max=0.68 (cart 0.68, frontend 0.39)  static:quiet(0.8x) 
14:44:00  max=0.68 (cart 0.68, frontend 0.39)  static:quiet(0.8x) 
14:44:30  max=0.68 (cart 0.68, frontend 0.39)  static:quiet(0.8x) 
14:45:00  max=0.68 (cart 0.68, frontend 0.38)  static:quiet(0.8x) 
14:45:30  max=0.68 (cart 0.68, frontend 0.38)  static:quiet(0.8x) 
14:46:00  max=0.68 (cart 0.68, frontend 0.38)  static:quiet(0.8x) 
14:46:30  max=0.68 (cart 0.68, frontend 0.38)  static:quiet(0.8x) 
14:47:00  max=0.68 (cart 0.68, frontend 0.38)  static:quiet(0.8x) 
14:47:30  max=0.68 (cart 0.68, frontend 0.38)  static:quiet(0.8x) 
14:48:00  max=0.68 (cart 0.68, frontend 0.38)  static:quiet(0.8x) 
14:48:30  max=0.68 (cart 0.68, frontend 0.38)  static:quiet(0.8x) 
14:49:00  max=0.68 (cart 0.68, frontend 0.39)  static:quiet(0.8x) 
14:49:30  max=0.68 (cart 0.68, frontend 0.39)  static:quiet(0.8x) 
14:50:00  max=0.68 (cart 0.68, frontend 0.39)  static:quiet(0.8x) 
14:50:30  max=0.68 (cart 0.68, frontend 0.39)  static:quiet(0.8x) 
14:51:00  max=0.68 (cart 0.68, frontend 0.39)  static:quiet(0.8x) 
14:51:30  max=0.68 (cart 0.68, frontend 0.39)  static:quiet(0.8x) 
14:52:00  max=0.68 (cart 0.68, frontend 0.39)  static:quiet(0.8x) 
14:52:30  max=0.68 (cart 0.68, frontend 0.39)  static:quiet(0.8x) 
14:53:00  max=0.68 (cart 0.68, frontend 0.39)  static:quiet(0.8x) 
14:53:30  max=0.68 (cart 0.68, frontend 0.38)  static:quiet(0.8x) 
14:54:00  max=0.68 (cart 0.68, frontend 0.38)  static:quiet(0.8x) 
14:54:30  max=0.68 (cart 0.68, frontend 0.38)  static:quiet(0.8x) 
14:55:00  max=0.68 (cart 0.68, frontend 0.38)  static:quiet(0.8x) 
14:55:30  max=0.68 (cart 0.68, frontend 0.38)  static:quiet(0.8x) 
14:56:00  max=0.68 (cart 0.68, frontend 0.38)  static:quiet(0.8x) 
14:56:30  max=0.68 (cart 0.68, frontend 0.38)  static:quiet(0.9x) 
14:57:00  max=0.68 (cart 0.68, frontend 0.38)  static:quiet(0.9x) 
14:57:30  max=0.68 (cart 0.68, frontend 0.38)  static:quiet(0.8x) 
14:58:00  max=0.68 (cart 0.68, frontend 0.38)  static:quiet(0.8x) 
14:58:30  max=0.68 (cart 0.68, frontend 0.38)  static:quiet(0.8x) 
14:59:00  max=0.68 (cart 0.68, frontend 0.39)  static:quiet(0.7x) 
14:59:30  max=0.68 (cart 0.68, frontend 0.39)  static:quiet(0.8x) 
15:00:00  max=0.68 (cart 0.68, frontend 0.39)  static:quiet(0.8x) 
15:00:30  max=0.68 (cart 0.68, frontend 0.38)  static:quiet(0.9x) 
15:01:00  max=0.68 (cart 0.68, frontend 0.39)  static:quiet(0.9x) 
15:01:30  max=0.68 (cart 0.68, frontend 0.39)  static:quiet(0.9x) 
15:02:00  max=0.68 (cart 0.68, frontend 0.39)  static:quiet(1.1x) 
15:02:30  max=0.68 (cart 0.68, frontend 0.39)  static:quiet(1.0x) 
15:03:00  max=0.69 (cart 0.69, frontend 0.39)  static:quiet(0.9x) 
15:03:30  max=0.69 (cart 0.69, frontend 0.39)  static:quiet(0.8x) 
15:04:00  max=0.69 (cart 0.69, frontend 0.39)  static:quiet(0.8x) 
15:04:30  max=0.69 (cart 0.69, frontend 0.40)  static:quiet(0.8x) 
15:05:00  max=0.69 (cart 0.69, frontend 0.40)  static:quiet(0.8x) 
15:05:30  max=0.69 (cart 0.69, frontend 0.41)  static:quiet(0.8x) 
15:06:00  max=0.69 (cart 0.69, frontend 0.41)  static:quiet(0.8x) 
15:06:30  max=0.69 (cart 0.69, frontend 0.41)  static:quiet(0.8x) 
15:07:00  max=0.69 (cart 0.69, frontend 0.41)  static:quiet(0.8x) 
15:07:30  max=0.69 (cart 0.69, frontend 0.41)  static:quiet(0.8x) 
15:08:00  max=0.69 (cart 0.69, frontend 0.40)  static:quiet(0.7x) 
15:08:30  max=0.69 (cart 0.69, frontend 0.40)  static:quiet(0.7x) 
15:09:00  max=0.69 (cart 0.69, frontend 0.40)  static:quiet(0.7x) 
15:09:30  max=0.69 (cart 0.69, frontend 0.40)  static:quiet(0.7x) 
15:10:00  max=0.68 (cart 0.68, frontend 0.39)  static:quiet(0.8x) 
15:10:30  max=0.68 (cart 0.68, frontend 0.39)  static:quiet(0.8x) 
15:11:00  max=0.68 (cart 0.68, frontend 0.39)  static:quiet(0.8x) 
15:11:30  max=0.68 (cart 0.68, frontend 0.39)  static:quiet(0.8x) 
15:12:00  max=0.68 (cart 0.68, frontend 0.39)  static:quiet(0.8x) 
15:12:30  max=0.68 (cart 0.68, frontend 0.39)  static:quiet(0.7x) 
15:13:00  max=0.68 (cart 0.68, frontend 0.39)  static:quiet(0.8x) 
15:13:30  max=0.68 (cart 0.68, frontend 0.39)  static:quiet(0.7x) 
15:14:00  max=0.68 (cart 0.68, frontend 0.38)  static:quiet(0.8x) 
15:14:30  max=0.68 (cart 0.68, frontend 0.38)  static:quiet(0.8x) 
15:15:00  max=0.68 (cart 0.68, frontend 0.38)  static:quiet(0.8x) 
15:15:30  max=0.68 (cart 0.68, frontend 0.38)  static:quiet(0.8x) 
15:16:00  max=0.68 (cart 0.68, frontend 0.38)  static:quiet(0.8x) 
15:16:30  max=0.68 (cart 0.68, frontend 0.38)  static:quiet(0.8x) 
15:17:00  max=0.68 (cart 0.68, frontend 0.38)  static:quiet(0.9x) 
15:17:30  max=0.68 (cart 0.68, frontend 0.38)  static:quiet(0.8x) 
15:18:00  max=0.68 (cart 0.68, frontend 0.38)  static:quiet(0.8x) 
15:18:30  max=0.68 (cart 0.68, frontend 0.37)  static:quiet(0.8x) 
15:19:00  max=0.68 (cart 0.68, frontend 0.37)  static:quiet(0.7x) 
15:19:30  max=0.68 (cart 0.68, frontend 0.38)  static:quiet(0.7x) 
15:20:00  max=0.68 (cart 0.68, frontend 0.38)  static:quiet(0.8x) 
15:20:30  max=0.68 (cart 0.68, frontend 0.38)  static:quiet(0.7x) 
15:21:00  max=0.68 (cart 0.68, frontend 0.38)  static:quiet(0.8x) 
15:21:30  max=0.68 (cart 0.68, frontend 0.38)  static:quiet(0.7x) 
15:22:00  max=0.68 (cart 0.68, frontend 0.38)  static:quiet(0.7x) 
15:22:30  max=0.68 (cart 0.68, frontend 0.38)  static:quiet(0.8x) 
15:23:00  max=0.68 (cart 0.68, frontend 0.37)  static:quiet(0.7x) 
15:23:30  max=0.68 (cart 0.68, frontend 0.37)  static:quiet(0.8x) 
15:24:00  max=0.68 (cart 0.68, frontend 0.37)  static:quiet(0.8x) 
15:24:30  max=0.68 (cart 0.68, frontend 0.37)  static:quiet(0.8x) 
15:25:00  max=0.68 (cart 0.68, frontend 0.37)  static:quiet(0.8x) 
15:25:30  max=0.68 (cart 0.68, frontend 0.37)  static:quiet(0.8x) 
15:26:00  max=0.68 (cart 0.68, frontend 0.37)  static:quiet(0.9x) 
15:26:30  max=0.68 (cart 0.68, frontend 0.37)  static:quiet(0.9x) 
15:27:00  max=0.68 (cart 0.68, frontend 0.38)  static:quiet(0.8x) 
15:27:30  max=0.68 (cart 0.68, frontend 0.38)  static:quiet(0.8x) 
15:28:00  max=0.68 (cart 0.68, frontend 0.38)  static:quiet(0.7x) 
15:28:30  max=0.68 (cart 0.68, frontend 0.39)  static:quiet(0.7x) 
15:29:00  max=0.68 (cart 0.68, frontend 0.39)  static:quiet(0.7x) 
15:29:30  max=0.68 (cart 0.68, frontend 0.39)  static:quiet(0.7x) 
15:30:00  max=0.68 (cart 0.68, frontend 0.39)  static:quiet(0.7x) 
15:30:30  max=0.68 (cart 0.68, frontend 0.38)  static:quiet(0.7x) 
15:31:00  max=0.68 (cart 0.68, frontend 0.38)  static:quiet(0.7x) 
15:31:30  max=0.68 (cart 0.68, frontend 0.38)  static:quiet(0.8x) 
15:32:00  max=0.68 (cart 0.68, frontend 0.37)  static:quiet(0.7x) 
15:32:30  max=0.68 (cart 0.68, frontend 0.36)  static:quiet(0.7x) 
15:33:00  max=0.68 (cart 0.68, frontend 0.36)  static:quiet(0.7x) 
15:33:30  max=0.68 (cart 0.68, frontend 0.35)  static:quiet(0.7x) 
15:34:00  max=0.68 (cart 0.68, frontend 0.35)  static:quiet(0.7x) 
15:34:30  max=0.68 (cart 0.68, frontend 0.36)  static:quiet(0.8x) 
15:35:00  max=0.68 (cart 0.68, frontend 0.36)  static:quiet(0.8x) 
15:35:30  max=0.68 (cart 0.68, frontend 0.36)  static:quiet(0.8x) 
15:36:00  max=0.68 (cart 0.68, frontend 0.36)  static:quiet(0.7x) 
15:36:30  max=0.68 (cart 0.68, frontend 0.37)  static:quiet(0.7x) 
15:37:00  max=0.68 (cart 0.68, frontend 0.37)  static:quiet(0.8x) 
15:37:30  max=0.68 (cart 0.68, frontend 0.37)  static:quiet(0.7x) 
15:38:00  max=0.68 (cart 0.68, frontend 0.37)  static:quiet(0.7x) 
15:38:30  max=0.68 (cart 0.68, frontend 0.38)  static:quiet(0.7x) 
15:39:00  max=0.68 (cart 0.68, frontend 0.38)  static:quiet(0.7x) 
15:39:30  max=0.68 (cart 0.68, frontend 0.38)  static:quiet(0.7x) 
15:40:00  max=0.68 (cart 0.68, frontend 0.38)  static:quiet(0.7x) 
15:40:30  max=0.68 (cart 0.68, frontend 0.38)  static:quiet(0.7x) 
15:41:00  max=0.68 (cart 0.68, frontend 0.38)  static:quiet(0.7x) 
15:41:30  max=0.68 (cart 0.68, frontend 0.38)  static:quiet(0.7x) 
15:42:00  max=0.68 (cart 0.68, frontend 0.38)  static:quiet(0.7x) 
15:42:30  max=0.68 (cart 0.68, frontend 0.38)  static:quiet(0.7x) 
15:43:00  max=0.68 (cart 0.68, frontend 0.37)  static:quiet(0.7x) 
15:43:30  max=0.68 (cart 0.68, frontend 0.37)  static:quiet(0.7x) 
15:44:00  max=0.68 (cart 0.68, frontend 0.37)  static:quiet(0.7x) 
15:44:30  max=0.68 (cart 0.68, frontend 0.36)  static:quiet(0.7x) 
15:45:00  max=0.68 (cart 0.68, frontend 0.36)  static:quiet(0.7x) 
15:45:30  max=0.68 (cart 0.68, frontend 0.36)  static:quiet(0.7x) 
15:46:00  max=0.68 (cart 0.68, frontend 0.36)  static:quiet(0.7x) 
15:46:30  max=0.68 (cart 0.68, frontend 0.36)  static:quiet(0.8x) 
15:47:00  max=0.68 (cart 0.68, frontend 0.36)  static:quiet(0.8x) 
15:47:30  max=0.68 (cart 0.68, frontend 0.36)  static:quiet(0.8x) 
15:48:00  max=0.68 (cart 0.68, frontend 0.36)  static:quiet(0.7x) 
15:48:30  max=0.68 (cart 0.68, frontend 0.36)  static:quiet(0.7x) 
15:49:00  max=0.68 (cart 0.68, frontend 0.36)  static:quiet(0.8x) 
15:49:30  max=0.68 (cart 0.68, frontend 0.36)  static:quiet(0.8x) 
15:50:00  max=0.68 (cart 0.68, frontend 0.36)  static:quiet(0.7x) 
15:50:30  max=0.68 (cart 0.68, frontend 0.37)  static:quiet(0.7x) 
15:51:00  max=0.68 (cart 0.68, frontend 0.37)  static:quiet(0.7x) 
15:51:30  max=0.68 (cart 0.68, frontend 0.37)  static:quiet(0.7x) 
15:52:00  max=0.68 (cart 0.68, frontend 0.37)  static:quiet(0.7x) 
15:52:30  max=0.68 (cart 0.68, frontend 0.36)  static:quiet(0.7x) 
15:53:00  max=0.68 (cart 0.68, frontend 0.37)  static:quiet(0.8x) 
15:53:30  max=0.68 (cart 0.68, frontend 0.37)  static:quiet(0.8x) 
15:54:00  max=0.68 (cart 0.68, frontend 0.37)  static:quiet(0.8x) 
15:54:30  max=0.68 (cart 0.68, frontend 0.37)  static:quiet(0.7x) 
15:55:00  max=0.68 (cart 0.68, frontend 0.37)  static:quiet(0.7x) 
15:55:30  max=0.68 (cart 0.68, frontend 0.37)  static:quiet(0.7x) 
15:56:00  max=0.68 (cart 0.68, frontend 0.37)  static:quiet(0.7x) 
15:56:30  max=0.68 (cart 0.68, frontend 0.37)  static:quiet(0.8x) 
15:57:00  max=0.68 (cart 0.68, frontend 0.37)  static:quiet(0.7x) 
15:57:30  max=0.68 (cart 0.68, frontend 0.37)  static:quiet(0.7x) 
15:58:00  max=0.68 (cart 0.68, frontend 0.38)  static:quiet(0.8x) 
15:58:30  max=0.68 (cart 0.68, frontend 0.38)  static:quiet(0.8x) 
15:59:00  max=0.68 (cart 0.68, frontend 0.38)  static:quiet(0.8x) 
15:59:30  max=0.68 (cart 0.68, frontend 0.37)  static:quiet(0.7x) 
16:00:00  max=0.68 (cart 0.68, frontend 0.37)  static:quiet(0.7x) 
16:00:30  max=0.68 (cart 0.68, frontend 0.37)  static:quiet(0.7x) 
16:01:00  max=0.68 (cart 0.68, frontend 0.37)  static:quiet(0.7x) 
16:01:30  max=0.68 (cart 0.68, frontend 0.36)  static:quiet(0.7x) 
16:02:00  max=0.68 (cart 0.68, frontend 0.36)  static:quiet(0.7x) 
16:02:30  max=0.68 (cart 0.68, frontend 0.36)  static:quiet(0.7x) 
16:03:00  max=0.68 (cart 0.68, frontend 0.36)  static:quiet(0.7x) 
16:03:30  max=0.68 (cart 0.68, frontend 0.36)  static:quiet(0.7x) 
16:04:00  max=0.68 (cart 0.68, frontend 0.36)  static:quiet(0.7x) 
16:04:30  max=0.68 (cart 0.68, frontend 0.35)  static:quiet(0.7x) 
16:05:00  max=0.68 (cart 0.68, frontend 0.35)  static:quiet(0.7x) 
16:05:30  max=0.68 (cart 0.68, frontend 0.35)  static:quiet(0.7x) 
16:06:00  max=0.68 (cart 0.68, frontend 0.35)  static:quiet(0.8x) 
16:06:30  max=0.68 (cart 0.68, frontend 0.36)  static:quiet(0.7x) 
16:07:00  max=0.68 (cart 0.68, frontend 0.36)  static:quiet(0.7x) 
16:07:30  max=0.68 (cart 0.68, frontend 0.36)  static:quiet(0.7x) 
16:08:00  max=0.68 (cart 0.68, frontend 0.36)  static:quiet(0.7x) 
16:08:30  max=0.68 (cart 0.68, frontend 0.36)  static:quiet(0.7x) 
16:09:00  max=0.68 (cart 0.68, frontend 0.36)  static:quiet(0.7x) 
16:09:30  max=0.68 (cart 0.68, frontend 0.36)  static:quiet(0.7x) 
16:10:00  max=0.68 (cart 0.68, frontend 0.37)  static:quiet(0.8x) 
16:10:30  max=0.68 (cart 0.68, frontend 0.37)  static:quiet(0.8x) 
16:11:00  max=0.68 (cart 0.68, frontend 0.37)  static:quiet(0.8x) 
16:11:30  max=0.68 (cart 0.68, frontend 0.37)  static:quiet(0.8x) 
16:12:00  max=0.68 (cart 0.68, frontend 0.36)  static:quiet(0.8x) 
16:12:30  max=0.68 (cart 0.68, frontend 0.36)  static:quiet(0.8x) 
16:13:00  max=0.68 (cart 0.68, frontend 0.37)  static:quiet(0.9x) 
16:13:30  max=0.69 (cart 0.69, frontend 0.37)  static:quiet(0.7x) 
16:14:00  max=0.69 (cart 0.69, frontend 0.37)  static:quiet(0.7x) 
16:14:30  max=0.69 (cart 0.69, frontend 0.37)  static:quiet(0.7x) 
16:15:00  max=0.69 (cart 0.69, frontend 0.37)  static:quiet(0.7x) 
16:15:30  max=0.69 (cart 0.69, frontend 0.37)  static:quiet(0.7x) 
16:16:00  max=0.69 (cart 0.69, frontend 0.37)  static:quiet(0.8x) 
16:16:30  max=0.69 (cart 0.69, frontend 0.37)  static:quiet(0.8x) 
16:17:00  max=0.68 (cart 0.68, frontend 0.37)  static:quiet(0.8x) 
16:17:30  max=0.68 (cart 0.68, frontend 0.37)  static:quiet(0.8x) 
16:18:00  max=0.68 (cart 0.68, frontend 0.37)  static:quiet(0.7x) 
16:18:30  max=0.68 (cart 0.68, frontend 0.37)  static:quiet(0.7x) 
16:19:00  max=0.68 (cart 0.68, frontend 0.37)  static:quiet(0.8x) 
16:19:30  max=0.68 (cart 0.68, frontend 0.37)  static:quiet(0.8x) 
16:20:00  max=0.68 (cart 0.68, frontend 0.37)  static:quiet(0.8x) 
16:20:30  max=0.68 (cart 0.68, frontend 0.37)  static:quiet(0.8x) 
16:21:00  max=0.68 (cart 0.68, frontend 0.37)  static:quiet(0.8x) 
16:21:30  max=0.68 (cart 0.68, frontend 0.37)  static:quiet(0.7x) 
16:22:00  max=0.68 (cart 0.68, frontend 0.37)  static:quiet(0.7x) 
16:22:30  max=0.68 (cart 0.68, frontend 0.37)  static:quiet(0.7x) 
16:23:00  max=0.68 (cart 0.68, frontend 0.37)  static:quiet(0.7x) 
16:23:30  max=0.68 (cart 0.68, frontend 0.36)  static:quiet(0.7x) 
16:24:00  max=0.68 (cart 0.68, frontend 0.36)  static:quiet(0.7x) 
16:24:30  max=0.68 (cart 0.68, frontend 0.37)  static:quiet(0.9x) 
16:25:00  max=0.68 (cart 0.68, frontend 0.37)  static:quiet(0.9x) 
16:25:30  max=0.68 (cart 0.68, frontend 0.37)  static:quiet(0.9x) 
16:26:00  max=0.68 (cart 0.68, frontend 0.37)  static:quiet(0.7x) 
16:26:30  max=0.68 (cart 0.68, frontend 0.36)  static:quiet(0.7x) 
16:27:00  max=0.68 (cart 0.68, frontend 0.36)  static:quiet(0.7x) 
16:27:30  max=0.68 (cart 0.68, frontend 0.36)  static:quiet(0.7x) 
16:28:00  max=0.68 (cart 0.68, frontend 0.36)  static:quiet(0.7x) 
16:28:30  max=0.68 (cart 0.68, frontend 0.37)  static:quiet(0.7x) 
16:29:00  max=0.68 (cart 0.68, frontend 0.37)  static:quiet(0.7x) 
16:29:30  max=0.68 (cart 0.68, frontend 0.37)  static:quiet(0.7x) 
16:30:00  max=0.68 (cart 0.68, frontend 0.37)  static:quiet(0.7x) 
16:30:30  max=0.68 (cart 0.68, frontend 0.36)  static:quiet(0.7x) 
16:31:00  max=0.68 (cart 0.68, frontend 0.35)  static:quiet(0.7x) 
16:31:30  max=0.68 (cart 0.68, frontend 0.35)  static:quiet(0.7x) 
16:32:00  max=0.68 (cart 0.68, frontend 0.35)  static:quiet(0.7x) 
16:32:30  max=0.68 (cart 0.68, frontend 0.35)  static:quiet(0.7x) 
16:33:00  max=0.68 (cart 0.68, frontend 0.35)  static:quiet(0.7x) 
16:33:30  max=0.68 (cart 0.68, frontend 0.34)  static:quiet(0.7x) 
16:34:00  max=0.68 (cart 0.68, frontend 0.35)  static:quiet(0.8x) 
16:34:30  max=0.68 (cart 0.68, frontend 0.35)  static:quiet(0.8x) 
16:35:00  max=0.68 (cart 0.68, frontend 0.35)  static:quiet(0.8x) 
16:35:30  max=0.68 (cart 0.68, frontend 0.36)  static:quiet(0.8x) 
16:36:00  max=0.68 (cart 0.68, frontend 0.36)  static:quiet(0.7x) 
16:36:30  max=0.68 (cart 0.68, frontend 0.37)  static:quiet(0.7x) 
16:37:00  max=0.68 (cart 0.68, frontend 0.37)  static:quiet(0.7x) 
16:37:30  max=0.68 (cart 0.68, frontend 0.37)  static:quiet(0.7x) 
16:38:00  max=0.69 (cart 0.69, frontend 0.37)  static:quiet(0.7x) 
16:38:30  max=0.69 (cart 0.69, frontend 0.38)  static:quiet(0.7x) 
16:39:00  max=0.69 (cart 0.69, frontend 0.38)  static:quiet(0.7x) 
16:39:30  max=0.69 (cart 0.69, frontend 0.38)  static:quiet(0.7x) 
16:40:00  max=0.69 (cart 0.69, frontend 0.37)  static:quiet(0.7x) 
16:40:30  max=0.68 (cart 0.68, frontend 0.37)  static:quiet(0.7x) 
16:41:00  max=0.68 (cart 0.68, frontend 0.36)  static:quiet(0.7x) 
16:41:30  max=0.68 (cart 0.68, frontend 0.36)  static:quiet(0.7x) 
16:42:00  max=0.68 (cart 0.68, frontend 0.36)  static:quiet(0.7x) 
16:42:30  max=0.68 (cart 0.68, frontend 0.36)  static:quiet(0.7x) 
16:43:00  max=0.68 (cart 0.68, frontend 0.36)  static:quiet(0.7x) 
16:43:30  max=0.68 (cart 0.68, frontend 0.36)  static:quiet(0.7x) 
16:44:00  max=0.68 (cart 0.68, frontend 0.36)  static:quiet(0.7x) 
16:44:30  max=0.68 (cart 0.68, frontend 0.36)  static:quiet(0.7x) 
16:45:00  max=0.68 (cart 0.68, frontend 0.36)  static:quiet(0.7x) 
16:45:30  max=0.68 (cart 0.68, frontend 0.36)  static:quiet(0.7x) 
16:46:00  max=0.68 (cart 0.68, frontend 0.36)  static:quiet(0.7x) 
16:46:30  max=0.68 (cart 0.68, frontend 0.36)  static:quiet(0.7x) 
16:47:00  max=0.68 (cart 0.68, frontend 0.36)  static:quiet(0.7x) 
16:47:30  max=0.68 (cart 0.68, frontend 0.36)  static:quiet(0.8x) 
16:48:00  max=0.68 (cart 0.68, frontend 0.36)  static:quiet(0.7x) 
16:48:30  max=0.68 (cart 0.68, frontend 0.36)  static:quiet(0.7x) 
16:49:00  max=0.68 (cart 0.68, frontend 0.36)  static:quiet(0.8x) 
16:49:30  max=0.68 (cart 0.68, frontend 0.36)  static:quiet(0.8x) 
16:50:00  max=0.68 (cart 0.68, frontend 0.36)  static:quiet(0.8x) 
16:50:30  max=0.68 (cart 0.68, frontend 0.36)  static:quiet(0.7x) 
16:51:00  max=0.68 (cart 0.68, frontend 0.36)  static:quiet(0.7x) 
16:51:30  max=0.68 (cart 0.68, frontend 0.36)  static:quiet(0.8x) 
16:52:00  max=0.68 (cart 0.68, frontend 0.36)  static:quiet(0.7x) 
16:52:30  max=0.68 (cart 0.68, frontend 0.36)  static:quiet(0.7x) 
16:53:00  max=0.68 (cart 0.68, frontend 0.36)  static:quiet(0.7x) 
16:53:30  max=0.68 (cart 0.68, frontend 0.36)  static:quiet(0.7x) 
16:54:00  max=0.68 (cart 0.68, frontend 0.36)  static:quiet(0.7x) 
16:54:30  max=0.68 (cart 0.68, frontend 0.36)  static:quiet(0.7x) 
16:55:00  max=0.68 (cart 0.68, frontend 0.36)  static:quiet(0.7x) 
16:55:30  max=0.68 (cart 0.68, frontend 0.36)  static:quiet(0.7x) 
16:56:00  max=0.68 (cart 0.68, frontend 0.36)  static:quiet(0.7x) 
16:56:30  max=0.68 (cart 0.68, frontend 0.35)  static:quiet(0.7x) 
16:57:00  max=0.68 (cart 0.68, frontend 0.35)  static:quiet(0.7x) 
16:57:30  max=0.68 (cart 0.68, frontend 0.35)  static:quiet(0.7x) 
16:58:00  max=0.68 (cart 0.68, frontend 0.35)  static:quiet(0.7x) 
16:58:30  max=0.68 (cart 0.68, frontend 0.35)  static:quiet(0.7x) 
16:59:00  max=0.68 (cart 0.68, frontend 0.35)  static:quiet(0.7x) 
16:59:30  max=0.68 (cart 0.68, frontend 0.35)  static:quiet(0.7x) 
17:00:00  max=0.68 (cart 0.68, frontend 0.36)  static:quiet(0.7x) 
17:00:30  max=0.68 (cart 0.68, frontend 0.36)  static:quiet(0.7x) 
17:01:00  max=0.68 (cart 0.68, frontend 0.36)  static:quiet(0.7x) 
17:01:30  max=0.68 (cart 0.68, frontend 0.36)  static:quiet(0.8x) 
17:02:00  max=0.68 (cart 0.68, frontend 0.36)  static:quiet(0.8x) 
17:02:30  max=0.68 (cart 0.68, frontend 0.36)  static:quiet(0.8x) 
17:03:00  max=0.68 (cart 0.68, frontend 0.36)  static:quiet(0.7x) 
17:03:30  max=0.68 (cart 0.68, frontend 0.36)  static:quiet(0.7x) 
17:04:00  max=0.68 (cart 0.68, frontend 0.37)  static:quiet(0.7x) 
17:04:30  max=0.69 (cart 0.69, frontend 0.37)  static:quiet(0.7x) 
17:05:00  max=0.69 (cart 0.69, frontend 0.37)  static:quiet(0.7x) 
17:05:30  max=0.69 (cart 0.69, frontend 0.37)  static:quiet(0.7x) 
17:06:00  max=0.69 (cart 0.69, frontend 0.37)  static:quiet(0.7x) 
17:06:30  max=0.68 (cart 0.68, frontend 0.37)  static:quiet(0.7x) 
17:07:00  max=0.68 (cart 0.68, frontend 0.37)  static:quiet(0.7x) 
17:07:30  max=0.68 (cart 0.68, frontend 0.37)  static:quiet(0.7x) 
17:08:00  max=0.68 (cart 0.68, frontend 0.36)  static:quiet(0.7x) 
17:08:30  max=0.68 (cart 0.68, frontend 0.36)  static:quiet(0.7x) 
17:09:00  max=0.68 (cart 0.68, frontend 0.36)  static:quiet(0.7x) 
17:09:30  max=0.68 (cart 0.68, frontend 0.36)  static:quiet(0.7x) 
17:10:00  max=0.68 (cart 0.68, frontend 0.36)  static:quiet(0.7x) 
17:10:30  max=0.68 (cart 0.68, frontend 0.35)  static:quiet(0.7x) 
17:11:00  max=0.68 (cart 0.68, frontend 0.35)  static:quiet(0.7x) 
17:11:30  max=0.68 (cart 0.68, frontend 0.35)  static:quiet(0.7x) 
17:12:00  max=0.68 (cart 0.68, frontend 0.35)  static:quiet(0.7x) 
17:12:30  max=0.68 (cart 0.68, frontend 0.35)  static:quiet(0.7x) 
17:13:00  max=0.68 (cart 0.68, frontend 0.35)  static:quiet(0.7x) 
17:13:30  max=0.68 (cart 0.68, frontend 0.34)  static:quiet(0.7x) 
17:14:00  max=0.68 (cart 0.68, frontend 0.34)  static:quiet(0.7x) 
17:14:30  max=0.68 (cart 0.68, frontend 0.34)  static:quiet(0.7x) 
17:15:00  max=0.68 (cart 0.68, frontend 0.35)  static:quiet(0.7x) 
17:15:30  max=0.68 (cart 0.68, frontend 0.35)  static:quiet(0.7x) 
17:16:00  max=0.68 (cart 0.68, frontend 0.35)  static:quiet(0.7x) 
17:16:30  max=0.68 (cart 0.68, frontend 0.35)  static:quiet(0.7x) 
17:17:00  max=0.68 (cart 0.68, frontend 0.35)  static:quiet(0.7x) 
17:17:30  max=0.68 (cart 0.68, frontend 0.35)  static:quiet(0.7x) 
17:18:00  max=0.68 (cart 0.68, frontend 0.35)  static:quiet(0.7x) 
17:18:30  max=0.68 (cart 0.68, frontend 0.36)  static:quiet(0.7x) 
17:19:00  max=0.68 (cart 0.68, frontend 0.36)  static:quiet(0.7x) 
17:19:30  max=0.68 (cart 0.68, frontend 0.36)  static:quiet(0.7x) 
17:20:00  max=0.68 (cart 0.68, frontend 0.36)  static:quiet(0.7x) 
17:20:30  max=0.68 (cart 0.68, frontend 0.36)  static:quiet(0.7x) 
17:21:00  max=0.68 (cart 0.68, frontend 0.36)  static:quiet(0.7x) 
17:21:30  max=0.68 (cart 0.68, frontend 0.36)  static:quiet(0.7x) 
17:22:00  max=0.68 (cart 0.68, frontend 0.36)  static:quiet(0.7x) 
17:22:30  max=0.68 (cart 0.68, frontend 0.36)  static:quiet(0.7x) 
17:23:00  max=0.68 (cart 0.68, frontend 0.36)  static:quiet(0.7x) 
17:23:30  max=0.68 (cart 0.68, frontend 0.36)  static:quiet(0.7x) 
17:24:00  max=0.68 (cart 0.68, frontend 0.36)  static:quiet(0.7x) 
17:24:30  max=0.68 (cart 0.68, frontend 0.36)  static:quiet(0.7x) 
17:25:00  max=0.68 (cart 0.68, frontend 0.36)  static:quiet(0.7x) 
17:25:30  max=0.68 (cart 0.68, frontend 0.36)  static:quiet(0.7x) 
17:26:00  max=0.68 (cart 0.68, frontend 0.36)  static:quiet(0.8x) 
17:26:30  max=0.68 (cart 0.68, frontend 0.36)  static:quiet(0.7x) 
17:27:00  max=0.68 (cart 0.68, frontend 0.36)  static:quiet(0.8x) 
17:27:30  max=0.68 (cart 0.68, frontend 0.36)  static:quiet(0.8x) 
17:28:00  max=0.68 (cart 0.68, frontend 0.36)  static:quiet(0.7x) 
17:28:30  max=0.68 (cart 0.68, frontend 0.36)  static:quiet(0.8x) 
17:29:00  max=0.68 (cart 0.68, frontend 0.36)  static:quiet(0.7x) 
17:29:30  max=0.68 (cart 0.68, frontend 0.36)  static:quiet(0.7x) 
17:30:00  max=0.68 (cart 0.68, frontend 0.36)  static:quiet(0.7x) 
17:30:30  max=0.68 (cart 0.68, frontend 0.37)  static:quiet(0.7x) 
17:31:00  max=0.68 (cart 0.68, frontend 0.37)  static:quiet(0.8x) 
17:31:30  max=0.68 (cart 0.68, frontend 0.37)  static:quiet(0.8x) 
17:32:00  max=0.68 (cart 0.68, frontend 0.37)  static:quiet(0.8x) 
17:32:30  max=0.68 (cart 0.68, frontend 0.37)  static:quiet(0.8x) 
17:33:00  max=0.68 (cart 0.68, frontend 0.37)  static:quiet(0.7x) 
17:33:30  max=0.68 (cart 0.68, frontend 0.37)  static:quiet(0.7x) 
17:34:00  max=0.68 (cart 0.68, frontend 0.36)  static:quiet(0.8x) 
17:34:30  max=0.68 (cart 0.68, frontend 0.36)  static:quiet(0.8x) 
17:35:00  max=0.68 (cart 0.68, frontend 0.37)  static:quiet(0.8x) 
17:35:30  max=0.68 (cart 0.68, frontend 0.37)  static:quiet(0.7x) 
17:36:00  max=0.68 (cart 0.68, frontend 0.37)  static:quiet(0.7x) 
17:36:30  max=0.68 (cart 0.68, frontend 0.37)  static:quiet(0.7x) 
17:37:00  max=0.68 (cart 0.68, frontend 0.37)  static:quiet(0.7x) 
17:37:30  max=0.68 (cart 0.68, frontend 0.37)  static:quiet(0.7x) 
17:38:00  max=0.68 (cart 0.68, frontend 0.37)  static:quiet(0.7x) 
17:38:30  max=0.68 (cart 0.68, frontend 0.37)  static:quiet(0.7x) 
17:39:00  max=0.68 (cart 0.68, frontend 0.37)  static:quiet(0.7x) 
17:39:30  max=0.68 (cart 0.68, frontend 0.37)  static:quiet(0.7x) 
17:40:00  max=0.68 (cart 0.68, frontend 0.37)  static:quiet(0.7x) 
17:40:30  max=0.68 (cart 0.68, frontend 0.37)  static:quiet(0.7x) 
17:41:00  max=0.68 (cart 0.68, frontend 0.36)  static:quiet(0.7x) 
17:41:30  max=0.68 (cart 0.68, frontend 0.36)  static:quiet(0.7x) 
17:42:00  max=0.68 (cart 0.68, frontend 0.36)  static:quiet(0.8x) 
17:42:30  max=0.68 (cart 0.68, frontend 0.36)  static:quiet(0.7x) 
17:43:00  max=0.68 (cart 0.68, frontend 0.36)  static:quiet(0.7x) 
17:43:30  max=0.68 (cart 0.68, frontend 0.36)  static:quiet(0.7x) 
17:44:00  max=0.68 (cart 0.68, frontend 0.36)  static:quiet(0.7x) 
17:44:30  max=0.68 (cart 0.68, frontend 0.36)  static:quiet(0.7x) 
17:45:00  max=0.68 (cart 0.68, frontend 0.36)  static:quiet(0.7x) 
17:45:30  max=0.68 (cart 0.68, frontend 0.36)  static:quiet(0.7x) 
17:46:00  max=0.68 (cart 0.68, frontend 0.36)  static:quiet(0.7x) 
17:46:30  max=0.68 (cart 0.68, frontend 0.36)  static:quiet(0.7x) 
17:47:00  max=0.68 (cart 0.68, frontend 0.36)  static:quiet(0.7x) 
17:47:30  max=0.68 (cart 0.68, frontend 0.36)  static:quiet(0.7x) 
17:48:00  max=0.68 (cart 0.68, frontend 0.36)  static:quiet(0.7x) 
17:48:30  max=0.68 (cart 0.68, frontend 0.36)  static:quiet(0.7x) 
17:49:00  max=0.68 (cart 0.68, frontend 0.36)  static:quiet(0.7x) 
17:49:30  max=0.68 (cart 0.68, frontend 0.36)  static:quiet(0.7x) 
17:50:00  max=0.68 (cart 0.68, frontend 0.36)  static:quiet(0.7x) 
17:50:30  max=0.68 (cart 0.68, frontend 0.36)  static:quiet(0.7x) 
17:51:00  max=0.68 (cart 0.68, frontend 0.36)  static:quiet(0.8x) 
17:51:30  max=0.68 (cart 0.68, frontend 0.36)  static:quiet(0.8x) 
17:52:00  max=0.68 (cart 0.68, frontend 0.36)  static:quiet(0.8x) 
17:52:30  max=0.68 (cart 0.68, frontend 0.36)  static:quiet(0.7x) 
17:53:00  max=0.68 (cart 0.68, frontend 0.36)  static:quiet(0.7x) 
17:53:30  max=0.68 (cart 0.68, frontend 0.36)  static:quiet(0.7x) 
17:54:00  max=0.68 (cart 0.68, frontend 0.36)  static:quiet(0.7x) 
17:54:30  max=0.68 (cart 0.68, frontend 0.36)  static:quiet(0.7x) 
17:55:00  max=0.68 (cart 0.68, frontend 0.36)  static:quiet(0.7x) 
17:55:30  max=0.68 (cart 0.68, frontend 0.37)  static:quiet(0.7x) 
17:56:00  max=0.68 (cart 0.68, frontend 0.37)  static:quiet(0.7x) 
17:56:30  max=0.68 (cart 0.68, frontend 0.36)  static:quiet(0.7x) 
17:57:00  max=0.68 (cart 0.68, frontend 0.36)  static:quiet(0.7x) 
17:57:30  max=0.68 (cart 0.68, frontend 0.36)  static:quiet(0.7x) 
17:58:00  max=0.68 (cart 0.68, frontend 0.36)  static:quiet(0.7x) 
17:58:30  max=0.68 (cart 0.68, frontend 0.36)  static:quiet(0.7x) 
17:59:00  max=0.68 (cart 0.68, frontend 0.35)  static:quiet(0.7x) 
17:59:30  max=0.68 (cart 0.68, frontend 0.35)  static:quiet(0.8x) 
18:00:00  max=0.68 (cart 0.68, frontend 0.35)  static:quiet(0.8x) 
18:00:30  max=0.68 (cart 0.68, frontend 0.35)  static:quiet(0.7x) 
18:01:00  max=0.68 (cart 0.68, frontend 0.35)  static:quiet(0.7x) 
18:01:30  max=0.68 (cart 0.68, frontend 0.36)  static:quiet(0.7x) 
18:02:00  max=0.68 (cart 0.68, frontend 0.36)  static:quiet(0.7x) 
18:02:30  max=0.68 (cart 0.68, frontend 0.36)  static:quiet(0.7x) 
18:03:00  max=0.68 (cart 0.68, frontend 0.36)  static:quiet(0.8x) 
18:03:30  max=0.68 (cart 0.68, frontend 0.37)  static:quiet(0.8x) 
18:04:00  max=0.68 (cart 0.68, frontend 0.36)  static:quiet(0.7x) 
18:04:30  max=0.68 (cart 0.68, frontend 0.36)  static:quiet(0.7x) 
18:05:00  max=0.68 (cart 0.68, frontend 0.36)  static:quiet(0.7x) 
18:05:30  max=0.68 (cart 0.68, frontend 0.36)  static:quiet(0.7x) 
18:06:00  max=0.68 (cart 0.68, frontend 0.36)  static:quiet(0.7x) 
18:06:30  max=0.68 (cart 0.68, frontend 0.35)  static:quiet(0.7x) 
18:07:00  max=0.68 (cart 0.68, frontend 0.35)  static:quiet(0.7x) 
18:07:30  max=0.68 (cart 0.68, frontend 0.35)  static:quiet(0.7x) 
18:08:00  max=0.68 (cart 0.68, frontend 0.35)  static:quiet(0.7x) 
18:08:30  max=0.68 (cart 0.68, frontend 0.35)  static:quiet(0.7x) 
18:09:00  max=0.68 (cart 0.68, frontend 0.35)  static:quiet(0.7x) 
18:09:30  max=0.68 (cart 0.68, frontend 0.35)  static:quiet(0.7x) 
18:10:00  max=0.68 (cart 0.68, frontend 0.34)  static:quiet(0.7x) 
18:10:30  max=0.68 (cart 0.68, frontend 0.34)  static:quiet(0.7x) 
18:11:00  max=0.68 (cart 0.68, frontend 0.34)  static:quiet(0.7x) 
18:11:30  max=0.68 (cart 0.68, frontend 0.34)  static:quiet(0.7x) 
18:12:00  max=0.68 (cart 0.68, frontend 0.35)  static:quiet(0.7x) 
18:12:30  max=0.68 (cart 0.68, frontend 0.35)  static:quiet(0.7x) 
18:13:00  max=0.68 (cart 0.68, frontend 0.35)  static:quiet(0.7x) 
18:13:30  max=0.68 (cart 0.68, frontend 0.35)  static:quiet(0.7x) 
18:14:00  max=0.68 (cart 0.68, frontend 0.35)  static:quiet(0.7x) 
18:14:30  max=0.68 (cart 0.68, frontend 0.35)  static:quiet(0.7x) 
18:15:00  max=0.68 (cart 0.68, frontend 0.35)  static:quiet(0.7x) 
18:15:30  max=0.68 (cart 0.68, frontend 0.35)  static:quiet(0.7x) 
18:16:00  max=0.68 (cart 0.68, frontend 0.35)  static:quiet(0.8x) 
18:16:30  max=0.68 (cart 0.68, frontend 0.36)  static:quiet(0.7x) 
18:17:00  max=0.68 (cart 0.68, frontend 0.36)  static:quiet(0.7x) 
18:17:30  max=0.68 (cart 0.68, frontend 0.36)  static:quiet(0.7x) 
18:18:00  max=0.68 (cart 0.68, frontend 0.35)  static:quiet(0.7x) 
18:18:30  max=0.68 (cart 0.68, frontend 0.35)  static:quiet(0.7x) 
18:19:00  max=0.68 (cart 0.68, frontend 0.35)  static:quiet(0.7x) 
18:19:30  max=0.68 (cart 0.68, frontend 0.36)  static:quiet(0.7x) 
18:20:00  max=0.68 (cart 0.68, frontend 0.36)  static:quiet(0.7x) 
18:20:30  max=0.68 (cart 0.68, frontend 0.36)  static:quiet(0.7x) 
18:21:00  max=0.68 (cart 0.68, frontend 0.36)  static:quiet(0.7x) 
18:21:30  max=0.68 (cart 0.68, frontend 0.36)  static:quiet(0.7x) 
18:22:00  max=0.68 (cart 0.68, frontend 0.36)  static:quiet(0.7x) 
18:22:30  max=0.68 (cart 0.68, frontend 0.36)  static:quiet(0.7x) 
18:23:00  max=0.68 (cart 0.68, frontend 0.36)  static:quiet(0.7x) 
18:23:30  max=0.68 (cart 0.68, frontend 0.36)  static:quiet(0.7x) 
18:24:00  max=0.68 (cart 0.68, frontend 0.36)  static:quiet(0.7x) 
18:24:30  max=0.68 (cart 0.68, frontend 0.35)  static:quiet(0.7x) 
18:25:00  max=0.68 (cart 0.68, frontend 0.35)  static:quiet(0.7x) 
18:25:30  max=0.68 (cart 0.68, frontend 0.35)  static:quiet(0.7x) 
18:26:00  max=0.68 (cart 0.68, frontend 0.35)  static:quiet(0.7x) 
18:26:30  max=0.68 (cart 0.68, frontend 0.35)  static:quiet(0.7x) 
18:27:00  max=0.68 (cart 0.68, frontend 0.35)  static:quiet(0.7x) 
18:27:30  max=0.68 (cart 0.68, frontend 0.35)  static:quiet(0.7x) 
18:28:00  max=0.68 (cart 0.68, frontend 0.35)  static:quiet(0.7x) 
18:28:30  max=0.68 (cart 0.68, frontend 0.35)  static:quiet(0.7x) 
18:29:00  max=0.68 (cart 0.68, frontend 0.35)  static:quiet(0.7x) 
18:29:30  max=0.68 (cart 0.68, frontend 0.35)  static:quiet(0.7x) 
18:30:00  max=0.68 (cart 0.68, frontend 0.35)  static:quiet(0.7x) 
18:30:30  max=0.68 (cart 0.68, frontend 0.35)  static:quiet(0.7x) 
18:31:00  max=0.68 (cart 0.68, frontend 0.35)  static:quiet(0.7x) 
18:31:30  max=0.68 (cart 0.68, frontend 0.35)  static:quiet(0.7x) 
18:32:00  max=0.68 (cart 0.68, frontend 0.35)  static:quiet(0.7x) 
18:32:30  max=0.68 (cart 0.68, frontend 0.35)  static:quiet(0.7x) 
18:33:00  max=0.68 (cart 0.68, frontend 0.35)  static:quiet(0.7x) 
18:33:30  max=0.68 (cart 0.68, frontend 0.35)  static:quiet(0.7x) 
18:34:00  max=0.68 (cart 0.68, frontend 0.35)  static:quiet(0.8x) 
18:34:30  max=0.68 (cart 0.68, frontend 0.35)  static:quiet(0.8x) 
18:35:00  max=0.68 (cart 0.68, frontend 0.35)  static:quiet(0.8x) 
18:35:30  max=0.68 (cart 0.68, frontend 0.36)  static:quiet(0.7x) 
18:36:00  max=0.68 (cart 0.68, frontend 0.36)  static:quiet(0.7x) 
18:36:30  max=0.68 (cart 0.68, frontend 0.37)  static:quiet(0.7x) 
18:37:00  max=0.68 (cart 0.68, frontend 0.37)  static:quiet(0.7x) 
18:37:30  max=0.68 (cart 0.68, frontend 0.37)  static:quiet(0.7x) 
18:38:00  max=0.68 (cart 0.68, frontend 0.37)  static:quiet(0.7x) 
18:38:30  max=0.68 (cart 0.68, frontend 0.37)  static:quiet(0.7x) 
18:39:00  max=0.68 (cart 0.68, frontend 0.36)  static:quiet(0.8x) 
18:39:30  max=0.68 (cart 0.68, frontend 0.36)  static:quiet(0.8x) 
18:40:00  max=0.68 (cart 0.68, frontend 0.36)  static:quiet(0.8x) 
18:40:30  max=0.68 (cart 0.68, frontend 0.36)  static:quiet(0.7x) 
18:41:00  max=0.68 (cart 0.68, frontend 0.36)  static:quiet(0.7x) 
18:41:30  max=0.69 (cart 0.69, frontend 0.36)  static:quiet(0.7x) 
18:42:00  max=0.69 (cart 0.69, frontend 0.36)  static:quiet(0.7x) 
18:42:30  max=0.69 (cart 0.69, frontend 0.37)  static:quiet(0.7x) 
18:43:00  max=0.69 (cart 0.69, frontend 0.36)  static:quiet(0.7x) 
18:43:30  max=0.69 (cart 0.69, frontend 0.36)  static:quiet(0.7x) 
18:44:00  max=0.69 (cart 0.69, frontend 0.37)  static:quiet(0.7x) 
18:44:30  max=0.69 (cart 0.69, frontend 0.37)  static:quiet(0.7x) 
18:45:00  max=0.69 (cart 0.69, frontend 0.37)  static:quiet(0.7x) 
18:45:30  max=0.69 (cart 0.69, frontend 0.36)  static:quiet(0.7x) 
18:46:00  max=0.68 (cart 0.68, frontend 0.36)  static:quiet(0.7x) 
18:46:30  max=0.68 (cart 0.68, frontend 0.36)  static:quiet(0.7x) 
18:47:00  max=0.68 (cart 0.68, frontend 0.36)  static:quiet(0.7x) 
18:47:30  max=0.68 (cart 0.68, frontend 0.36)  static:quiet(0.7x) 
18:48:00  max=0.68 (cart 0.68, frontend 0.36)  static:quiet(0.7x) 
18:48:30  max=0.68 (cart 0.68, frontend 0.36)  static:quiet(0.7x) 
18:49:00  max=0.68 (cart 0.68, frontend 0.36)  static:quiet(1.1x) 
18:49:30  max=0.68 (cart 0.68, frontend 0.36)  static:quiet(1.1x) 
18:50:00  max=0.68 (cart 0.68, frontend 0.36)  static:quiet(1.1x) 
18:50:30  max=0.68 (cart 0.68, frontend 0.36)  static:quiet(0.7x) 
18:51:00  max=0.68 (cart 0.68, frontend 0.36)  static:quiet(0.7x) 
18:51:30  max=0.68 (cart 0.68, frontend 0.36)  static:quiet(0.8x) 
18:52:00  max=0.68 (cart 0.68, frontend 0.37)  static:quiet(0.8x) 
18:52:30  max=0.68 (cart 0.68, frontend 0.37)  static:quiet(0.8x) 
18:53:00  max=0.68 (cart 0.68, frontend 0.37)  static:quiet(0.7x) 
18:53:30  max=0.68 (cart 0.68, frontend 0.37)  static:quiet(0.7x) 
18:54:00  max=0.68 (cart 0.68, frontend 0.37)  static:quiet(0.7x) 
18:54:30  max=0.68 (cart 0.68, frontend 0.37)  static:quiet(0.7x) 
18:55:00  max=0.68 (cart 0.68, frontend 0.37)  static:quiet(0.7x) 
18:55:30  max=0.68 (cart 0.68, frontend 0.37)  static:quiet(0.7x) 
18:56:00  max=0.68 (cart 0.68, frontend 0.37)  static:quiet(0.7x) 
18:56:30  max=0.68 (cart 0.68, frontend 0.37)  static:quiet(0.7x) 
18:57:00  max=0.68 (cart 0.68, frontend 0.37)  static:quiet(0.8x) 
18:57:30  max=0.68 (cart 0.68, frontend 0.37)  static:quiet(0.8x) 
18:58:00  max=0.68 (cart 0.68, frontend 0.37)  static:quiet(0.8x) 
18:58:30  max=0.68 (cart 0.68, frontend 0.37)  static:quiet(0.7x) 
18:59:00  max=0.68 (cart 0.68, frontend 0.36)  static:quiet(0.7x) 
18:59:30  max=0.68 (cart 0.68, frontend 0.36)  static:quiet(0.7x) 
19:00:00  max=0.68 (cart 0.68, frontend 0.36)  static:quiet(0.8x) 
19:00:30  max=0.68 (cart 0.68, frontend 0.36)  static:quiet(0.7x) 
19:01:00  max=0.68 (cart 0.68, frontend 0.36)  static:quiet(0.7x) 
19:01:30  max=0.68 (cart 0.68, frontend 0.36)  static:quiet(0.8x) 
19:02:00  max=0.68 (cart 0.68, frontend 0.36)  static:quiet(0.8x) 
19:02:30  max=0.68 (cart 0.68, frontend 0.36)  static:quiet(0.8x) 
19:03:00  max=0.68 (cart 0.68, frontend 0.36)  static:quiet(0.7x) 
19:03:30  max=0.68 (cart 0.68, frontend 0.36)  static:quiet(0.7x) 
19:04:00  max=0.68 (cart 0.68, frontend 0.37)  static:quiet(0.7x) 
19:04:30  max=0.68 (cart 0.68, frontend 0.37)  static:quiet(0.7x) 
19:05:00  max=0.68 (cart 0.68, frontend 0.37)  static:quiet(0.8x) 
19:05:30  max=0.69 (cart 0.69, frontend 0.37)  static:quiet(0.8x) 
19:06:00  max=0.69 (cart 0.69, frontend 0.37)  static:quiet(0.8x) 
19:06:30  max=0.69 (cart 0.69, frontend 0.37)  static:quiet(0.7x) 
19:07:00  max=0.69 (cart 0.69, frontend 0.37)  static:quiet(0.7x) 
19:07:30  max=0.69 (cart 0.69, frontend 0.37)  static:quiet(0.8x) 
19:08:00  max=0.69 (cart 0.69, frontend 0.37)  static:quiet(0.8x) 
19:08:30  max=0.69 (cart 0.69, frontend 0.37)  static:quiet(0.8x) 
19:09:00  max=0.69 (cart 0.69, frontend 0.37)  static:quiet(0.8x) 
19:09:30  max=0.69 (cart 0.69, frontend 0.37)  static:quiet(0.8x) 
19:10:00  max=0.69 (cart 0.69, frontend 0.37)  static:quiet(0.7x) 
19:10:30  max=0.69 (cart 0.69, frontend 0.38)  static:quiet(0.8x) 
19:11:00  max=0.69 (cart 0.69, frontend 0.38)  static:quiet(0.7x) 
19:11:30  max=0.69 (cart 0.69, frontend 0.38)  static:quiet(0.7x) 
19:12:00  max=0.68 (cart 0.68, frontend 0.38)  static:quiet(0.7x) 
19:12:30  max=0.68 (cart 0.68, frontend 0.38)  static:quiet(0.7x) 
19:13:00  max=0.68 (cart 0.68, frontend 0.38)  static:quiet(0.7x) 
19:13:30  max=0.68 (cart 0.68, frontend 0.38)  static:quiet(0.7x) 
19:14:00  max=0.68 (cart 0.68, frontend 0.37)  static:quiet(0.7x) 
19:14:30  max=0.68 (cart 0.68, frontend 0.37)  static:quiet(0.7x) 
19:15:00  max=0.68 (cart 0.68, frontend 0.37)  static:quiet(0.7x) 
19:15:30  max=0.68 (cart 0.68, frontend 0.36)  static:quiet(0.7x) 
19:16:00  max=0.68 (cart 0.68, frontend 0.36)  static:quiet(0.7x) 
19:16:30  max=0.68 (cart 0.68, frontend 0.36)  static:quiet(0.7x) 
19:17:00  max=0.68 (cart 0.68, frontend 0.36)  static:quiet(0.7x) 
19:17:30  max=0.68 (cart 0.68, frontend 0.36)  static:quiet(0.7x) 
19:18:00  max=0.68 (cart 0.68, frontend 0.36)  static:quiet(0.7x) 
19:18:30  max=0.68 (cart 0.68, frontend 0.36)  static:quiet(0.7x) 
19:19:00  max=0.68 (cart 0.68, frontend 0.35)  static:quiet(0.8x) 
19:19:30  max=0.68 (cart 0.68, frontend 0.35)  static:quiet(0.7x) 
19:20:00  max=0.68 (cart 0.68, frontend 0.35)  static:quiet(0.7x) 
19:20:30  max=0.68 (cart 0.68, frontend 0.36)  static:quiet(0.7x) 
19:21:00  max=0.68 (cart 0.68, frontend 0.36)  static:quiet(0.7x) 
19:21:30  max=0.68 (cart 0.68, frontend 0.36)  static:quiet(0.7x) 
19:22:00  max=0.68 (cart 0.68, frontend 0.36)  static:quiet(0.7x) 
19:22:30  max=0.68 (cart 0.68, frontend 0.36)  static:quiet(0.7x) 
19:23:00  max=0.68 (cart 0.68, frontend 0.36)  static:quiet(0.7x) 
19:23:30  max=0.68 (cart 0.68, frontend 0.36)  static:quiet(0.7x) 
19:24:00  max=0.68 (cart 0.68, frontend 0.36)  static:quiet(0.7x) 
19:24:30  max=0.68 (cart 0.68, frontend 0.36)  static:quiet(0.7x) 
19:25:00  max=0.68 (cart 0.68, frontend 0.36)  static:quiet(0.8x) 
19:25:30  max=0.68 (cart 0.68, frontend 0.36)  static:quiet(0.8x) 
19:26:00  max=0.68 (cart 0.68, frontend 0.36)  static:quiet(0.7x) 
19:26:30  max=0.68 (cart 0.68, frontend 0.36)  static:quiet(0.7x) 
19:27:00  max=0.68 (cart 0.68, frontend 0.37)  static:quiet(0.7x) 
19:27:30  max=0.68 (cart 0.68, frontend 0.37)  static:quiet(0.8x) 
19:28:00  max=0.69 (cart 0.69, frontend 0.37)  static:quiet(0.7x) 
19:28:30  max=0.69 (cart 0.69, frontend 0.37)  static:quiet(0.8x) 
19:29:00  max=0.69 (cart 0.69, frontend 0.38)  static:quiet(0.8x) 
19:29:30  max=0.69 (cart 0.69, frontend 0.38)  static:quiet(0.8x) 
19:30:00  max=0.69 (cart 0.69, frontend 0.38)  static:quiet(0.8x) 
19:30:30  max=0.69 (cart 0.69, frontend 0.39)  static:quiet(0.8x) 
19:31:00  max=0.69 (cart 0.69, frontend 0.39)  static:quiet(0.8x) 
19:31:30  max=0.69 (cart 0.69, frontend 0.38)  static:quiet(0.8x) 
19:32:00  max=0.69 (cart 0.69, frontend 0.38)  static:quiet(0.7x) 
19:32:30  max=0.69 (cart 0.69, frontend 0.38)  static:quiet(0.7x) 
19:33:00  max=0.69 (cart 0.69, frontend 0.38)  static:quiet(0.7x) 
19:33:30  max=0.69 (cart 0.69, frontend 0.38)  static:quiet(0.7x) 
19:34:00  max=0.69 (cart 0.69, frontend 0.38)  static:quiet(0.7x) 
19:34:30  max=0.69 (cart 0.69, frontend 0.38)  static:quiet(0.7x) 
19:35:00  max=0.68 (cart 0.68, frontend 0.38)  static:quiet(0.7x) 
19:35:30  max=0.68 (cart 0.68, frontend 0.37)  static:quiet(0.7x) 
19:36:00  max=0.68 (cart 0.68, frontend 0.37)  static:quiet(0.7x) 
19:36:30  max=0.68 (cart 0.68, frontend 0.37)  static:quiet(0.7x) 
19:37:00  max=0.68 (cart 0.68, frontend 0.37)  static:quiet(0.7x) 
19:37:30  max=0.68 (cart 0.68, frontend 0.36)  static:quiet(0.7x) 
19:38:00  max=0.68 (cart 0.68, frontend 0.36)  static:quiet(0.7x) 
19:38:30  max=0.68 (cart 0.68, frontend 0.36)  static:quiet(0.7x) 
19:39:00  max=0.68 (cart 0.68, frontend 0.36)  static:quiet(0.7x) 
19:39:30  max=0.68 (cart 0.68, frontend 0.36)  static:quiet(0.7x) 
19:40:00  max=0.68 (cart 0.68, frontend 0.36)  static:quiet(0.7x) 
19:40:30  max=0.68 (cart 0.68, frontend 0.36)  static:quiet(0.7x) 
19:41:00  max=0.68 (cart 0.68, frontend 0.35)  static:quiet(0.8x) 
19:41:30  max=0.68 (cart 0.68, frontend 0.35)  static:quiet(0.7x) 
19:42:00  max=0.68 (cart 0.68, frontend 0.35)  static:quiet(0.7x) 
19:42:30  max=0.68 (cart 0.68, frontend 0.35)  static:quiet(0.7x) 
19:43:00  max=0.68 (cart 0.68, frontend 0.35)  static:quiet(0.7x) 
19:43:30  max=0.68 (cart 0.68, frontend 0.36)  static:quiet(0.7x) 
19:44:00  max=0.68 (cart 0.68, frontend 0.36)  static:quiet(0.7x) 
19:44:30  max=0.68 (cart 0.68, frontend 0.36)  static:quiet(0.8x) 
19:45:00  max=0.68 (cart 0.68, frontend 0.36)  static:quiet(0.8x) 
19:45:30  max=0.68 (cart 0.68, frontend 0.36)  static:quiet(0.8x) 
19:46:00  max=0.68 (cart 0.68, frontend 0.36)  static:quiet(0.7x) 
19:46:30  max=0.68 (cart 0.68, frontend 0.36)  static:quiet(0.7x) 
19:47:00  max=0.68 (cart 0.68, frontend 0.36)  static:quiet(0.7x) 
19:47:30  max=0.68 (cart 0.68, frontend 0.36)  static:quiet(0.7x) 
19:48:00  max=0.68 (cart 0.68, frontend 0.36)  static:quiet(0.8x) 
19:48:30  max=0.68 (cart 0.68, frontend 0.36)  static:quiet(0.7x) 
19:49:00  max=0.68 (cart 0.68, frontend 0.36)  static:quiet(0.7x) 
19:49:30  max=0.68 (cart 0.68, frontend 0.36)  static:quiet(0.7x) 
19:50:00  max=0.69 (cart 0.69, frontend 0.36)  static:quiet(0.7x) 
19:50:30  max=0.69 (cart 0.69, frontend 0.37)  static:quiet(0.7x) 
19:51:00  max=0.69 (cart 0.69, frontend 0.37)  static:quiet(0.7x) 
19:51:30  max=0.68 (cart 0.68, frontend 0.37)  static:quiet(0.7x) 
19:52:00  max=0.68 (cart 0.68, frontend 0.36)  static:quiet(0.7x) 
19:52:30  max=0.68 (cart 0.68, frontend 0.36)  static:quiet(0.7x) 
19:53:00  max=0.68 (cart 0.68, frontend 0.36)  static:quiet(0.7x) 
19:53:30  max=0.68 (cart 0.68, frontend 0.36)  static:quiet(0.7x) 
19:54:00  max=0.68 (cart 0.68, frontend 0.35)  static:quiet(0.7x) 
19:54:30  max=0.68 (cart 0.68, frontend 0.35)  static:quiet(0.7x) 
19:55:00  max=0.68 (cart 0.68, frontend 0.35)  static:quiet(0.7x) 
19:55:30  max=0.68 (cart 0.68, frontend 0.36)  static:quiet(0.7x) 
19:56:00  max=0.68 (cart 0.68, frontend 0.36)  static:quiet(0.8x) 
19:56:30  max=0.68 (cart 0.68, frontend 0.36)  static:quiet(0.8x) 
19:57:00  max=0.68 (cart 0.68, frontend 0.35)  static:quiet(0.8x) 
19:57:30  max=0.68 (cart 0.68, frontend 0.35)  static:quiet(0.7x) 
19:58:00  max=0.68 (cart 0.68, frontend 0.35)  static:quiet(0.7x) 
19:58:30  max=0.68 (cart 0.68, frontend 0.35)  static:quiet(0.7x) 
19:59:00  max=0.68 (cart 0.68, frontend 0.35)  static:quiet(0.7x) 
19:59:30  max=0.68 (cart 0.68, frontend 0.36)  static:quiet(0.8x) 
20:00:00  max=0.68 (cart 0.68, frontend 0.36)  static:quiet(0.7x) 
20:00:30  max=0.68 (cart 0.68, frontend 0.36)  static:quiet(0.8x) 
20:01:00  max=0.68 (cart 0.68, frontend 0.37)  static:quiet(0.8x) 
20:01:30  max=0.68 (cart 0.68, frontend 0.37)  static:quiet(0.8x) 
20:02:00  max=0.68 (cart 0.68, frontend 0.37)  static:quiet(0.8x) 
20:02:30  max=0.68 (cart 0.68, frontend 0.37)  static:quiet(0.7x) 
20:03:00  max=0.68 (cart 0.68, frontend 0.37)  static:quiet(0.7x) 
20:03:30  max=0.68 (cart 0.68, frontend 0.37)  static:quiet(0.7x) 
20:04:00  max=0.68 (cart 0.68, frontend 0.37)  static:quiet(0.7x) 
20:04:30  max=0.69 (cart 0.69, frontend 0.37)  static:quiet(0.7x) 
20:05:00  max=0.69 (cart 0.69, frontend 0.37)  static:quiet(0.7x) 
20:05:30  max=0.68 (cart 0.68, frontend 0.37)  static:quiet(0.7x) 
20:06:00  max=0.68 (cart 0.68, frontend 0.37)  static:quiet(0.8x) 
20:06:30  max=0.68 (cart 0.68, frontend 0.37)  static:quiet(0.8x) 
20:07:00  max=0.68 (cart 0.68, frontend 0.37)  static:quiet(0.8x) 
20:07:30  max=0.68 (cart 0.68, frontend 0.37)  static:quiet(0.8x) 
20:08:00  max=0.68 (cart 0.68, frontend 0.36)  static:quiet(0.7x) 
20:08:30  max=0.68 (cart 0.68, frontend 0.37)  static:quiet(0.7x) 
20:09:00  max=0.68 (cart 0.68, frontend 0.37)  static:quiet(0.7x) 
20:09:30  max=0.68 (cart 0.68, frontend 0.37)  static:quiet(0.7x) 
20:10:00  max=0.68 (cart 0.68, frontend 0.37)  static:quiet(0.7x) 
20:10:30  max=0.68 (cart 0.68, frontend 0.37)  static:quiet(0.7x) 
20:11:00  max=0.68 (cart 0.68, frontend 0.37)  static:quiet(0.7x) 
20:11:30  max=0.68 (cart 0.68, frontend 0.37)  static:quiet(0.7x) 
20:12:00  max=0.68 (cart 0.68, frontend 0.37)  static:quiet(0.7x) 
20:12:30  max=0.68 (cart 0.68, frontend 0.36)  static:quiet(0.7x) 
20:13:00  max=0.68 (cart 0.68, frontend 0.36)  static:quiet(0.7x) 
20:13:30  max=0.68 (cart 0.68, frontend 0.35)  static:quiet(0.7x) 
20:14:00  max=0.68 (cart 0.68, frontend 0.35)  static:quiet(0.7x) 
20:14:30  max=0.68 (cart 0.68, frontend 0.35)  static:quiet(0.7x) 
20:15:00  max=0.68 (cart 0.68, frontend 0.35)  static:quiet(0.7x) 
20:15:30  max=0.68 (cart 0.68, frontend 0.35)  static:quiet(0.7x) 
20:16:00  max=0.68 (cart 0.68, frontend 0.35)  static:quiet(0.7x) 
20:16:30  max=0.68 (cart 0.68, frontend 0.35)  static:quiet(0.7x) 
20:17:00  max=0.68 (cart 0.68, frontend 0.35)  static:quiet(0.7x) 
20:17:30  max=0.68 (cart 0.68, frontend 0.35)  static:quiet(0.7x) 
20:18:00  max=0.68 (cart 0.68, frontend 0.35)  static:quiet(0.7x) 
20:18:30  max=0.68 (cart 0.68, frontend 0.35)  static:quiet(0.7x) 
20:19:00  max=0.68 (cart 0.68, frontend 0.35)  static:quiet(0.7x) 
20:19:30  max=0.68 (cart 0.68, frontend 0.35)  static:quiet(0.7x) 
20:20:00  max=0.68 (cart 0.68, frontend 0.35)  static:quiet(0.9x) 
20:20:30  max=0.68 (cart 0.68, frontend 0.35)  static:quiet(0.9x) 
20:21:00  max=0.68 (cart 0.68, frontend 0.36)  static:quiet(0.9x) 
20:21:30  max=0.68 (cart 0.68, frontend 0.36)  static:quiet(0.7x) 
20:22:00  max=0.68 (cart 0.68, frontend 0.36)  static:quiet(0.7x) 
20:22:30  max=0.68 (cart 0.68, frontend 0.36)  static:quiet(0.7x) 
20:23:00  max=0.68 (cart 0.68, frontend 0.36)  static:quiet(0.7x) 
20:23:30  max=0.68 (cart 0.68, frontend 0.36)  static:quiet(0.7x) 
20:24:00  max=0.68 (cart 0.68, frontend 0.36)  static:quiet(0.7x) 
20:24:30  max=0.68 (cart 0.68, frontend 0.36)  static:quiet(0.7x) 
20:25:00  max=0.68 (cart 0.68, frontend 0.37)  static:quiet(0.7x) 
20:25:30  max=0.68 (cart 0.68, frontend 0.37)  static:quiet(0.7x) 
20:26:00  max=0.68 (cart 0.68, frontend 0.36)  static:quiet(0.7x) 
20:26:30  max=0.68 (cart 0.68, frontend 0.35)  static:quiet(0.7x) 
20:27:00  max=0.68 (cart 0.68, frontend 0.35)  static:quiet(0.8x) 
20:27:30  max=0.68 (cart 0.68, frontend 0.35)  static:quiet(0.8x) 
20:28:00  max=0.68 (cart 0.68, frontend 0.35)  static:quiet(0.7x) 
20:28:30  max=0.68 (cart 0.68, frontend 0.35)  static:quiet(0.7x) 
20:29:00  max=0.68 (cart 0.68, frontend 0.35)  static:quiet(0.7x) 
20:29:30  max=0.68 (cart 0.68, frontend 0.36)  static:quiet(0.7x) 
20:30:00  max=0.68 (cart 0.68, frontend 0.36)  static:quiet(0.7x) 
20:30:30  max=0.68 (cart 0.68, frontend 0.36)  static:quiet(0.7x) 
20:31:00  max=0.68 (cart 0.68, frontend 0.37)  static:quiet(0.7x) 
20:31:30  max=0.68 (cart 0.68, frontend 0.37)  static:quiet(0.7x) 
20:32:00  max=0.68 (cart 0.68, frontend 0.37)  static:quiet(0.8x) 
20:32:30  max=0.68 (cart 0.68, frontend 0.36)  static:quiet(0.8x) 
20:33:00  max=0.68 (cart 0.68, frontend 0.36)  static:quiet(0.8x) 
20:33:30  max=0.68 (cart 0.68, frontend 0.36)  static:quiet(0.7x) 
20:34:00  max=0.68 (cart 0.68, frontend 0.36)  static:quiet(0.7x) 
20:34:30  max=0.68 (cart 0.68, frontend 0.36)  static:quiet(0.7x) 
20:35:00  max=0.68 (cart 0.68, frontend 0.36)  static:quiet(0.7x) 
20:35:30  max=0.69 (cart 0.69, frontend 0.36)  static:quiet(0.7x) 
20:36:00  max=0.69 (cart 0.69, frontend 0.37)  static:quiet(0.7x) 
20:36:30  max=0.69 (cart 0.69, frontend 0.37)  static:quiet(0.7x) 
20:37:00  max=0.69 (cart 0.69, frontend 0.37)  static:quiet(0.7x) 
20:37:30  max=0.68 (cart 0.68, frontend 0.37)  static:quiet(0.7x) 
20:38:00  max=0.68 (cart 0.68, frontend 0.37)  static:quiet(0.7x) 
20:38:30  max=0.68 (cart 0.68, frontend 0.37)  static:quiet(0.8x) 
20:39:00  max=0.68 (cart 0.68, frontend 0.36)  static:quiet(0.7x) 
20:39:30  max=0.68 (cart 0.68, frontend 0.36)  static:quiet(0.7x) 
20:40:00  max=0.68 (cart 0.68, frontend 0.36)  static:quiet(0.7x) 
20:40:30  max=0.68 (cart 0.68, frontend 0.36)  static:quiet(0.7x) 
20:41:00  max=0.68 (cart 0.68, frontend 0.36)  static:quiet(0.7x) 
20:41:30  max=0.68 (cart 0.68, frontend 0.35)  static:quiet(0.7x) 
20:42:00  max=0.68 (cart 0.68, frontend 0.35)  static:quiet(0.7x) 
20:42:30  max=0.68 (cart 0.68, frontend 0.35)  static:quiet(0.7x) 
20:43:00  max=0.68 (cart 0.68, frontend 0.35)  static:quiet(0.7x) 
20:43:30  max=0.68 (cart 0.68, frontend 0.35)  static:quiet(0.7x) 
20:44:00  max=0.68 (cart 0.68, frontend 0.35)  static:quiet(0.7x) 
20:44:30  max=0.68 (cart 0.68, frontend 0.35)  static:quiet(0.7x) 
20:45:00  max=0.68 (cart 0.68, frontend 0.35)  static:quiet(0.7x) 
20:45:30  max=0.68 (cart 0.68, frontend 0.35)  static:quiet(0.7x) 
20:46:00  max=0.68 (cart 0.68, frontend 0.35)  static:quiet(0.8x) 
20:46:30  max=0.68 (cart 0.68, frontend 0.35)  static:quiet(0.8x) 
20:47:00  max=0.68 (cart 0.68, frontend 0.36)  static:quiet(0.8x) 
20:47:30  max=0.68 (cart 0.68, frontend 0.36)  static:quiet(0.7x) 
20:48:00  max=0.68 (cart 0.68, frontend 0.36)  static:quiet(0.7x) 
20:48:30  max=0.68 (cart 0.68, frontend 0.36)  static:quiet(0.8x) 
20:49:00  max=0.68 (cart 0.68, frontend 0.37)  static:quiet(0.8x) 
20:49:30  max=0.68 (cart 0.68, frontend 0.37)  static:quiet(0.7x) 
20:50:00  max=0.69 (cart 0.69, frontend 0.37)  static:quiet(0.7x) 
20:50:30  max=0.69 (cart 0.69, frontend 0.38)  static:quiet(0.7x) 
20:51:00  max=0.68 (cart 0.68, frontend 0.38)  static:quiet(0.7x) 
20:51:30  max=0.68 (cart 0.68, frontend 0.37)  static:quiet(0.7x) 
20:52:00  max=0.68 (cart 0.68, frontend 0.37)  static:quiet(0.7x) 
20:52:30  max=0.68 (cart 0.68, frontend 0.36)  static:quiet(0.7x) 
20:53:00  max=0.68 (cart 0.68, frontend 0.36)  static:quiet(0.7x) 
20:53:30  max=0.68 (cart 0.68, frontend 0.36)  static:quiet(0.7x) 
20:54:00  max=0.68 (cart 0.68, frontend 0.36)  static:quiet(0.8x) 
20:54:30  max=0.68 (cart 0.68, frontend 0.36)  static:quiet(0.8x) 
20:55:00  max=0.68 (cart 0.68, frontend 0.36)  static:quiet(0.8x) 
20:55:30  max=0.68 (cart 0.68, frontend 0.36)  static:quiet(0.9x) 
20:56:00  max=0.68 (cart 0.68, frontend 0.36)  static:quiet(0.8x) 
20:56:30  max=0.68 (cart 0.68, frontend 0.37)  static:quiet(0.7x) 
20:57:00  max=0.68 (cart 0.68, frontend 0.37)  static:quiet(0.8x) 
20:57:30  max=0.68 (cart 0.68, frontend 0.37)  static:quiet(0.8x) 
20:58:00  max=0.68 (cart 0.68, frontend 0.38)  static:quiet(0.8x) 
20:58:30  max=0.68 (cart 0.68, frontend 0.38)  static:quiet(0.8x) 
20:59:00  max=0.68 (cart 0.68, frontend 0.38)  static:quiet(0.8x) 
20:59:30  max=0.69 (cart 0.69, frontend 0.38)  static:quiet(0.9x) 
21:00:00  max=0.69 (cart 0.69, frontend 0.39)  static:quiet(0.8x) 
21:00:30  max=0.69 (cart 0.69, frontend 0.39)  static:quiet(0.8x) 
21:01:00  max=0.69 (cart 0.69, frontend 0.39)  static:quiet(0.8x) 
21:01:30  max=0.69 (cart 0.69, frontend 0.39)  static:quiet(0.8x) 
21:02:00  max=0.69 (cart 0.69, frontend 0.39)  static:quiet(0.8x) 
21:02:30  max=0.69 (cart 0.69, frontend 0.39)  static:quiet(0.8x) 
21:03:00  max=0.69 (cart 0.69, frontend 0.39)  static:quiet(0.8x) 
21:03:30  max=0.69 (cart 0.69, frontend 0.38)  static:quiet(0.8x) 
21:04:00  max=0.69 (cart 0.69, frontend 0.38)  static:quiet(0.8x) 
21:04:30  max=0.69 (cart 0.69, frontend 0.38)  static:quiet(0.8x) 
21:05:00  max=0.69 (cart 0.69, frontend 0.38)  static:quiet(0.8x) 
21:05:30  max=0.69 (cart 0.69, frontend 0.38)  static:quiet(0.8x) 
21:06:00  max=0.69 (cart 0.69, frontend 0.38)  static:quiet(0.8x) 
21:06:30  max=0.69 (cart 0.69, frontend 0.38)  static:quiet(0.8x) 
21:07:00  max=0.69 (cart 0.69, frontend 0.39)  static:quiet(0.8x) 
21:07:30  max=0.69 (cart 0.69, frontend 0.39)  static:quiet(0.8x) 
21:08:00  max=0.69 (cart 0.69, frontend 0.39)  static:quiet(0.8x) 
21:08:30  max=0.69 (cart 0.69, frontend 0.39)  static:quiet(0.8x) 
21:09:00  max=0.69 (cart 0.69, frontend 0.39)  static:quiet(0.8x) 
21:09:30  max=0.69 (cart 0.69, frontend 0.39)  static:quiet(0.8x) 
21:10:00  max=0.69 (cart 0.69, frontend 0.39)  static:quiet(0.8x) 
21:10:30  max=0.69 (cart 0.69, frontend 0.39)  static:quiet(0.8x) 
21:11:00  max=0.69 (cart 0.69, frontend 0.38)  static:quiet(0.8x) 
21:11:30  max=0.69 (cart 0.69, frontend 0.38)  static:quiet(0.8x) 
21:12:00  max=0.69 (cart 0.69, frontend 0.38)  static:quiet(0.8x) 
21:12:30  max=0.69 (cart 0.69, frontend 0.38)  static:quiet(0.8x) 
21:13:00  max=0.69 (cart 0.69, frontend 0.38)  static:quiet(0.8x) 
21:13:30  max=0.69 (cart 0.69, frontend 0.38)  static:quiet(0.8x) 
21:14:00  max=0.69 (cart 0.69, frontend 0.38)  static:quiet(0.9x) 
21:14:30  max=0.69 (cart 0.69, frontend 0.38)  static:quiet(1.0x) 
21:15:00  max=0.69 (cart 0.69, frontend 0.39)  static:quiet(0.9x) 
21:15:30  max=0.69 (cart 0.69, frontend 0.39)  static:quiet(0.9x) 
21:16:00  max=0.69 (cart 0.69, frontend 0.39)  static:quiet(0.8x) 
21:16:30  max=0.69 (cart 0.69, frontend 0.39)  static:quiet(0.8x) 
21:17:00  max=0.69 (cart 0.69, frontend 0.39)  static:quiet(0.8x) 
21:17:30  max=0.68 (cart 0.68, frontend 0.39)  static:quiet(0.8x) 
21:18:00  max=0.68 (cart 0.68, frontend 0.39)  static:quiet(0.8x) 
21:18:30  max=0.68 (cart 0.68, frontend 0.39)  static:quiet(0.8x) 
21:19:00  max=0.68 (cart 0.68, frontend 0.39)  static:quiet(0.8x) 
21:19:30  max=0.68 (cart 0.68, frontend 0.39)  static:quiet(0.8x) 
21:20:00  max=0.68 (cart 0.68, frontend 0.39)  static:quiet(0.8x) 
21:20:30  max=0.68 (cart 0.68, frontend 0.39)  static:quiet(0.8x) 
21:21:00  max=0.68 (cart 0.68, frontend 0.38)  static:quiet(0.8x) 
21:21:30  max=0.69 (cart 0.69, frontend 0.38)  static:quiet(0.9x) 
21:22:00  max=0.69 (cart 0.69, frontend 0.38)  static:quiet(0.8x) 
21:22:30  max=0.69 (cart 0.69, frontend 0.38)  static:quiet(0.8x) 
21:23:00  max=0.69 (cart 0.69, frontend 0.38)  static:quiet(0.8x) 
21:23:30  max=0.69 (cart 0.69, frontend 0.38)  static:quiet(0.8x) 
21:24:00  max=0.69 (cart 0.69, frontend 0.38)  static:quiet(0.8x) 
21:24:30  max=0.69 (cart 0.69, frontend 0.39)  static:quiet(0.9x) 
21:25:00  max=0.69 (cart 0.69, frontend 0.38)  static:quiet(0.8x) 
21:25:30  max=0.69 (cart 0.69, frontend 0.38)  static:quiet(0.8x) 
21:26:00  max=0.69 (cart 0.69, frontend 0.38)  static:quiet(0.7x) 
21:26:30  max=0.69 (cart 0.69, frontend 0.38)  static:quiet(0.8x) 
21:27:00  max=0.69 (cart 0.69, frontend 0.38)  static:quiet(0.8x) 
21:27:30  max=0.68 (cart 0.68, frontend 0.38)  static:quiet(0.8x) 
21:28:00  max=0.68 (cart 0.68, frontend 0.38)  static:quiet(0.8x) 
21:28:30  max=0.68 (cart 0.68, frontend 0.37)  static:quiet(0.8x) 
21:29:00  max=0.68 (cart 0.68, frontend 0.37)  static:quiet(0.7x) 
21:29:30  max=0.68 (cart 0.68, frontend 0.37)  static:quiet(0.7x) 
21:30:00  max=0.68 (cart 0.68, frontend 0.37)  static:quiet(0.7x) 
21:30:30  max=0.68 (cart 0.68, frontend 0.37)  static:quiet(0.7x) 
21:31:00  max=0.68 (cart 0.68, frontend 0.37)  static:quiet(0.7x) 
21:31:30  max=0.68 (cart 0.68, frontend 0.37)  static:quiet(0.8x) 
21:32:00  max=0.68 (cart 0.68, frontend 0.37)  static:quiet(0.8x) 
21:32:30  max=0.68 (cart 0.68, frontend 0.37)  static:quiet(0.8x) 
21:33:00  max=0.68 (cart 0.68, frontend 0.37)  static:quiet(0.7x) 
21:33:30  max=0.68 (cart 0.68, frontend 0.37)  static:quiet(0.7x) 
21:34:00  max=0.68 (cart 0.68, frontend 0.37)  static:quiet(0.7x) 
21:34:30  max=0.68 (cart 0.68, frontend 0.36)  static:quiet(0.7x) 
21:35:00  max=0.68 (cart 0.68, frontend 0.36)  static:quiet(0.7x) 
21:35:30  max=0.68 (cart 0.68, frontend 0.36)  static:quiet(0.8x) 
21:36:00  max=0.68 (cart 0.68, frontend 0.36)  static:quiet(0.8x) 
21:36:30  max=0.68 (cart 0.68, frontend 0.36)  static:quiet(0.8x) 
21:37:00  max=0.68 (cart 0.68, frontend 0.36)  static:quiet(0.7x) 
21:37:30  max=0.68 (cart 0.68, frontend 0.35)  static:quiet(0.7x) 
21:38:00  max=0.68 (cart 0.68, frontend 0.36)  static:quiet(0.7x) 
21:38:30  max=0.68 (cart 0.68, frontend 0.36)  static:quiet(0.7x) 
21:39:00  max=0.68 (cart 0.68, frontend 0.36)  static:quiet(0.7x) 
21:39:30  max=0.68 (cart 0.68, frontend 0.36)  static:quiet(0.7x) 
21:40:00  max=0.68 (cart 0.68, frontend 0.36)  static:quiet(0.7x) 
21:40:30  max=0.68 (cart 0.68, frontend 0.36)  static:quiet(0.7x) 
21:41:00  max=0.68 (cart 0.68, frontend 0.36)  static:quiet(0.7x) 
21:41:30  max=0.68 (cart 0.68, frontend 0.36)  static:quiet(0.7x) 
21:42:00  max=0.68 (cart 0.68, frontend 0.35)  static:quiet(0.7x) 
21:42:30  max=0.68 (cart 0.68, frontend 0.35)  static:quiet(0.7x) 
21:43:00  max=0.68 (cart 0.68, frontend 0.36)  static:quiet(0.8x) 
21:43:30  max=0.68 (cart 0.68, frontend 0.36)  static:quiet(0.8x) 
21:44:00  max=0.68 (cart 0.68, frontend 0.36)  static:quiet(0.8x) 
21:44:30  max=0.68 (cart 0.68, frontend 0.35)  static:quiet(0.7x) 
21:45:00  max=0.68 (cart 0.68, frontend 0.35)  static:quiet(0.7x) 
21:45:30  max=0.68 (cart 0.68, frontend 0.35)  static:quiet(0.7x) 
21:46:00  max=0.68 (cart 0.68, frontend 0.36)  static:quiet(0.7x) 
21:46:30  max=0.68 (cart 0.68, frontend 0.36)  static:quiet(0.7x) 
21:47:00  max=0.68 (cart 0.68, frontend 0.36)  static:quiet(0.7x) 
21:47:30  max=0.68 (cart 0.68, frontend 0.36)  static:quiet(0.7x) 
21:48:00  max=0.68 (cart 0.68, frontend 0.37)  static:quiet(0.7x) 
21:48:30  max=0.68 (cart 0.68, frontend 0.36)  static:quiet(0.7x) 
21:49:00  max=0.68 (cart 0.68, frontend 0.36)  static:quiet(0.8x) 
21:49:30  max=0.68 (cart 0.68, frontend 0.35)  static:quiet(0.7x) 
21:50:00  max=0.68 (cart 0.68, frontend 0.35)  static:quiet(0.7x) 
21:50:30  max=0.68 (cart 0.68, frontend 0.36)  static:quiet(0.7x) 
21:51:00  max=0.68 (cart 0.68, frontend 0.36)  static:quiet(0.7x) 
21:51:30  max=0.68 (cart 0.68, frontend 0.36)  static:quiet(0.7x) 
21:52:00  max=0.68 (cart 0.68, frontend 0.36)  static:quiet(0.7x) 
21:52:30  max=0.68 (cart 0.68, frontend 0.36)  static:quiet(0.7x) 
21:53:00  max=0.68 (cart 0.68, frontend 0.35)  static:quiet(0.7x) 
21:53:30  max=0.68 (cart 0.68, frontend 0.35)  static:quiet(0.7x) 
21:54:00  max=0.68 (cart 0.68, frontend 0.35)  static:quiet(0.8x) 
21:54:30  max=0.68 (cart 0.68, frontend 0.35)  static:quiet(0.8x) 
21:55:00  max=0.68 (cart 0.68, frontend 0.35)  static:quiet(0.9x) 
21:55:30  max=0.68 (cart 0.68, frontend 0.35)  static:quiet(0.8x) 
21:56:00  max=0.68 (cart 0.68, frontend 0.35)  static:quiet(0.7x) 
21:56:30  max=0.68 (cart 0.68, frontend 0.35)  static:quiet(0.7x) 
21:57:00  max=0.68 (cart 0.68, frontend 0.36)  static:quiet(0.7x) 
21:57:30  max=0.68 (cart 0.68, frontend 0.36)  static:quiet(0.7x) 
21:58:00  max=0.69 (cart 0.69, frontend 0.37)  static:quiet(0.7x) 
21:58:30  max=0.69 (cart 0.69, frontend 0.37)  static:quiet(0.7x) 
21:59:00  max=0.69 (cart 0.69, frontend 0.37)  static:quiet(0.7x) 
21:59:30  max=0.69 (cart 0.69, frontend 0.37)  static:quiet(0.7x) 
22:00:00  max=0.69 (cart 0.69, frontend 0.37)  static:quiet(0.7x) 
22:00:30  max=0.68 (cart 0.68, frontend 0.37)  static:quiet(0.7x) 
22:01:00  max=0.68 (cart 0.68, frontend 0.36)  static:quiet(0.7x) 
22:01:30  max=0.68 (cart 0.68, frontend 0.35)  static:quiet(0.7x) 
22:02:00  max=0.68 (cart 0.68, frontend 0.35)  static:quiet(0.7x) 
22:02:30  max=0.68 (cart 0.68, frontend 0.35)  static:quiet(0.7x) 
22:03:00  max=0.68 (cart 0.68, frontend 0.35)  static:quiet(0.7x) 
22:03:30  max=0.68 (cart 0.68, frontend 0.35)  static:quiet(0.7x) 
22:04:00  max=0.68 (cart 0.68, frontend 0.36)  static:quiet(0.7x) 
22:04:30  max=0.68 (cart 0.68, frontend 0.36)  static:quiet(0.7x) 
22:05:00  max=0.68 (cart 0.68, frontend 0.36)  static:quiet(0.7x) 
22:05:30  max=0.68 (cart 0.68, frontend 0.36)  static:quiet(0.7x) 
22:06:00  max=0.68 (cart 0.68, frontend 0.36)  static:quiet(0.7x) 
22:06:30  max=0.68 (cart 0.68, frontend 0.36)  static:quiet(0.7x) 
22:07:00  max=0.68 (cart 0.68, frontend 0.36)  static:quiet(0.7x) 
22:07:30  max=0.68 (cart 0.68, frontend 0.36)  static:quiet(0.7x) 
22:08:00  max=0.68 (cart 0.68, frontend 0.36)  static:quiet(0.8x) 
22:08:30  max=0.68 (cart 0.68, frontend 0.36)  static:quiet(0.7x) 
22:09:00  max=0.68 (cart 0.68, frontend 0.37)  static:quiet(0.7x) 
22:09:30  max=0.68 (cart 0.68, frontend 0.37)  static:quiet(0.7x) 
22:10:00  max=0.68 (cart 0.68, frontend 0.36)  static:quiet(0.7x) 
22:10:30  max=0.68 (cart 0.68, frontend 0.36)  static:quiet(0.7x) 
22:11:00  max=0.68 (cart 0.68, frontend 0.36)  static:quiet(0.7x) 
22:11:30  max=0.68 (cart 0.68, frontend 0.36)  static:quiet(0.7x) 
22:12:00  max=0.68 (cart 0.68, frontend 0.36)  static:quiet(0.7x) 
22:12:30  max=0.68 (cart 0.68, frontend 0.36)  static:quiet(0.7x) 
22:13:00  max=0.68 (cart 0.68, frontend 0.36)  static:quiet(0.7x) 
22:13:30  max=0.68 (cart 0.68, frontend 0.36)  static:quiet(0.7x) 
22:14:00  max=0.68 (cart 0.68, frontend 0.36)  static:quiet(0.7x) 
22:14:30  max=0.68 (cart 0.68, frontend 0.36)  static:quiet(0.7x) 
22:15:00  max=0.68 (cart 0.68, frontend 0.36)  static:quiet(0.7x) 
22:15:30  max=0.68 (cart 0.68, frontend 0.36)  static:quiet(0.7x) 
22:16:00  max=0.68 (cart 0.68, frontend 0.36)  static:quiet(0.7x) 
22:16:30  max=0.68 (cart 0.68, frontend 0.36)  static:quiet(0.7x) 
22:17:00  max=0.68 (cart 0.68, frontend 0.35)  static:quiet(0.7x) 
22:17:30  max=0.68 (cart 0.68, frontend 0.35)  static:quiet(0.7x) 
22:18:00  max=0.68 (cart 0.68, frontend 0.35)  static:quiet(0.7x) 
22:18:30  max=0.68 (cart 0.68, frontend 0.35)  static:quiet(0.7x) 
22:19:00  max=0.68 (cart 0.68, frontend 0.35)  static:quiet(0.8x) 
22:19:30  max=0.68 (cart 0.68, frontend 0.36)  static:quiet(0.8x) 
22:20:00  max=0.68 (cart 0.68, frontend 0.36)  static:quiet(0.8x) 
22:20:30  max=0.68 (cart 0.68, frontend 0.36)  static:quiet(0.7x) 
22:21:00  max=0.68 (cart 0.68, frontend 0.36)  static:quiet(0.7x) 
22:21:30  max=0.68 (cart 0.68, frontend 0.37)  static:quiet(0.7x) 
22:22:00  max=0.68 (cart 0.68, frontend 0.37)  static:quiet(0.7x) 
22:22:30  max=0.68 (cart 0.68, frontend 0.37)  static:quiet(0.7x) 
22:23:00  max=0.68 (cart 0.68, frontend 0.37)  static:quiet(0.7x) 
22:23:30  max=0.68 (cart 0.68, frontend 0.37)  static:quiet(0.7x) 
22:24:00  max=0.68 (cart 0.68, frontend 0.38)  static:quiet(0.7x) 
22:24:30  max=0.68 (cart 0.68, frontend 0.38)  static:quiet(0.7x) 
22:25:00  max=0.68 (cart 0.68, frontend 0.37)  static:quiet(0.7x) 
22:25:30  max=0.68 (cart 0.68, frontend 0.36)  static:quiet(0.7x) 
22:26:00  max=0.68 (cart 0.68, frontend 0.36)  static:quiet(0.7x) 
22:26:30  max=0.68 (cart 0.68, frontend 0.36)  static:quiet(0.7x) 
22:27:00  max=0.68 (cart 0.68, frontend 0.35)  static:quiet(0.7x) 
22:27:30  max=0.68 (cart 0.68, frontend 0.35)  static:quiet(0.7x) 
22:28:00  max=0.68 (cart 0.68, frontend 0.35)  static:quiet(0.7x) 
22:28:30  max=0.68 (cart 0.68, frontend 0.35)  static:quiet(0.7x) 
22:29:00  max=0.68 (cart 0.68, frontend 0.36)  static:quiet(0.7x) 
22:29:30  max=0.68 (cart 0.68, frontend 0.36)  static:quiet(0.7x) 
22:30:00  max=0.68 (cart 0.68, frontend 0.36)  static:quiet(0.7x) 
22:30:30  max=0.68 (cart 0.68, frontend 0.36)  static:quiet(0.7x) 
22:31:00  max=0.68 (cart 0.68, frontend 0.36)  static:quiet(0.7x) 
22:31:30  max=0.68 (cart 0.68, frontend 0.36)  static:quiet(0.7x) 
22:32:00  max=0.68 (cart 0.68, frontend 0.36)  static:quiet(0.7x) 
22:32:30  max=0.68 (cart 0.68, frontend 0.36)  static:quiet(0.8x) 
22:33:00  max=0.68 (cart 0.68, frontend 0.36)  static:quiet(0.7x) 
22:33:30  max=0.68 (cart 0.68, frontend 0.36)  static:quiet(0.7x) 
22:34:00  max=0.68 (cart 0.68, frontend 0.36)  static:quiet(0.7x) 
22:34:30  max=0.68 (cart 0.68, frontend 0.36)  static:quiet(0.7x) 
22:35:00  max=0.68 (cart 0.68, frontend 0.36)  static:quiet(0.7x) 
22:35:30  max=0.68 (cart 0.68, frontend 0.36)  static:quiet(0.7x) 
22:36:00  max=0.68 (cart 0.68, frontend 0.36)  static:quiet(0.7x) 
22:36:30  max=0.68 (cart 0.68, frontend 0.36)  static:quiet(0.7x) 
22:37:00  max=0.68 (cart 0.68, frontend 0.36)  static:quiet(0.7x) 
22:37:30  max=0.68 (cart 0.68, frontend 0.37)  static:quiet(0.8x) 
22:38:00  max=0.68 (cart 0.68, frontend 0.37)  static:quiet(0.8x) 
22:38:30  max=0.68 (cart 0.68, frontend 0.36)  static:quiet(0.7x) 
22:39:00  max=0.68 (cart 0.68, frontend 0.36)  static:quiet(0.7x) 
22:39:30  max=0.68 (cart 0.68, frontend 0.36)  static:quiet(0.7x) 
22:40:00  max=0.68 (cart 0.68, frontend 0.36)  static:quiet(0.7x) 
22:40:30  max=0.68 (cart 0.68, frontend 0.36)  static:quiet(0.7x) 
22:41:00  max=0.68 (cart 0.68, frontend 0.36)  static:quiet(0.7x) 
22:41:30  max=0.68 (cart 0.68, frontend 0.36)  static:quiet(0.7x) 
22:42:00  max=0.68 (cart 0.68, frontend 0.36)  static:quiet(0.7x) 
22:42:30  max=0.68 (cart 0.68, frontend 0.36)  static:quiet(0.7x) 
22:43:00  max=0.68 (cart 0.68, frontend 0.36)  static:quiet(0.7x) 
22:43:30  max=0.68 (cart 0.68, frontend 0.36)  static:quiet(0.7x) 
22:44:00  max=0.68 (cart 0.68, frontend 0.36)  static:quiet(0.7x) 
22:44:30  max=0.68 (cart 0.68, frontend 0.36)  static:quiet(0.7x) 
22:45:00  max=0.68 (cart 0.68, frontend 0.35)  static:quiet(0.7x) 
22:45:30  max=0.68 (cart 0.68, frontend 0.35)  static:quiet(0.7x) 
22:46:00  max=0.68 (cart 0.68, frontend 0.36)  static:quiet(0.7x) 
22:46:30  max=0.68 (cart 0.68, frontend 0.36)  static:quiet(0.7x) 
22:47:00  max=0.68 (cart 0.68, frontend 0.35)  static:quiet(0.7x) 
22:47:30  max=0.68 (cart 0.68, frontend 0.35)  static:quiet(0.7x) 
22:48:00  max=0.68 (cart 0.68, frontend 0.35)  static:quiet(0.7x) 
22:48:30  max=0.68 (cart 0.68, frontend 0.34)  static:quiet(0.7x) 
22:49:00  max=0.68 (cart 0.68, frontend 0.34)  static:quiet(0.7x) 
22:49:30  max=0.68 (cart 0.68, frontend 0.34)  static:quiet(0.7x) 
22:50:00  max=0.68 (cart 0.68, frontend 0.35)  static:quiet(0.8x) 
22:50:30  max=0.68 (cart 0.68, frontend 0.35)  static:quiet(0.7x) 
22:51:00  max=0.68 (cart 0.68, frontend 0.35)  static:quiet(0.7x) 
22:51:30  max=0.68 (cart 0.68, frontend 0.35)  static:quiet(0.7x) 
22:52:00  max=0.68 (cart 0.68, frontend 0.35)  static:quiet(0.7x) 
22:52:30  max=0.68 (cart 0.68, frontend 0.35)  static:quiet(0.7x) 
22:53:00  max=0.68 (cart 0.68, frontend 0.35)  static:quiet(0.7x) 
22:53:30  max=0.68 (cart 0.68, frontend 0.36)  static:quiet(0.7x) 
22:54:00  max=0.68 (cart 0.68, frontend 0.36)  static:quiet(0.7x) 
22:54:30  max=0.68 (cart 0.68, frontend 0.36)  static:quiet(0.7x) 
22:55:00  max=0.68 (cart 0.68, frontend 0.36)  static:quiet(0.7x) 
22:55:30  max=0.68 (cart 0.68, frontend 0.36)  static:quiet(0.7x) 
22:56:00  max=0.68 (cart 0.68, frontend 0.36)  static:quiet(0.7x) 
22:56:30  max=0.68 (cart 0.68, frontend 0.35)  static:quiet(0.7x) 
22:57:00  max=0.68 (cart 0.68, frontend 0.35)  static:quiet(0.7x) 
22:57:30  max=0.68 (cart 0.68, frontend 0.35)  static:quiet(0.7x) 
22:58:00  max=0.68 (cart 0.68, frontend 0.35)  static:quiet(0.7x) 
22:58:30  max=0.68 (cart 0.68, frontend 0.35)  static:quiet(0.7x) 
22:59:00  max=0.68 (cart 0.68, frontend 0.35)  static:quiet(0.7x) 
22:59:30  max=0.68 (cart 0.68, frontend 0.35)  static:quiet(0.7x) 
23:00:00  max=0.68 (cart 0.68, frontend 0.35)  static:quiet(0.7x) 
23:00:30  max=0.68 (cart 0.68, frontend 0.35)  static:quiet(0.7x) 
23:01:00  max=0.68 (cart 0.68, frontend 0.36)  static:quiet(0.7x) 
23:01:30  max=0.68 (cart 0.68, frontend 0.36)  static:quiet(0.7x) 
23:02:00  max=0.68 (cart 0.68, frontend 0.36)  static:quiet(0.7x) 
23:02:30  max=0.68 (cart 0.68, frontend 0.35)  static:quiet(0.7x) 
23:03:00  max=0.68 (cart 0.68, frontend 0.35)  static:quiet(0.7x) 
23:03:30  max=0.68 (cart 0.68, frontend 0.35)  static:quiet(0.7x) 
23:04:00  max=0.68 (cart 0.68, frontend 0.35)  static:quiet(0.7x) 
23:04:30  max=0.68 (cart 0.68, frontend 0.35)  static:quiet(0.7x) 
23:05:00  max=0.68 (cart 0.68, frontend 0.36)  static:quiet(0.7x) 
23:05:30  max=0.68 (cart 0.68, frontend 0.36)  static:quiet(0.7x) 
23:06:00  max=0.68 (cart 0.68, frontend 0.36)  static:quiet(0.8x) 
23:06:30  max=0.68 (cart 0.68, frontend 0.36)  static:quiet(0.8x) 
23:07:00  max=0.68 (cart 0.68, frontend 0.36)  static:quiet(0.9x) 
23:07:30  max=0.68 (cart 0.68, frontend 0.36)  static:quiet(0.9x) 
23:08:00  max=0.68 (cart 0.68, frontend 0.36)  static:quiet(0.9x) 
23:08:30  max=0.68 (cart 0.68, frontend 0.37)  static:quiet(0.7x) 
23:09:00  max=0.68 (cart 0.68, frontend 0.37)  static:quiet(0.7x) 
23:09:30  max=0.68 (cart 0.68, frontend 0.37)  static:quiet(0.7x) 
23:10:00  max=0.68 (cart 0.68, frontend 0.37)  static:quiet(0.7x) 
23:10:30  max=0.68 (cart 0.68, frontend 0.36)  static:quiet(0.7x) 
23:11:00  max=0.68 (cart 0.68, frontend 0.36)  static:quiet(0.7x) 
23:11:30  max=0.68 (cart 0.68, frontend 0.36)  static:quiet(0.7x) 
23:12:00  max=0.68 (cart 0.68, frontend 0.36)  static:quiet(0.7x) 
23:12:30  max=0.68 (cart 0.68, frontend 0.36)  static:quiet(0.7x) 
23:13:00  max=0.68 (cart 0.68, frontend 0.36)  static:quiet(0.7x) 
23:13:30  max=0.68 (cart 0.68, frontend 0.36)  static:quiet(0.7x) 
23:14:00  max=0.68 (cart 0.68, frontend 0.36)  static:quiet(0.7x) 
23:14:30  max=0.68 (cart 0.68, frontend 0.36)  static:quiet(0.7x) 
23:15:00  max=0.68 (cart 0.68, frontend 0.36)  static:quiet(0.7x) 
23:15:30  max=0.68 (cart 0.68, frontend 0.36)  static:quiet(0.7x) 
23:16:00  max=0.68 (cart 0.68, frontend 0.36)  static:quiet(0.7x) 
23:16:30  max=0.68 (cart 0.68, frontend 0.36)  static:quiet(0.7x) 
23:17:00  max=0.68 (cart 0.68, frontend 0.35)  static:quiet(0.7x) 
23:17:30  max=0.68 (cart 0.68, frontend 0.35)  static:quiet(0.7x) 
23:18:00  max=0.68 (cart 0.68, frontend 0.35)  static:quiet(0.7x) 
23:18:30  max=0.68 (cart 0.68, frontend 0.36)  static:quiet(0.7x) 
23:19:00  max=0.68 (cart 0.68, frontend 0.36)  static:quiet(0.7x) 
23:19:30  max=0.68 (cart 0.68, frontend 0.36)  static:quiet(0.7x) 
23:20:00  max=0.68 (cart 0.68, frontend 0.36)  static:quiet(0.7x) 
23:20:30  max=0.68 (cart 0.68, frontend 0.36)  static:quiet(0.7x) 
23:21:00  max=0.68 (cart 0.68, frontend 0.35)  static:quiet(0.7x) 
23:21:30  max=0.68 (cart 0.68, frontend 0.35)  static:quiet(0.7x) 
23:22:00  max=0.68 (cart 0.68, frontend 0.35)  static:quiet(0.7x) 
23:22:30  max=0.68 (cart 0.68, frontend 0.35)  static:quiet(0.7x) 
23:23:00  max=0.68 (cart 0.68, frontend 0.35)  static:quiet(0.7x) 
23:23:30  max=0.68 (cart 0.68, frontend 0.35)  static:quiet(0.7x) 
23:24:00  max=0.68 (cart 0.68, frontend 0.35)  static:quiet(0.7x) 
23:24:30  max=0.68 (cart 0.68, frontend 0.35)  static:quiet(0.7x) 
23:25:00  max=0.68 (cart 0.68, frontend 0.35)  static:quiet(0.7x) 
23:25:30  max=0.68 (cart 0.68, frontend 0.35)  static:quiet(0.7x) 
23:26:00  max=0.68 (cart 0.68, frontend 0.35)  static:quiet(0.7x) 
23:26:30  max=0.68 (cart 0.68, frontend 0.35)  static:quiet(0.7x) 
23:27:00  max=0.68 (cart 0.68, frontend 0.35)  static:quiet(0.7x) 
23:27:30  max=0.68 (cart 0.68, frontend 0.35)  static:quiet(0.8x) 
23:28:00  max=0.68 (cart 0.68, frontend 0.35)  static:quiet(0.7x) 
23:28:30  max=0.68 (cart 0.68, frontend 0.36)  static:quiet(0.7x) 
23:29:00  max=0.68 (cart 0.68, frontend 0.36)  static:quiet(0.7x) 
23:29:30  max=0.68 (cart 0.68, frontend 0.36)  static:quiet(0.7x) 
23:30:00  max=0.68 (cart 0.68, frontend 0.36)  static:quiet(0.7x) 
23:30:30  max=0.68 (cart 0.68, frontend 0.36)  static:quiet(0.7x) 
23:31:00  max=0.68 (cart 0.68, frontend 0.36)  static:quiet(0.7x) 
23:31:30  max=0.68 (cart 0.68, frontend 0.36)  static:quiet(0.8x) 
23:32:00  max=0.68 (cart 0.68, frontend 0.36)  static:quiet(0.8x) 
23:32:30  max=0.68 (cart 0.68, frontend 0.36)  static:quiet(0.8x) 
23:33:00  max=0.68 (cart 0.68, frontend 0.35)  static:quiet(0.7x) 
23:33:30  max=0.68 (cart 0.68, frontend 0.35)  static:quiet(0.7x) 
23:34:00  max=0.68 (cart 0.68, frontend 0.35)  static:quiet(0.7x) 
23:34:30  max=0.68 (cart 0.68, frontend 0.35)  static:quiet(0.7x) 
23:35:00  max=0.68 (cart 0.68, frontend 0.35)  static:quiet(0.7x) 
23:35:30  max=0.68 (cart 0.68, frontend 0.35)  static:quiet(0.7x) 
23:36:00  max=0.68 (cart 0.68, frontend 0.35)  static:quiet(0.7x) 
23:36:30  max=0.68 (cart 0.68, frontend 0.35)  static:quiet(0.7x) 
23:37:00  max=0.68 (cart 0.68, frontend 0.36)  static:quiet(0.7x) 
23:37:30  max=0.68 (cart 0.68, frontend 0.35)  static:quiet(0.8x) 
23:38:00  max=0.68 (cart 0.68, frontend 0.35)  static:quiet(0.7x) 
23:38:30  max=0.68 (cart 0.68, frontend 0.35)  static:quiet(0.7x) 
23:39:00  max=0.68 (cart 0.68, frontend 0.35)  static:quiet(0.7x) 
23:39:30  max=0.68 (cart 0.68, frontend 0.35)  static:quiet(0.7x) 
23:40:00  max=0.68 (cart 0.68, frontend 0.35)  static:quiet(0.7x) 
23:40:30  max=0.68 (cart 0.68, frontend 0.35)  static:quiet(0.7x) 
23:41:00  max=0.68 (cart 0.68, frontend 0.35)  static:quiet(0.7x) 
23:41:30  max=0.68 (cart 0.68, frontend 0.35)  static:quiet(0.7x) 
23:42:00  max=0.68 (cart 0.68, frontend 0.36)  static:quiet(0.8x) 
23:42:30  max=0.68 (cart 0.68, frontend 0.36)  static:quiet(0.7x) 
23:43:00  max=0.68 (cart 0.68, frontend 0.36)  static:quiet(0.8x) 
23:43:30  max=0.68 (cart 0.68, frontend 0.36)  static:quiet(0.7x) 
23:44:00  max=0.68 (cart 0.68, frontend 0.36)  static:quiet(0.7x) 
23:44:30  max=0.68 (cart 0.68, frontend 0.36)  static:quiet(0.7x) 
23:45:00  max=0.68 (cart 0.68, frontend 0.36)  static:quiet(0.7x) 
23:45:30  max=0.68 (cart 0.68, frontend 0.36)  static:quiet(0.7x) 
23:46:00  max=0.68 (cart 0.68, frontend 0.36)  static:quiet(0.7x) 
23:46:30  max=0.68 (cart 0.68, frontend 0.36)  static:quiet(0.7x) 
23:47:00  max=0.68 (cart 0.68, frontend 0.35)  static:quiet(0.7x) 
23:47:30  max=0.68 (cart 0.68, frontend 0.35)  static:quiet(0.7x) 
23:48:00  max=0.68 (cart 0.68, frontend 0.35)  static:quiet(0.7x) 
23:48:30  max=0.68 (cart 0.68, frontend 0.34)  static:quiet(0.7x) 
23:49:00  max=0.68 (cart 0.68, frontend 0.34)  static:quiet(0.7x) 
23:49:30  max=0.68 (cart 0.68, frontend 0.34)  static:quiet(0.7x) 
23:50:00  max=0.68 (cart 0.68, frontend 0.34)  static:quiet(0.7x) 
23:50:30  max=0.68 (cart 0.68, frontend 0.34)  static:quiet(0.7x) 
23:51:00  max=0.68 (cart 0.68, frontend 0.34)  static:quiet(0.7x) 
23:51:30  max=0.68 (cart 0.68, frontend 0.34)  static:quiet(0.7x) 
23:52:00  max=0.68 (cart 0.68, frontend 0.35)  static:quiet(0.7x) 
23:52:30  max=0.68 (cart 0.68, frontend 0.35)  static:quiet(0.7x) 
23:53:00  max=0.68 (cart 0.68, frontend 0.35)  static:quiet(0.7x) 
23:53:30  max=0.68 (cart 0.68, frontend 0.35)  static:quiet(0.7x) 
23:54:00  max=0.68 (cart 0.68, frontend 0.35)  static:quiet(0.7x) 
23:54:30  max=0.68 (cart 0.68, frontend 0.35)  static:quiet(0.7x) 
23:55:00  max=0.68 (cart 0.68, frontend 0.36)  static:quiet(0.7x) 
23:55:30  max=0.68 (cart 0.68, frontend 0.36)  static:quiet(0.7x) 
23:56:00  max=0.68 (cart 0.68, frontend 0.36)  static:quiet(0.7x) 
23:56:30  max=0.68 (cart 0.68, frontend 0.36)  static:quiet(0.7x) 
23:57:00  max=0.68 (cart 0.68, frontend 0.36)  static:quiet(0.7x) 
23:57:30  max=0.68 (cart 0.68, frontend 0.36)  static:quiet(0.7x) 
23:58:00  max=0.68 (cart 0.68, frontend 0.36)  static:quiet(0.7x) 
23:58:30  max=0.68 (cart 0.68, frontend 0.36)  static:quiet(0.7x) 
23:59:00  max=0.68 (cart 0.68, frontend 0.36)  static:quiet(0.7x) 
23:59:30  max=0.68 (cart 0.68, frontend 0.36)  static:quiet(0.8x) 
00:00:00  max=0.68 (cart 0.68, frontend 0.36)  static:quiet(0.8x) 
00:00:30  max=0.68 (cart 0.68, frontend 0.35)  static:quiet(0.8x) 
00:01:00  max=0.68 (cart 0.68, frontend 0.36)  static:quiet(0.8x) 
00:01:30  max=0.68 (cart 0.68, frontend 0.36)  static:quiet(0.8x) 
00:02:00  max=0.68 (cart 0.68, frontend 0.36)  static:quiet(0.7x) 
00:02:30  max=0.68 (cart 0.68, frontend 0.36)  static:quiet(0.7x) 
00:03:00  max=0.69 (cart 0.69, frontend 0.37)  static:quiet(0.7x) 
00:03:30  max=0.69 (cart 0.69, frontend 0.37)  static:quiet(0.7x) 
00:04:00  max=0.69 (cart 0.69, frontend 0.38)  static:quiet(0.7x) 
00:04:30  max=0.69 (cart 0.69, frontend 0.38)  static:quiet(0.8x) 
00:05:00  max=0.69 (cart 0.69, frontend 0.38)  static:quiet(0.8x) 
00:05:30  max=0.69 (cart 0.69, frontend 0.38)  static:quiet(0.8x) 
00:06:00  max=0.69 (cart 0.69, frontend 0.38)  static:quiet(0.8x) 
00:06:30  max=0.68 (cart 0.68, frontend 0.38)  static:quiet(0.8x) 
00:07:00  max=0.68 (cart 0.68, frontend 0.38)  static:quiet(0.8x) 
00:07:30  max=0.69 (cart 0.69, frontend 0.37)  static:quiet(0.7x) 
00:08:00  max=0.69 (cart 0.69, frontend 0.37)  static:quiet(0.7x) 
00:08:30  max=0.69 (cart 0.69, frontend 0.37)  static:quiet(0.7x) 
00:09:00  max=0.69 (cart 0.69, frontend 0.38)  static:quiet(0.7x) 
00:09:30  max=0.69 (cart 0.69, frontend 0.38)  static:quiet(0.7x) 
00:10:00  max=0.69 (cart 0.69, frontend 0.38)  static:quiet(0.8x) 
00:10:30  max=0.69 (cart 0.69, frontend 0.38)  static:quiet(0.8x) 
00:11:00  max=0.69 (cart 0.69, frontend 0.38)  static:quiet(0.8x) 
00:11:30  max=0.69 (cart 0.69, frontend 0.37)  static:quiet(0.7x) 
00:12:00  max=0.69 (cart 0.69, frontend 0.37)  static:quiet(0.7x) 
00:12:30  max=0.69 (cart 0.69, frontend 0.37)  static:quiet(0.7x) 
00:13:00  max=0.68 (cart 0.68, frontend 0.37)  static:quiet(0.7x) 
00:13:30  max=0.69 (cart 0.69, frontend 0.37)  static:quiet(0.7x) 
00:14:00  max=0.69 (cart 0.69, frontend 0.37)  static:quiet(0.7x) 
00:14:30  max=0.69 (cart 0.69, frontend 0.38)  static:quiet(0.7x) 
00:15:00  max=0.69 (cart 0.69, frontend 0.38)  static:quiet(0.7x) 
00:15:30  max=0.69 (cart 0.69, frontend 0.38)  static:quiet(0.8x) 
00:16:00  max=0.68 (cart 0.68, frontend 0.37)  static:quiet(0.7x) 
00:16:30  max=0.68 (cart 0.68, frontend 0.37)  static:quiet(0.7x) 
00:17:00  max=0.68 (cart 0.68, frontend 0.36)  static:quiet(0.7x) 
00:17:30  max=0.68 (cart 0.68, frontend 0.36)  static:quiet(0.7x) 
00:18:00  max=0.68 (cart 0.68, frontend 0.36)  static:quiet(0.7x) 
00:18:30  max=0.68 (cart 0.68, frontend 0.36)  static:quiet(0.7x) 
00:19:00  max=0.68 (cart 0.68, frontend 0.37)  static:quiet(0.7x) 
00:19:30  max=0.68 (cart 0.68, frontend 0.37)  static:quiet(0.7x) 
00:20:00  max=0.68 (cart 0.68, frontend 0.37)  static:quiet(0.7x) 
00:20:30  max=0.68 (cart 0.68, frontend 0.37)  static:quiet(0.8x) 
00:21:00  max=0.69 (cart 0.69, frontend 0.37)  static:quiet(0.7x) 
00:21:30  max=0.68 (cart 0.68, frontend 0.37)  static:quiet(0.7x) 
00:22:00  max=0.68 (cart 0.68, frontend 0.37)  static:quiet(0.8x) 
00:22:30  max=0.68 (cart 0.68, frontend 0.37)  static:quiet(0.8x) 
00:23:00  max=0.68 (cart 0.68, frontend 0.37)  static:quiet(0.8x) 
00:23:30  max=0.68 (cart 0.68, frontend 0.37)  static:quiet(0.7x) 
00:24:00  max=0.68 (cart 0.68, frontend 0.37)  static:quiet(0.7x) 
00:24:30  max=0.69 (cart 0.69, frontend 0.38)  static:quiet(0.7x) 
00:25:00  max=0.69 (cart 0.69, frontend 0.38)  static:quiet(0.7x) 
00:25:30  max=0.69 (cart 0.69, frontend 0.38)  static:quiet(0.7x) 
00:26:00  max=0.68 (cart 0.68, frontend 0.38)  static:quiet(0.7x) 
00:26:30  max=0.68 (cart 0.68, frontend 0.38)  static:quiet(0.7x) 
00:27:00  max=0.68 (cart 0.68, frontend 0.38)  static:quiet(0.7x) 
00:27:30  max=0.69 (cart 0.69, frontend 0.38)  static:quiet(1.8x) 
00:28:00  max=0.69 (cart 0.69, frontend 0.39)  static:quiet(1.8x) 
00:28:30  max=0.69 (cart 0.69, frontend 0.39)  static:quiet(1.8x) 
00:29:00  max=0.69 (cart 0.69, frontend 0.38)  static:quiet(0.8x) 
00:29:30  max=0.69 (cart 0.69, frontend 0.39)  static:quiet(0.7x) 
00:30:00  max=0.69 (cart 0.69, frontend 0.39)  static:quiet(0.7x) 
00:30:30  max=0.69 (cart 0.69, frontend 0.39)  static:quiet(0.7x) 
00:31:00  max=0.70 (cart 0.70, frontend 0.40)  static:quiet(0.8x) 
00:31:30  max=0.70 (cart 0.70, frontend 0.40)  static:quiet(0.8x) 
00:32:00  max=0.70 (cart 0.70, frontend 0.41)  static:quiet(0.8x) 
00:32:30  max=0.70 (cart 0.70, frontend 0.40)  static:quiet(0.7x) 
00:33:00  max=0.69 (cart 0.69, frontend 0.39)  static:quiet(0.7x) 
00:33:30  max=0.69 (cart 0.69, frontend 0.38)  static:quiet(0.7x) 
00:34:00  max=0.69 (cart 0.69, frontend 0.37)  static:quiet(0.7x) 
00:34:30  max=0.69 (cart 0.69, frontend 0.37)  static:quiet(0.7x) 
00:35:00  max=0.69 (cart 0.69, frontend 0.37)  static:quiet(0.7x) 
00:35:30  max=0.69 (cart 0.69, frontend 0.38)  static:quiet(0.7x) 
00:36:00  max=0.69 (cart 0.69, frontend 0.38)  static:quiet(0.7x) 
00:36:30  max=0.69 (cart 0.69, frontend 0.38)  static:quiet(0.7x) 
00:37:00  max=0.69 (cart 0.69, frontend 0.38)  static:quiet(0.8x) 
00:37:30  max=0.68 (cart 0.68, frontend 0.37)  static:quiet(0.8x) 
00:38:00  max=0.68 (cart 0.68, frontend 0.37)  static:quiet(0.8x) 
00:38:30  max=0.68 (cart 0.68, frontend 0.37)  static:quiet(0.7x) 
00:39:00  max=0.68 (cart 0.68, frontend 0.37)  static:quiet(0.7x) 
00:39:30  max=0.68 (cart 0.68, frontend 0.37)  static:quiet(0.7x) 
00:40:00  max=0.68 (cart 0.68, frontend 0.37)  static:quiet(0.7x) 
00:40:30  max=0.68 (cart 0.68, frontend 0.37)  static:quiet(0.7x) 
00:41:00  max=0.68 (cart 0.68, frontend 0.37)  static:quiet(0.7x) 
00:41:30  max=0.68 (cart 0.68, frontend 0.37)  static:quiet(0.7x) 
00:42:00  max=0.69 (cart 0.69, frontend 0.37)  static:quiet(0.7x) 
00:42:30  max=0.69 (cart 0.69, frontend 0.37)  static:quiet(0.7x) 
00:43:00  max=0.69 (cart 0.69, frontend 0.37)  static:quiet(0.7x) 
00:43:30  max=0.68 (cart 0.68, frontend 0.37)  static:quiet(0.7x) 
00:44:00  max=0.68 (cart 0.68, frontend 0.37)  static:quiet(0.7x) 
00:44:30  max=0.68 (cart 0.68, frontend 0.37)  static:quiet(0.8x) 
00:45:00  max=0.68 (cart 0.68, frontend 0.36)  static:quiet(0.8x) 
00:45:30  max=0.68 (cart 0.68, frontend 0.36)  static:quiet(0.8x) 
00:46:00  max=0.68 (cart 0.68, frontend 0.36)  static:quiet(0.7x) 
00:46:30  max=0.68 (cart 0.68, frontend 0.36)  static:quiet(0.7x) 
00:47:00  max=0.68 (cart 0.68, frontend 0.36)  static:quiet(0.7x) 
00:47:30  max=0.68 (cart 0.68, frontend 0.36)  static:quiet(0.7x) 
00:48:00  max=0.69 (cart 0.69, frontend 0.37)  static:quiet(0.7x) 
00:48:30  max=0.69 (cart 0.69, frontend 0.37)  static:quiet(0.7x) 
00:49:00  max=0.69 (cart 0.69, frontend 0.37)  static:quiet(0.7x) 
00:49:30  max=0.69 (cart 0.69, frontend 0.37)  static:quiet(0.7x) 
00:50:00  max=0.68 (cart 0.68, frontend 0.37)  static:quiet(0.7x) 
00:50:30  max=0.68 (cart 0.68, frontend 0.36)  static:quiet(0.7x) 
00:51:00  max=0.68 (cart 0.68, frontend 0.36)  static:quiet(0.7x) 
00:51:30  max=0.68 (cart 0.68, frontend 0.36)  static:quiet(0.7x) 
00:52:00  max=0.68 (cart 0.68, frontend 0.36)  static:quiet(0.7x) 
00:52:30  max=0.69 (cart 0.69, frontend 0.36)  static:quiet(0.7x) 
00:53:00  max=0.69 (cart 0.69, frontend 0.36)  static:quiet(0.7x) 
00:53:30  max=0.69 (cart 0.69, frontend 0.36)  static:quiet(0.7x) 
00:54:00  max=0.69 (cart 0.69, frontend 0.36)  static:quiet(0.7x) 
00:54:30  max=0.69 (cart 0.69, frontend 0.36)  static:quiet(0.7x) 
00:55:00  max=0.68 (cart 0.68, frontend 0.36)  static:quiet(0.7x) 
00:55:30  max=0.68 (cart 0.68, frontend 0.36)  static:quiet(0.8x) 
00:56:00  max=0.68 (cart 0.68, frontend 0.36)  static:quiet(0.8x) 
00:56:30  max=0.68 (cart 0.68, frontend 0.36)  static:quiet(0.8x) 
00:57:00  max=0.68 (cart 0.68, frontend 0.36)  static:quiet(0.8x) 
00:57:30  max=0.68 (cart 0.68, frontend 0.36)  static:quiet(0.7x) 
00:58:00  max=0.68 (cart 0.68, frontend 0.36)  static:quiet(0.7x) 
00:58:30  max=0.68 (cart 0.68, frontend 0.36)  static:quiet(0.7x) 
00:59:00  max=0.68 (cart 0.68, frontend 0.36)  static:quiet(0.7x) 
00:59:30  max=0.68 (cart 0.68, frontend 0.36)  static:quiet(0.7x) 
01:00:00  max=0.68 (cart 0.68, frontend 0.36)  static:quiet(0.7x) 
01:00:30  max=0.68 (cart 0.68, frontend 0.36)  static:quiet(0.8x) 
01:01:00  max=0.68 (cart 0.68, frontend 0.36)  static:quiet(0.8x) 
01:01:30  max=0.68 (cart 0.68, frontend 0.36)  static:quiet(0.7x) 
01:02:00  max=0.68 (cart 0.68, frontend 0.36)  static:quiet(0.7x) 
01:02:30  max=0.68 (cart 0.68, frontend 0.36)  static:quiet(0.7x) 
01:03:00  max=0.68 (cart 0.68, frontend 0.36)  static:quiet(0.7x) 
01:03:30  max=0.68 (cart 0.68, frontend 0.36)  static:quiet(0.7x) 
01:04:00  max=0.68 (cart 0.68, frontend 0.36)  static:quiet(0.7x) 
01:04:30  max=0.68 (cart 0.68, frontend 0.36)  static:quiet(0.7x) 
01:05:00  max=0.68 (cart 0.68, frontend 0.36)  static:quiet(0.7x) 
01:05:30  max=0.68 (cart 0.68, frontend 0.36)  static:quiet(0.7x) 
01:06:00  max=0.68 (cart 0.68, frontend 0.36)  static:quiet(0.7x) 
01:06:30  max=0.68 (cart 0.68, frontend 0.36)  static:quiet(0.7x) 
01:07:00  max=0.68 (cart 0.68, frontend 0.36)  static:quiet(0.8x) 
01:07:30  max=0.68 (cart 0.68, frontend 0.36)  static:quiet(0.7x) 
01:08:00  max=0.68 (cart 0.68, frontend 0.36)  static:quiet(0.7x) 
01:08:30  max=0.68 (cart 0.68, frontend 0.36)  static:quiet(0.7x) 
01:09:00  max=0.68 (cart 0.68, frontend 0.36)  static:quiet(0.8x) 
01:09:30  max=0.68 (cart 0.68, frontend 0.36)  static:quiet(0.8x) 
01:10:00  max=0.68 (cart 0.68, frontend 0.36)  static:quiet(0.8x) 
01:10:30  max=0.68 (cart 0.68, frontend 0.36)  static:quiet(0.7x) 
01:11:00  max=0.68 (cart 0.68, frontend 0.36)  static:quiet(0.8x) 
01:11:30  max=0.68 (cart 0.68, frontend 0.36)  static:quiet(0.7x) 
01:12:00  max=0.68 (cart 0.68, frontend 0.36)  static:quiet(0.7x) 
01:12:30  max=0.68 (cart 0.68, frontend 0.37)  static:quiet(0.7x) 
01:13:00  max=0.68 (cart 0.68, frontend 0.37)  static:quiet(0.8x) 
01:13:30  max=0.68 (cart 0.68, frontend 0.36)  static:quiet(0.7x) 
01:14:00  max=0.68 (cart 0.68, frontend 0.36)  static:quiet(0.7x) 
01:14:30  max=0.68 (cart 0.68, frontend 0.36)  static:quiet(0.7x) 
01:15:00  max=0.68 (cart 0.68, frontend 0.36)  static:quiet(0.7x) 
01:15:30  max=0.68 (cart 0.68, frontend 0.37)  static:quiet(0.7x) 
01:16:00  max=0.68 (cart 0.68, frontend 0.37)  static:quiet(0.7x) 
01:16:30  max=0.68 (cart 0.68, frontend 0.37)  static:quiet(0.7x) 
01:17:00  max=0.68 (cart 0.68, frontend 0.37)  static:quiet(0.7x) 
01:17:30  max=0.68 (cart 0.68, frontend 0.37)  static:quiet(0.7x) 
01:18:00  max=0.68 (cart 0.68, frontend 0.37)  static:quiet(0.7x) 
01:18:30  max=0.68 (cart 0.68, frontend 0.37)  static:quiet(0.8x) 
01:19:00  max=0.68 (cart 0.68, frontend 0.37)  static:quiet(0.8x) 
01:19:30  max=0.68 (cart 0.68, frontend 0.37)  static:quiet(0.8x) 
01:20:00  max=0.68 (cart 0.68, frontend 0.37)  static:quiet(0.8x) 
01:20:30  max=0.68 (cart 0.68, frontend 0.37)  static:quiet(0.8x) 
01:21:00  max=0.68 (cart 0.68, frontend 0.37)  static:quiet(1.0x) 
01:21:30  max=0.68 (cart 0.68, frontend 0.37)  static:quiet(0.9x) 
01:22:00  max=0.68 (cart 0.68, frontend 0.37)  static:quiet(0.9x) 
01:22:30  max=0.68 (cart 0.68, frontend 0.37)  static:quiet(0.7x) 
01:23:00  max=0.68 (cart 0.68, frontend 0.37)  static:quiet(0.7x) 
01:23:30  max=0.68 (cart 0.68, frontend 0.37)  static:quiet(0.7x) 
01:24:00  max=0.68 (cart 0.68, frontend 0.37)  static:quiet(0.7x) 
01:24:30  max=0.68 (cart 0.68, frontend 0.37)  static:quiet(0.8x) 
01:25:00  max=0.68 (cart 0.68, frontend 0.37)  static:quiet(0.8x) 
01:25:30  max=0.68 (cart 0.68, frontend 0.37)  static:quiet(0.8x) 
01:26:00  max=0.68 (cart 0.68, frontend 0.37)  static:quiet(0.8x) 
01:26:30  max=0.68 (cart 0.68, frontend 0.37)  static:quiet(0.8x) 
01:27:00  max=0.68 (cart 0.68, frontend 0.37)  static:quiet(0.8x) 
01:27:30  max=0.68 (cart 0.68, frontend 0.37)  static:quiet(0.8x) 
01:28:00  max=0.68 (cart 0.68, frontend 0.37)  static:quiet(0.8x) 
01:28:30  max=0.69 (cart 0.69, frontend 0.38)  static:quiet(0.8x) 
01:29:00  max=0.69 (cart 0.69, frontend 0.38)  static:quiet(0.7x) 
01:29:30  max=0.69 (cart 0.69, frontend 0.38)  static:quiet(0.7x) 
01:30:00  max=0.69 (cart 0.69, frontend 0.38)  static:quiet(0.7x) 
01:30:30  max=0.69 (cart 0.69, frontend 0.38)  static:quiet(0.7x) 
01:31:00  max=0.69 (cart 0.69, frontend 0.38)  static:quiet(0.7x) 
01:31:30  max=0.69 (cart 0.69, frontend 0.38)  static:quiet(0.7x) 
01:32:00  max=0.69 (cart 0.69, frontend 0.38)  static:quiet(0.7x) 
01:32:30  max=0.69 (cart 0.69, frontend 0.38)  static:quiet(0.7x) 
01:33:00  max=0.69 (cart 0.69, frontend 0.38)  static:quiet(0.7x) 
01:33:30  max=0.68 (cart 0.68, frontend 0.37)  static:quiet(0.7x) 
01:34:00  max=0.68 (cart 0.68, frontend 0.37)  static:quiet(0.7x) 
01:34:30  max=0.68 (cart 0.68, frontend 0.36)  static:quiet(0.7x) 
01:35:00  max=0.68 (cart 0.68, frontend 0.36)  static:quiet(0.8x) 
01:35:30  max=0.68 (cart 0.68, frontend 0.36)  static:quiet(0.7x) 
01:36:00  max=0.68 (cart 0.68, frontend 0.36)  static:quiet(0.8x) 
01:36:30  max=0.68 (cart 0.68, frontend 0.36)  static:quiet(0.8x) 
01:37:00  max=0.68 (cart 0.68, frontend 0.35)  static:quiet(0.8x) 
01:37:30  max=0.68 (cart 0.68, frontend 0.35)  static:quiet(0.8x) 
01:38:00  max=0.68 (cart 0.68, frontend 0.36)  static:quiet(0.8x) 
01:38:30  max=0.68 (cart 0.68, frontend 0.36)  static:quiet(0.8x) 
01:39:00  max=0.68 (cart 0.68, frontend 0.36)  static:quiet(0.8x) 
01:39:30  max=0.68 (cart 0.68, frontend 0.36)  static:quiet(0.8x) 
01:40:00  max=0.68 (cart 0.68, frontend 0.36)  static:quiet(0.7x) 
01:40:30  max=0.68 (cart 0.68, frontend 0.36)  static:quiet(0.7x) 
01:41:00  max=0.68 (cart 0.68, frontend 0.37)  static:quiet(0.7x) 
01:41:30  max=0.68 (cart 0.68, frontend 0.37)  static:quiet(0.7x) 
01:42:00  max=0.68 (cart 0.68, frontend 0.37)  static:quiet(0.7x) 
01:42:30  max=0.68 (cart 0.68, frontend 0.37)  static:quiet(0.8x) 
01:43:00  max=0.69 (cart 0.69, frontend 0.37)  static:quiet(0.8x) 
01:43:30  max=0.69 (cart 0.69, frontend 0.37)  static:quiet(0.7x) 
01:44:00  max=0.68 (cart 0.68, frontend 0.37)  static:quiet(0.7x) 
01:44:30  max=0.68 (cart 0.68, frontend 0.37)  static:quiet(0.7x) 
01:45:00  max=0.68 (cart 0.68, frontend 0.37)  static:quiet(0.7x) 
01:45:30  max=0.68 (cart 0.68, frontend 0.36)  static:quiet(0.7x) 
01:46:00  max=0.68 (cart 0.68, frontend 0.36)  static:quiet(0.7x) 
01:46:30  max=0.68 (cart 0.68, frontend 0.37)  static:quiet(0.7x) 
01:47:00  max=0.68 (cart 0.68, frontend 0.37)  static:quiet(0.7x) 
01:47:30  max=0.68 (cart 0.68, frontend 0.37)  static:quiet(0.7x) 
01:48:00  max=0.68 (cart 0.68, frontend 0.37)  static:quiet(0.7x) 
01:48:30  max=0.68 (cart 0.68, frontend 0.37)  static:quiet(0.7x) 
01:49:00  max=0.68 (cart 0.68, frontend 0.37)  static:quiet(0.7x) 
01:49:30  max=0.68 (cart 0.68, frontend 0.36)  static:quiet(0.7x) 
01:50:00  max=0.68 (cart 0.68, frontend 0.36)  static:quiet(0.7x) 
01:50:30  max=0.68 (cart 0.68, frontend 0.36)  static:quiet(0.7x) 
01:51:00  max=0.68 (cart 0.68, frontend 0.36)  static:quiet(0.7x) 
01:51:30  max=0.68 (cart 0.68, frontend 0.36)  static:quiet(0.7x) 
01:52:00  max=0.68 (cart 0.68, frontend 0.36)  static:quiet(0.7x) 
01:52:30  max=0.68 (cart 0.68, frontend 0.36)  static:quiet(0.7x) 
01:53:00  max=0.68 (cart 0.68, frontend 0.35)  static:quiet(0.7x) 
01:53:30  max=0.68 (cart 0.68, frontend 0.35)  static:quiet(1.2x) 
01:54:00  max=0.68 (cart 0.68, frontend 0.35)  static:quiet(1.2x) 
01:54:30  max=0.68 (cart 0.68, frontend 0.36)  static:quiet(1.1x) 
01:55:00  max=0.68 (cart 0.68, frontend 0.36)  static:quiet(0.7x) 
01:55:30  max=0.68 (cart 0.68, frontend 0.36)  static:quiet(0.7x) 
01:56:00  max=0.68 (cart 0.68, frontend 0.36)  static:quiet(0.7x) 
01:56:30  max=0.68 (cart 0.68, frontend 0.36)  static:quiet(0.7x) 
01:57:00  max=0.68 (cart 0.68, frontend 0.37)  static:quiet(0.7x) 
01:57:30  max=0.68 (cart 0.68, frontend 0.37)  static:quiet(0.7x) 
01:58:00  max=0.68 (cart 0.68, frontend 0.37)  static:quiet(0.7x) 
01:58:30  max=0.68 (cart 0.68, frontend 0.37)  static:quiet(0.7x) 
01:59:00  max=0.68 (cart 0.68, frontend 0.37)  static:quiet(0.7x) 
01:59:30  max=0.68 (cart 0.68, frontend 0.36)  static:quiet(0.7x) 
02:00:00  max=0.68 (cart 0.68, frontend 0.36)  static:quiet(0.7x) 
02:00:30  max=0.68 (cart 0.68, frontend 0.36)  static:quiet(0.7x) 
02:01:00  max=0.68 (cart 0.68, frontend 0.36)  static:quiet(0.7x) 
02:01:30  max=0.68 (cart 0.68, frontend 0.36)  static:quiet(0.7x) 
02:02:00  max=0.68 (cart 0.68, frontend 0.35)  static:quiet(0.8x) 
02:02:30  max=0.68 (cart 0.68, frontend 0.35)  static:quiet(0.7x) 
02:03:00  max=0.68 (cart 0.68, frontend 0.35)  static:quiet(0.7x) 
02:03:30  max=0.68 (cart 0.68, frontend 0.35)  static:quiet(0.7x) 
02:04:00  max=0.68 (cart 0.68, frontend 0.35)  static:quiet(0.7x) 
02:04:30  max=0.68 (cart 0.68, frontend 0.35)  static:quiet(0.7x) 
02:05:00  max=0.68 (cart 0.68, frontend 0.35)  static:quiet(0.7x) 
02:05:30  max=0.68 (cart 0.68, frontend 0.35)  static:quiet(0.7x) 
02:06:00  max=0.68 (cart 0.68, frontend 0.35)  static:quiet(0.7x) 
02:06:30  max=0.68 (cart 0.68, frontend 0.35)  static:quiet(0.7x) 
02:07:00  max=0.68 (cart 0.68, frontend 0.35)  static:quiet(0.7x) 
02:07:30  max=0.68 (cart 0.68, frontend 0.35)  static:quiet(0.7x) 
02:08:00  max=0.68 (cart 0.68, frontend 0.35)  static:quiet(0.7x) 
02:08:30  max=0.68 (cart 0.68, frontend 0.35)  static:quiet(0.7x) 
02:09:00  max=0.68 (cart 0.68, frontend 0.35)  static:quiet(0.7x) 
02:09:30  max=0.68 (cart 0.68, frontend 0.35)  static:quiet(0.8x) 
02:10:00  max=0.68 (cart 0.68, frontend 0.35)  static:quiet(0.8x) 
02:10:30  max=0.68 (cart 0.68, frontend 0.35)  static:quiet(0.9x) 
02:11:00  max=0.68 (cart 0.68, frontend 0.36)  static:quiet(0.8x) 
02:11:30  max=0.68 (cart 0.68, frontend 0.36)  static:quiet(0.7x) 
02:12:00  max=0.68 (cart 0.68, frontend 0.36)  static:quiet(0.7x) 
02:12:30  max=0.68 (cart 0.68, frontend 0.37)  static:quiet(0.7x) 
02:13:00  max=0.69 (cart 0.69, frontend 0.37)  static:quiet(0.7x) 
02:13:30  max=0.69 (cart 0.69, frontend 0.37)  static:quiet(0.7x) 
02:14:00  max=0.69 (cart 0.69, frontend 0.37)  static:quiet(0.7x) 
02:14:30  max=0.69 (cart 0.69, frontend 0.37)  static:quiet(0.7x) 
02:15:00  max=0.69 (cart 0.69, frontend 0.38)  static:quiet(0.8x) 
02:15:30  max=0.68 (cart 0.68, frontend 0.37)  static:quiet(0.7x) 
02:16:00  max=0.68 (cart 0.68, frontend 0.37)  static:quiet(0.7x) 
02:16:30  max=0.68 (cart 0.68, frontend 0.37)  static:quiet(0.7x) 
02:17:00  max=0.68 (cart 0.68, frontend 0.37)  static:quiet(0.8x) 
02:17:30  max=0.68 (cart 0.68, frontend 0.37)  static:quiet(0.9x) 
02:18:00  max=0.68 (cart 0.68, frontend 0.37)  static:quiet(0.9x) 
02:18:30  max=0.68 (cart 0.68, frontend 0.37)  static:quiet(0.8x) 
02:19:00  max=0.68 (cart 0.68, frontend 0.37)  static:quiet(0.7x) 
02:19:30  max=0.68 (cart 0.68, frontend 0.37)  static:quiet(0.8x) 
02:20:00  max=0.69 (cart 0.69, frontend 0.37)  static:quiet(0.8x) 
02:20:30  max=0.69 (cart 0.69, frontend 0.38)  static:quiet(0.8x) 
02:21:00  max=0.69 (cart 0.69, frontend 0.38)  static:quiet(0.8x) 
02:21:30  max=0.69 (cart 0.69, frontend 0.39)  static:quiet(0.7x) 
02:22:00  max=0.69 (cart 0.69, frontend 0.39)  static:quiet(0.7x) 
02:22:30  max=0.69 (cart 0.69, frontend 0.39)  static:quiet(0.7x) 
02:23:00  max=0.69 (cart 0.69, frontend 0.39)  static:quiet(0.7x) 
02:23:30  max=0.69 (cart 0.69, frontend 0.38)  static:quiet(0.7x) 
02:24:00  max=0.68 (cart 0.68, frontend 0.37)  static:quiet(0.7x) 
02:24:30  max=0.68 (cart 0.68, frontend 0.37)  static:quiet(0.7x) 
02:25:00  max=0.68 (cart 0.68, frontend 0.37)  static:quiet(0.7x) 
02:25:30  max=0.68 (cart 0.68, frontend 0.37)  static:quiet(0.7x) 
02:26:00  max=0.68 (cart 0.68, frontend 0.37)  static:quiet(0.8x) 
02:26:30  max=0.68 (cart 0.68, frontend 0.37)  static:quiet(0.8x) 
02:27:00  max=0.68 (cart 0.68, frontend 0.36)  static:quiet(0.8x) 
02:27:30  max=0.68 (cart 0.68, frontend 0.36)  static:quiet(0.8x) 
02:28:00  max=0.68 (cart 0.68, frontend 0.36)  static:quiet(0.7x) 
02:28:30  max=0.68 (cart 0.68, frontend 0.36)  static:quiet(0.7x) 
02:29:00  max=0.68 (cart 0.68, frontend 0.36)  static:quiet(0.7x) 
02:29:30  max=0.68 (cart 0.68, frontend 0.36)  static:quiet(0.8x) 
02:30:00  max=0.68 (cart 0.68, frontend 0.36)  static:quiet(0.8x) 
02:30:30  max=0.68 (cart 0.68, frontend 0.36)  static:quiet(0.7x) 
02:31:00  max=0.68 (cart 0.68, frontend 0.36)  static:quiet(0.7x) 
02:31:30  max=0.68 (cart 0.68, frontend 0.36)  static:quiet(0.7x) 
02:32:00  max=0.68 (cart 0.68, frontend 0.36)  static:quiet(0.7x) 
02:32:30  max=0.68 (cart 0.68, frontend 0.36)  static:quiet(0.7x) 
02:33:00  max=0.68 (cart 0.68, frontend 0.36)  static:quiet(0.8x) 
02:33:30  max=0.68 (cart 0.68, frontend 0.36)  static:quiet(0.8x) 
02:34:00  max=0.68 (cart 0.68, frontend 0.36)  static:quiet(0.7x) 
02:34:30  max=0.68 (cart 0.68, frontend 0.36)  static:quiet(0.8x) 
02:35:00  max=0.68 (cart 0.68, frontend 0.36)  static:quiet(0.8x) 
02:35:30  max=0.68 (cart 0.68, frontend 0.36)  static:quiet(0.7x) 
02:36:00  max=0.68 (cart 0.68, frontend 0.36)  static:quiet(0.7x) 
02:36:30  max=0.68 (cart 0.68, frontend 0.36)  static:quiet(0.7x) 
02:37:00  max=0.68 (cart 0.68, frontend 0.37)  static:quiet(0.9x) 
02:37:30  max=0.69 (cart 0.69, frontend 0.38)  static:quiet(0.9x) 
02:38:00  max=0.69 (cart 0.69, frontend 0.38)  static:quiet(0.9x) 
02:38:30  max=0.69 (cart 0.69, frontend 0.38)  static:quiet(0.8x) 
02:39:00  max=0.69 (cart 0.69, frontend 0.39)  static:quiet(0.8x) 
02:39:30  max=0.69 (cart 0.69, frontend 0.39)  static:quiet(0.8x) 
02:40:00  max=0.69 (cart 0.69, frontend 0.39)  static:quiet(0.8x) 
02:40:30  max=0.69 (cart 0.69, frontend 0.40)  static:quiet(0.8x) 
02:41:00  max=0.69 (cart 0.69, frontend 0.40)  static:quiet(0.7x) 
02:41:30  max=0.69 (cart 0.69, frontend 0.40)  static:quiet(0.7x) 
02:42:00  max=0.69 (cart 0.69, frontend 0.41)  static:quiet(0.7x) 
02:42:30  max=0.69 (cart 0.69, frontend 0.40)  static:quiet(0.7x) 
02:43:00  max=0.69 (cart 0.69, frontend 0.40)  static:quiet(0.7x) 
02:43:30  max=0.69 (cart 0.69, frontend 0.39)  static:quiet(0.7x) 
02:44:00  max=0.69 (cart 0.69, frontend 0.38)  static:quiet(0.8x) 
02:44:30  max=0.69 (cart 0.69, frontend 0.38)  static:quiet(0.7x) 
02:45:00  max=0.69 (cart 0.69, frontend 0.37)  static:quiet(0.7x) 
02:45:30  max=0.68 (cart 0.68, frontend 0.37)  static:quiet(0.7x) 
02:46:00  max=0.68 (cart 0.68, frontend 0.37)  static:quiet(0.7x) 
02:46:30  max=0.68 (cart 0.68, frontend 0.37)  static:quiet(0.7x) 
02:47:00  max=0.68 (cart 0.68, frontend 0.37)  static:quiet(0.7x) 
02:47:30  max=0.68 (cart 0.68, frontend 0.37)  static:quiet(0.7x) 
02:48:00  max=0.68 (cart 0.68, frontend 0.37)  static:quiet(0.8x) 
02:48:30  max=0.68 (cart 0.68, frontend 0.37)  static:quiet(0.7x) 
02:49:00  max=0.68 (cart 0.68, frontend 0.37)  static:quiet(0.8x) 
02:49:30  max=0.68 (cart 0.68, frontend 0.36)  static:quiet(0.7x) 
02:50:00  max=0.68 (cart 0.68, frontend 0.36)  static:quiet(0.7x) 
02:50:30  max=0.68 (cart 0.68, frontend 0.36)  static:quiet(0.7x) 
02:51:00  max=0.69 (cart 0.69, frontend 0.37)  static:quiet(0.8x) 
02:51:30  max=0.69 (cart 0.69, frontend 0.37)  static:quiet(0.8x) 
02:52:00  max=0.69 (cart 0.69, frontend 0.37)  static:quiet(0.8x) 
02:52:30  max=0.69 (cart 0.69, frontend 0.37)  static:quiet(0.7x) 
02:53:00  max=0.69 (cart 0.69, frontend 0.37)  static:quiet(0.7x) 
02:53:30  max=0.69 (cart 0.69, frontend 0.37)  static:quiet(0.7x) 
02:54:00  max=0.68 (cart 0.68, frontend 0.36)  static:quiet(0.7x) 
02:54:30  max=0.68 (cart 0.68, frontend 0.36)  static:quiet(0.7x) 
02:55:00  max=0.68 (cart 0.68, frontend 0.36)  static:quiet(0.7x) 
02:55:30  max=0.68 (cart 0.68, frontend 0.36)  static:quiet(0.8x) 
02:56:00  max=0.68 (cart 0.68, frontend 0.36)  static:quiet(0.8x) 
02:56:30  max=0.68 (cart 0.68, frontend 0.36)  static:quiet(0.7x) 
02:57:00  max=0.68 (cart 0.68, frontend 0.36)  static:quiet(0.7x) 
02:57:30  max=0.68 (cart 0.68, frontend 0.36)  static:quiet(0.7x) 
02:58:00  max=0.68 (cart 0.68, frontend 0.36)  static:quiet(0.7x) 
02:58:30  max=0.68 (cart 0.68, frontend 0.36)  static:quiet(0.7x) 
02:59:00  max=0.68 (cart 0.68, frontend 0.36)  static:quiet(0.7x) 
02:59:30  max=0.68 (cart 0.68, frontend 0.36)  static:quiet(0.8x) 
03:00:00  max=0.68 (cart 0.68, frontend 0.36)  static:quiet(0.7x) 
03:00:30  max=0.68 (cart 0.68, frontend 0.37)  static:quiet(0.8x) 
03:01:00  max=0.68 (cart 0.68, frontend 0.37)  static:quiet(0.8x) 
03:01:30  max=0.68 (cart 0.68, frontend 0.37)  static:quiet(0.8x) 
03:02:00  max=0.68 (cart 0.68, frontend 0.37)  static:quiet(0.8x) 
03:02:30  max=0.68 (cart 0.68, frontend 0.37)  static:quiet(0.8x) 
03:03:00  max=0.68 (cart 0.68, frontend 0.37)  static:quiet(0.8x) 
03:03:30  max=0.68 (cart 0.68, frontend 0.37)  static:quiet(0.8x) 
03:04:00  max=0.69 (cart 0.69, frontend 0.37)  static:quiet(0.8x) 
03:04:30  max=0.69 (cart 0.69, frontend 0.37)  static:quiet(0.7x) 
03:05:00  max=0.68 (cart 0.68, frontend 0.37)  static:quiet(0.7x) 
03:05:30  max=0.68 (cart 0.68, frontend 0.37)  static:quiet(0.7x) 
03:06:00  max=0.68 (cart 0.68, frontend 0.37)  static:quiet(0.7x) 
03:06:30  max=0.68 (cart 0.68, frontend 0.37)  static:quiet(0.7x) 
03:07:00  max=0.68 (cart 0.68, frontend 0.36)  static:quiet(0.7x) 
03:07:30  max=0.68 (cart 0.68, frontend 0.36)  static:quiet(0.7x) 
03:08:00  max=0.68 (cart 0.68, frontend 0.36)  static:quiet(0.7x) 
03:08:30  max=0.68 (cart 0.68, frontend 0.36)  static:quiet(0.7x) 
03:09:00  max=0.68 (cart 0.68, frontend 0.36)  static:quiet(0.7x) 
03:09:30  max=0.68 (cart 0.68, frontend 0.36)  static:quiet(0.7x) 
03:10:00  max=0.68 (cart 0.68, frontend 0.36)  static:quiet(0.8x) 
03:10:30  max=0.68 (cart 0.68, frontend 0.36)  static:quiet(0.8x) 
03:11:00  max=0.68 (cart 0.68, frontend 0.36)  static:quiet(0.7x) 
03:11:30  max=0.68 (cart 0.68, frontend 0.36)  static:quiet(0.7x) 
03:12:00  max=0.68 (cart 0.68, frontend 0.36)  static:quiet(0.7x) 
03:12:30  max=0.68 (cart 0.68, frontend 0.36)  static:quiet(0.7x) 
03:13:00  max=0.68 (cart 0.68, frontend 0.37)  static:quiet(0.7x) 
03:13:30  max=0.68 (cart 0.68, frontend 0.37)  static:quiet(0.9x) 
03:14:00  max=0.68 (cart 0.68, frontend 0.37)  static:quiet(0.9x) 
03:14:30  max=0.68 (cart 0.68, frontend 0.37)  static:quiet(0.8x) 
03:15:00  max=0.68 (cart 0.68, frontend 0.37)  static:quiet(0.7x) 
03:15:30  max=0.68 (cart 0.68, frontend 0.37)  static:quiet(0.7x) 
03:16:00  max=0.68 (cart 0.68, frontend 0.36)  static:quiet(0.7x) 
03:16:30  max=0.68 (cart 0.68, frontend 0.36)  static:quiet(0.7x) 
03:17:00  max=0.68 (cart 0.68, frontend 0.36)  static:quiet(0.7x) 
03:17:30  max=0.68 (cart 0.68, frontend 0.36)  static:quiet(0.7x) 
03:18:00  max=0.68 (cart 0.68, frontend 0.36)  static:quiet(0.7x) 
03:18:30  max=0.68 (cart 0.68, frontend 0.36)  static:quiet(0.7x) 
03:19:00  max=0.68 (cart 0.68, frontend 0.36)  static:quiet(0.7x) 
03:19:30  max=0.68 (cart 0.68, frontend 0.35)  static:quiet(0.7x) 
03:20:00  max=0.68 (cart 0.68, frontend 0.35)  static:quiet(0.7x) 
03:20:30  max=0.68 (cart 0.68, frontend 0.35)  static:quiet(0.7x) 
03:21:00  max=0.68 (cart 0.68, frontend 0.35)  static:quiet(0.7x) 
03:21:30  max=0.68 (cart 0.68, frontend 0.35)  static:quiet(0.7x) 
03:22:00  max=0.68 (cart 0.68, frontend 0.35)  static:quiet(0.7x) 
03:22:30  max=0.68 (cart 0.68, frontend 0.35)  static:quiet(0.7x) 
03:23:00  max=0.68 (cart 0.68, frontend 0.35)  static:quiet(0.8x) 
03:23:30  max=0.68 (cart 0.68, frontend 0.35)  static:quiet(0.7x) 
03:24:00  max=0.68 (cart 0.68, frontend 0.35)  static:quiet(0.7x) 
03:24:30  max=0.68 (cart 0.68, frontend 0.35)  static:quiet(0.7x) 
03:25:00  max=0.68 (cart 0.68, frontend 0.35)  static:quiet(0.7x) 
03:25:30  max=0.68 (cart 0.68, frontend 0.36)  static:quiet(0.7x) 
03:26:00  max=0.68 (cart 0.68, frontend 0.36)  static:quiet(0.7x) 
03:26:30  max=0.68 (cart 0.68, frontend 0.36)  static:quiet(0.7x) 
03:27:00  max=0.68 (cart 0.68, frontend 0.36)  static:quiet(0.7x) 
03:27:30  max=0.68 (cart 0.68, frontend 0.36)  static:quiet(0.7x) 
03:28:00  max=0.68 (cart 0.68, frontend 0.36)  static:quiet(0.7x) 
03:28:30  max=0.68 (cart 0.68, frontend 0.36)  static:quiet(0.7x) 
03:29:00  max=0.68 (cart 0.68, frontend 0.36)  static:quiet(0.7x) 
03:29:30  max=0.68 (cart 0.68, frontend 0.36)  static:quiet(0.7x) 
03:30:00  max=0.68 (cart 0.68, frontend 0.36)  static:quiet(0.7x) 
03:30:30  max=0.68 (cart 0.68, frontend 0.36)  static:quiet(0.7x) 
03:31:00  max=0.68 (cart 0.68, frontend 0.36)  static:quiet(0.7x) 
03:31:30  max=0.68 (cart 0.68, frontend 0.36)  static:quiet(0.7x) 
03:32:00  max=0.68 (cart 0.68, frontend 0.36)  static:quiet(0.7x) 
03:32:30  max=0.68 (cart 0.68, frontend 0.36)  static:quiet(0.7x) 
03:33:00  max=0.68 (cart 0.68, frontend 0.36)  static:quiet(0.7x) 
03:33:30  max=0.68 (cart 0.68, frontend 0.36)  static:quiet(0.7x) 
03:34:00  max=0.68 (cart 0.68, frontend 0.36)  static:quiet(0.7x) 
03:34:30  max=0.68 (cart 0.68, frontend 0.36)  static:quiet(0.7x) 
03:35:00  max=0.68 (cart 0.68, frontend 0.36)  static:quiet(0.7x) 
03:35:30  max=0.68 (cart 0.68, frontend 0.35)  static:quiet(0.7x) 
03:36:00  max=0.68 (cart 0.68, frontend 0.35)  static:quiet(0.7x) 
03:36:30  max=0.68 (cart 0.68, frontend 0.35)  static:quiet(0.7x) 
03:37:00  max=0.68 (cart 0.68, frontend 0.35)  static:quiet(0.7x) 
03:37:30  max=0.68 (cart 0.68, frontend 0.35)  static:quiet(0.7x) 
03:38:00  max=0.68 (cart 0.68, frontend 0.35)  static:quiet(0.7x) 
03:38:30  max=0.68 (cart 0.68, frontend 0.36)  static:quiet(0.7x) 
03:39:00  max=0.68 (cart 0.68, frontend 0.36)  static:quiet(0.9x) 
03:39:30  max=0.68 (cart 0.68, frontend 0.36)  static:quiet(0.9x) 
03:40:00  max=0.68 (cart 0.68, frontend 0.36)  static:quiet(0.9x) 
03:40:30  max=0.68 (cart 0.68, frontend 0.36)  static:quiet(0.7x) 
03:41:00  max=0.68 (cart 0.68, frontend 0.36)  static:quiet(0.7x) 
03:41:30  max=0.68 (cart 0.68, frontend 0.36)  static:quiet(0.7x) 
03:42:00  max=0.68 (cart 0.68, frontend 0.36)  static:quiet(0.7x) 
03:42:30  max=0.68 (cart 0.68, frontend 0.36)  static:quiet(0.7x) 
03:43:00  max=0.68 (cart 0.68, frontend 0.37)  static:quiet(0.7x) 
03:43:30  max=0.68 (cart 0.68, frontend 0.37)  static:quiet(0.7x) 
03:44:00  max=0.68 (cart 0.68, frontend 0.37)  static:quiet(0.7x) 
03:44:30  max=0.68 (cart 0.68, frontend 0.37)  static:quiet(0.8x) 
03:45:00  max=0.68 (cart 0.68, frontend 0.37)  static:quiet(0.8x) 
03:45:30  max=0.68 (cart 0.68, frontend 0.37)  static:quiet(0.8x) 
03:46:00  max=0.68 (cart 0.68, frontend 0.36)  static:quiet(0.7x) 
03:46:30  max=0.68 (cart 0.68, frontend 0.36)  static:quiet(0.8x) 
03:47:00  max=0.68 (cart 0.68, frontend 0.36)  static:quiet(0.7x) 
03:47:30  max=0.68 (cart 0.68, frontend 0.36)  static:quiet(0.7x) 
03:48:00  max=0.68 (cart 0.68, frontend 0.36)  static:quiet(0.7x) 
03:48:30  max=0.68 (cart 0.68, frontend 0.36)  static:quiet(0.7x) 
03:49:00  max=0.68 (cart 0.68, frontend 0.36)  static:quiet(0.7x) 
03:49:30  max=0.68 (cart 0.68, frontend 0.36)  static:quiet(0.7x) 
03:50:00  max=0.68 (cart 0.68, frontend 0.37)  static:quiet(0.7x) 
03:50:30  max=0.68 (cart 0.68, frontend 0.36)  static:quiet(0.8x) 
03:51:00  max=0.68 (cart 0.68, frontend 0.36)  static:quiet(0.8x) 
03:51:30  max=0.68 (cart 0.68, frontend 0.36)  static:quiet(0.8x) 
03:52:00  max=0.68 (cart 0.68, frontend 0.36)  static:quiet(0.7x) 
03:52:30  max=0.68 (cart 0.68, frontend 0.36)  static:quiet(0.7x) 
03:53:00  max=0.68 (cart 0.68, frontend 0.37)  static:quiet(0.7x) 
03:53:30  max=0.68 (cart 0.68, frontend 0.37)  static:quiet(0.7x) 
03:54:00  max=0.68 (cart 0.68, frontend 0.37)  static:quiet(0.7x) 
03:54:30  max=0.68 (cart 0.68, frontend 0.37)  static:quiet(0.7x) 
03:55:00  max=0.68 (cart 0.68, frontend 0.37)  static:quiet(0.7x) 
03:55:30  max=0.68 (cart 0.68, frontend 0.37)  static:quiet(0.7x) 
03:56:00  max=0.68 (cart 0.68, frontend 0.37)  static:quiet(0.7x) 
03:56:30  max=0.68 (cart 0.68, frontend 0.37)  static:quiet(0.7x) 
03:57:00  max=0.68 (cart 0.68, frontend 0.37)  static:quiet(0.7x) 
03:57:30  max=0.68 (cart 0.68, frontend 0.36)  static:quiet(0.7x) 
03:58:00  max=0.68 (cart 0.68, frontend 0.37)  static:quiet(0.7x) 
03:58:30  max=0.68 (cart 0.68, frontend 0.37)  static:quiet(0.7x) 
03:59:00  max=0.68 (cart 0.68, frontend 0.37)  static:quiet(0.7x) 
03:59:30  max=0.68 (cart 0.68, frontend 0.36)  static:quiet(0.7x) 
04:00:00  max=0.68 (cart 0.68, frontend 0.36)  static:quiet(0.7x) 
04:00:30  max=0.68 (cart 0.68, frontend 0.36)  static:quiet(0.7x) 
04:01:00  max=0.68 (cart 0.68, frontend 0.36)  static:quiet(0.7x) 
04:01:30  max=0.68 (cart 0.68, frontend 0.36)  static:quiet(0.7x) 
04:02:00  max=0.68 (cart 0.68, frontend 0.36)  static:quiet(0.8x) 
04:02:30  max=0.68 (cart 0.68, frontend 0.36)  static:quiet(0.7x) 
04:03:00  max=0.68 (cart 0.68, frontend 0.36)  static:quiet(0.8x) 
04:03:30  max=0.68 (cart 0.68, frontend 0.36)  static:quiet(0.9x) 
04:04:00  max=0.68 (cart 0.68, frontend 0.36)  static:quiet(0.9x) 
04:04:30  max=0.68 (cart 0.68, frontend 0.37)  static:quiet(0.8x) 
04:05:00  max=0.68 (cart 0.68, frontend 0.37)  static:quiet(0.7x) 
04:05:30  max=0.68 (cart 0.68, frontend 0.38)  static:quiet(0.8x) 
04:06:00  max=0.69 (cart 0.69, frontend 0.38)  static:quiet(0.8x) 
04:06:30  max=0.69 (cart 0.69, frontend 0.38)  static:quiet(0.8x) 
04:07:00  max=0.69 (cart 0.69, frontend 0.38)  static:quiet(0.7x) 
04:07:30  max=0.69 (cart 0.69, frontend 0.38)  static:quiet(0.7x) 
04:08:00  max=0.69 (cart 0.69, frontend 0.38)  static:quiet(0.7x) 
04:08:30  max=0.69 (cart 0.69, frontend 0.38)  static:quiet(0.7x) 
04:09:00  max=0.69 (cart 0.69, frontend 0.37)  static:quiet(0.7x) 
04:09:30  max=0.69 (cart 0.69, frontend 0.37)  static:quiet(0.7x) 
04:10:00  max=0.69 (cart 0.69, frontend 0.37)  static:quiet(0.7x) 
04:10:30  max=0.69 (cart 0.69, frontend 0.37)  static:quiet(0.7x) 
04:11:00  max=0.69 (cart 0.69, frontend 0.37)  static:quiet(0.7x) 
04:11:30  max=0.68 (cart 0.68, frontend 0.36)  static:quiet(0.7x) 
04:12:00  max=0.68 (cart 0.68, frontend 0.36)  static:quiet(0.7x) 
04:12:30  max=0.68 (cart 0.68, frontend 0.35)  static:quiet(0.7x) 
04:13:00  max=0.68 (cart 0.68, frontend 0.35)  static:quiet(0.7x) 
04:13:30  max=0.68 (cart 0.68, frontend 0.35)  static:quiet(0.7x) 
04:14:00  max=0.68 (cart 0.68, frontend 0.35)  static:quiet(0.7x) 
04:14:30  max=0.68 (cart 0.68, frontend 0.35)  static:quiet(0.7x) 
04:15:00  max=0.68 (cart 0.68, frontend 0.35)  static:quiet(0.7x) 
04:15:30  max=0.68 (cart 0.68, frontend 0.35)  static:quiet(0.8x) 
04:16:00  max=0.68 (cart 0.68, frontend 0.35)  static:quiet(0.7x) 
04:16:30  max=0.68 (cart 0.68, frontend 0.35)  static:quiet(0.7x) 
04:17:00  max=0.68 (cart 0.68, frontend 0.35)  static:quiet(0.7x) 
04:17:30  max=0.68 (cart 0.68, frontend 0.36)  static:quiet(0.7x) 
04:18:00  max=0.68 (cart 0.68, frontend 0.36)  static:quiet(0.7x) 
04:18:30  max=0.68 (cart 0.68, frontend 0.36)  static:quiet(0.7x) 
04:19:00  max=0.68 (cart 0.68, frontend 0.36)  static:quiet(0.7x) 
04:19:30  max=0.69 (cart 0.69, frontend 0.37)  static:quiet(0.7x) 
04:20:00  max=0.69 (cart 0.69, frontend 0.37)  static:quiet(0.8x) 
04:20:30  max=0.69 (cart 0.69, frontend 0.37)  static:quiet(0.8x) 
04:21:00  max=0.68 (cart 0.68, frontend 0.37)  static:quiet(0.8x) 
04:21:30  max=0.68 (cart 0.68, frontend 0.36)  static:quiet(0.7x) 
04:22:00  max=0.68 (cart 0.68, frontend 0.36)  static:quiet(0.7x) 
04:22:30  max=0.68 (cart 0.68, frontend 0.36)  static:quiet(0.7x) 
04:23:00  max=0.68 (cart 0.68, frontend 0.36)  static:quiet(0.7x) 
04:23:30  max=0.68 (cart 0.68, frontend 0.36)  static:quiet(0.7x) 
04:24:00  max=0.68 (cart 0.68, frontend 0.36)  static:quiet(0.7x) 
04:24:30  max=0.68 (cart 0.68, frontend 0.36)  static:quiet(0.7x) 
04:25:00  max=0.68 (cart 0.68, frontend 0.35)  static:quiet(0.7x) 
04:25:30  max=0.68 (cart 0.68, frontend 0.35)  static:quiet(0.7x) 
04:26:00  max=0.68 (cart 0.68, frontend 0.35)  static:quiet(0.7x) 
04:26:30  max=0.68 (cart 0.68, frontend 0.35)  static:quiet(0.7x) 
04:27:00  max=0.68 (cart 0.68, frontend 0.35)  static:quiet(0.7x) 
04:27:30  max=0.68 (cart 0.68, frontend 0.36)  static:quiet(0.7x) 
04:28:00  max=0.68 (cart 0.68, frontend 0.36)  static:quiet(0.7x) 
04:28:30  max=0.68 (cart 0.68, frontend 0.36)  static:quiet(0.7x) 
04:29:00  max=0.68 (cart 0.68, frontend 0.36)  static:quiet(0.7x) 
04:29:30  max=0.68 (cart 0.68, frontend 0.36)  static:quiet(0.7x) 
04:30:00  max=0.68 (cart 0.68, frontend 0.36)  static:quiet(0.7x) 
04:30:30  max=0.68 (cart 0.68, frontend 0.36)  static:quiet(0.7x) 
04:31:00  max=0.68 (cart 0.68, frontend 0.37)  static:quiet(0.7x) 
04:31:30  max=0.68 (cart 0.68, frontend 0.37)  static:quiet(0.7x) 
04:32:00  max=0.68 (cart 0.68, frontend 0.37)  static:quiet(0.7x) 
04:32:30  max=0.68 (cart 0.68, frontend 0.37)  static:quiet(0.7x) 
04:33:00  max=0.68 (cart 0.68, frontend 0.37)  static:quiet(0.7x) 
04:33:30  max=0.69 (cart 0.69, frontend 0.37)  static:quiet(0.7x) 
04:34:00  max=0.69 (cart 0.69, frontend 0.37)  static:quiet(0.7x) 
04:34:30  max=0.69 (cart 0.69, frontend 0.37)  static:quiet(0.8x) 
04:35:00  max=0.69 (cart 0.69, frontend 0.38)  static:quiet(0.7x) 
04:35:30  max=0.69 (cart 0.69, frontend 0.38)  static:quiet(0.7x) 
04:36:00  max=0.69 (cart 0.69, frontend 0.38)  static:quiet(0.7x) 
04:36:30  max=0.69 (cart 0.69, frontend 0.39)  static:quiet(0.8x) 
04:37:00  max=0.69 (cart 0.69, frontend 0.39)  static:quiet(0.7x) 
04:37:30  max=0.69 (cart 0.69, frontend 0.39)  static:quiet(0.7x) 
04:38:00  max=0.69 (cart 0.69, frontend 0.39)  static:quiet(0.7x) 
04:38:30  max=0.69 (cart 0.69, frontend 0.39)  static:quiet(0.8x) 
04:39:00  max=0.69 (cart 0.69, frontend 0.39)  static:quiet(0.7x) 
04:39:30  max=0.69 (cart 0.69, frontend 0.39)  static:quiet(0.7x) 
04:40:00  max=0.69 (cart 0.69, frontend 0.39)  static:quiet(0.7x) 
04:40:30  max=0.69 (cart 0.69, frontend 0.39)  static:quiet(0.8x) 
04:41:00  max=0.69 (cart 0.69, frontend 0.39)  static:quiet(0.8x) 
04:41:30  max=0.69 (cart 0.69, frontend 0.39)  static:quiet(0.8x) 
04:42:00  max=0.69 (cart 0.69, frontend 0.39)  static:quiet(0.8x) 
04:42:30  max=0.69 (cart 0.69, frontend 0.39)  static:quiet(0.7x) 
04:43:00  max=0.69 (cart 0.69, frontend 0.39)  static:quiet(0.7x) 
04:43:30  max=0.69 (cart 0.69, frontend 0.39)  static:quiet(0.7x) 
04:44:00  max=0.69 (cart 0.69, frontend 0.39)  static:quiet(0.7x) 
04:44:30  max=0.69 (cart 0.69, frontend 0.39)  static:quiet(0.7x) 
04:45:00  max=0.69 (cart 0.69, frontend 0.39)  static:quiet(0.7x) 
04:45:30  max=0.69 (cart 0.69, frontend 0.39)  static:quiet(0.7x) 
04:46:00  max=0.69 (cart 0.69, frontend 0.39)  static:quiet(0.7x) 
04:46:30  max=0.69 (cart 0.69, frontend 0.39)  static:quiet(0.7x) 
04:47:00  max=0.69 (cart 0.69, frontend 0.38)  static:quiet(0.7x) 
04:47:30  max=0.69 (cart 0.69, frontend 0.38)  static:quiet(0.7x) 
04:48:00  max=0.69 (cart 0.69, frontend 0.38)  static:quiet(0.8x) 
04:48:30  max=0.69 (cart 0.69, frontend 0.38)  static:quiet(0.8x) 
04:49:00  max=0.69 (cart 0.69, frontend 0.38)  static:quiet(0.8x) 
04:49:30  max=0.69 (cart 0.69, frontend 0.38)  static:quiet(0.7x) 
04:50:00  max=0.69 (cart 0.69, frontend 0.38)  static:quiet(0.7x) 
04:50:30  max=0.69 (cart 0.69, frontend 0.38)  static:quiet(0.7x) 
04:51:00  max=0.69 (cart 0.69, frontend 0.38)  static:quiet(0.7x) 
04:51:30  max=0.69 (cart 0.69, frontend 0.38)  static:quiet(0.8x) 
04:52:00  max=0.69 (cart 0.69, frontend 0.38)  static:quiet(0.8x) 
04:52:30  max=0.69 (cart 0.69, frontend 0.38)  static:quiet(0.8x) 
04:53:00  max=0.69 (cart 0.69, frontend 0.38)  static:quiet(0.7x) 
04:53:30  max=0.69 (cart 0.69, frontend 0.38)  static:quiet(0.7x) 
04:54:00  max=0.69 (cart 0.69, frontend 0.37)  static:quiet(0.7x) 
04:54:30  max=0.69 (cart 0.69, frontend 0.37)  static:quiet(0.8x) 
04:55:00  max=0.69 (cart 0.69, frontend 0.37)  static:quiet(0.7x) 
04:55:30  max=0.69 (cart 0.69, frontend 0.38)  static:quiet(0.7x) 
04:56:00  max=0.69 (cart 0.69, frontend 0.38)  static:quiet(0.7x) 
04:56:30  max=0.69 (cart 0.69, frontend 0.38)  static:quiet(0.7x) 
04:57:00  max=0.69 (cart 0.69, frontend 0.38)  static:quiet(0.7x) 
04:57:30  max=0.69 (cart 0.69, frontend 0.38)  static:quiet(0.7x) 
04:58:00  max=0.69 (cart 0.69, frontend 0.38)  static:quiet(0.7x) 
04:58:30  max=0.69 (cart 0.69, frontend 0.38)  static:quiet(0.8x) 
04:59:00  max=0.69 (cart 0.69, frontend 0.38)  static:quiet(0.7x) 
04:59:30  max=0.69 (cart 0.69, frontend 0.38)  static:quiet(0.8x) 
05:00:00  max=0.69 (cart 0.69, frontend 0.38)  static:quiet(0.7x) 
05:00:30  max=0.69 (cart 0.69, frontend 0.38)  static:quiet(0.8x) 
05:01:00  max=0.69 (cart 0.69, frontend 0.38)  static:quiet(0.8x) 
05:01:30  max=0.69 (cart 0.69, frontend 0.38)  static:quiet(0.8x) 
05:02:00  max=0.69 (cart 0.69, frontend 0.38)  static:quiet(0.8x) 
05:02:30  max=0.69 (cart 0.69, frontend 0.38)  static:quiet(0.8x) 
05:03:00  max=0.69 (cart 0.69, frontend 0.38)  static:quiet(0.7x) 
05:03:30  max=0.69 (cart 0.69, frontend 0.38)  static:quiet(0.7x) 
05:04:00  max=0.69 (cart 0.69, frontend 0.38)  static:quiet(0.9x) 
05:04:30  max=0.69 (cart 0.69, frontend 0.38)  static:quiet(0.9x) 
05:05:00  max=0.69 (cart 0.69, frontend 0.38)  static:quiet(0.8x) 
05:05:30  max=0.69 (cart 0.69, frontend 0.38)  static:quiet(0.7x) 
05:06:00  max=0.69 (cart 0.69, frontend 0.38)  static:quiet(0.8x) 
05:06:30  max=0.69 (cart 0.69, frontend 0.38)  static:quiet(0.8x) 
05:07:00  max=0.69 (cart 0.69, frontend 0.38)  static:quiet(0.8x) 
05:07:30  max=0.69 (cart 0.69, frontend 0.38)  static:quiet(0.8x) 
05:08:00  max=0.69 (cart 0.69, frontend 0.38)  static:quiet(0.7x) 
05:08:30  max=0.69 (cart 0.69, frontend 0.38)  static:quiet(0.7x) 
05:09:00  max=0.69 (cart 0.69, frontend 0.38)  static:quiet(0.7x) 
05:09:30  max=0.69 (cart 0.69, frontend 0.38)  static:quiet(0.7x) 
05:10:00  max=0.69 (cart 0.69, frontend 0.37)  static:quiet(0.7x) 
05:10:30  max=0.69 (cart 0.69, frontend 0.37)  static:quiet(0.7x) 
05:11:00  max=0.69 (cart 0.69, frontend 0.37)  static:quiet(0.7x) 
05:11:30  max=0.69 (cart 0.69, frontend 0.37)  static:quiet(0.7x) 
05:12:00  max=0.69 (cart 0.69, frontend 0.37)  static:quiet(0.7x) 
05:12:30  max=0.69 (cart 0.69, frontend 0.37)  static:quiet(0.7x) 
05:13:00  max=0.69 (cart 0.69, frontend 0.37)  static:quiet(0.7x) 
05:13:30  max=0.69 (cart 0.69, frontend 0.37)  static:quiet(0.7x) 
05:14:00  max=0.69 (cart 0.69, frontend 0.36)  static:quiet(0.7x) 
05:14:30  max=0.69 (cart 0.69, frontend 0.36)  static:quiet(0.7x) 
05:15:00  max=0.69 (cart 0.69, frontend 0.36)  static:quiet(0.7x) 
05:15:30  max=0.69 (cart 0.69, frontend 0.36)  static:quiet(0.7x) 
05:16:00  max=0.69 (cart 0.69, frontend 0.36)  static:quiet(0.7x) 
05:16:30  max=0.68 (cart 0.68, frontend 0.36)  static:quiet(0.7x) 
05:17:00  max=0.68 (cart 0.68, frontend 0.36)  static:quiet(0.7x) 
05:17:30  max=0.68 (cart 0.68, frontend 0.36)  static:quiet(0.7x) 
05:18:00  max=0.68 (cart 0.68, frontend 0.36)  static:quiet(0.7x) 
05:18:30  max=0.68 (cart 0.68, frontend 0.36)  static:quiet(0.7x) 
05:19:00  max=0.68 (cart 0.68, frontend 0.36)  static:quiet(0.7x) 
05:19:30  max=0.68 (cart 0.68, frontend 0.36)  static:quiet(0.7x) 
05:20:00  max=0.68 (cart 0.68, frontend 0.36)  static:quiet(0.7x) 
05:20:30  max=0.68 (cart 0.68, frontend 0.36)  static:quiet(0.7x) 
05:21:00  max=0.68 (cart 0.68, frontend 0.36)  static:quiet(0.7x) 
05:21:30  max=0.68 (cart 0.68, frontend 0.36)  static:quiet(0.7x) 
05:22:00  max=0.68 (cart 0.68, frontend 0.36)  static:quiet(0.7x) 
05:22:30  max=0.69 (cart 0.69, frontend 0.37)  static:quiet(0.7x) 
05:23:00  max=0.69 (cart 0.69, frontend 0.36)  static:quiet(0.8x) 
05:23:30  max=0.68 (cart 0.68, frontend 0.36)  static:quiet(0.8x) 
05:24:00  max=0.68 (cart 0.68, frontend 0.36)  static:quiet(0.8x) 
05:24:30  max=0.68 (cart 0.68, frontend 0.36)  static:quiet(0.8x) 
05:25:00  max=0.68 (cart 0.68, frontend 0.36)  static:quiet(0.7x) 
05:25:30  max=0.68 (cart 0.68, frontend 0.36)  static:quiet(0.7x) 
05:26:00  max=0.68 (cart 0.68, frontend 0.36)  static:quiet(0.7x) 
05:26:30  max=0.68 (cart 0.68, frontend 0.36)  static:quiet(0.7x) 
05:27:00  max=0.68 (cart 0.68, frontend 0.36)  static:quiet(0.7x) 
05:27:30  max=0.68 (cart 0.68, frontend 0.36)  static:quiet(0.7x) 
05:28:00  max=0.68 (cart 0.68, frontend 0.36)  static:quiet(0.7x) 
05:28:30  max=0.68 (cart 0.68, frontend 0.36)  static:quiet(0.7x) 
05:29:00  max=0.68 (cart 0.68, frontend 0.36)  static:quiet(0.7x) 
05:29:30  max=0.68 (cart 0.68, frontend 0.36)  static:quiet(0.7x) 
05:30:00  max=0.68 (cart 0.68, frontend 0.36)  static:quiet(0.7x) 
05:30:30  max=0.68 (cart 0.68, frontend 0.36)  static:quiet(0.8x) 
05:31:00  max=0.68 (cart 0.68, frontend 0.36)  static:quiet(0.8x) 
05:31:30  max=0.68 (cart 0.68, frontend 0.37)  static:quiet(0.8x) 
05:32:00  max=0.68 (cart 0.68, frontend 0.37)  static:quiet(0.7x) 
05:32:30  max=0.68 (cart 0.68, frontend 0.37)  static:quiet(0.7x) 
05:33:00  max=0.68 (cart 0.68, frontend 0.37)  static:quiet(0.7x) 
05:33:30  max=0.68 (cart 0.68, frontend 0.37)  static:quiet(0.8x) 
05:34:00  max=0.68 (cart 0.68, frontend 0.37)  static:quiet(0.8x) 
05:34:30  max=0.68 (cart 0.68, frontend 0.37)  static:quiet(0.8x) 
05:35:00  max=0.68 (cart 0.68, frontend 0.37)  static:quiet(0.7x) 
05:35:30  max=0.68 (cart 0.68, frontend 0.37)  static:quiet(0.7x) 
05:36:00  max=0.68 (cart 0.68, frontend 0.36)  static:quiet(0.7x) 
05:36:30  max=0.68 (cart 0.68, frontend 0.36)  static:quiet(0.7x) 
05:37:00  max=0.68 (cart 0.68, frontend 0.36)  static:quiet(0.7x) 
05:37:30  max=0.68 (cart 0.68, frontend 0.35)  static:quiet(0.7x) 
05:38:00  max=0.68 (cart 0.68, frontend 0.35)  static:quiet(0.7x) 
05:38:30  max=0.68 (cart 0.68, frontend 0.35)  static:quiet(0.7x) 
05:39:00  max=0.68 (cart 0.68, frontend 0.36)  static:quiet(0.8x) 
05:39:30  max=0.68 (cart 0.68, frontend 0.36)  static:quiet(0.7x) 
05:40:00  max=0.68 (cart 0.68, frontend 0.36)  static:quiet(0.7x) 
05:40:30  max=0.68 (cart 0.68, frontend 0.36)  static:quiet(0.7x) 
05:41:00  max=0.68 (cart 0.68, frontend 0.36)  static:quiet(0.8x) 
05:41:30  max=0.68 (cart 0.68, frontend 0.36)  static:quiet(0.8x) 
05:42:00  max=0.68 (cart 0.68, frontend 0.36)  static:quiet(0.8x) 
05:42:30  max=0.68 (cart 0.68, frontend 0.36)  static:quiet(0.8x) 
05:43:00  max=0.68 (cart 0.68, frontend 0.36)  static:quiet(0.8x) 
05:43:30  max=0.68 (cart 0.68, frontend 0.36)  static:quiet(0.8x) 
05:44:00  max=0.68 (cart 0.68, frontend 0.36)  static:quiet(0.8x) 
05:44:30  max=0.68 (cart 0.68, frontend 0.37)  static:quiet(1.2x) 
05:45:00  max=0.68 (cart 0.68, frontend 0.37)  static:quiet(1.1x) 
05:45:30  max=0.68 (cart 0.68, frontend 0.37)  static:quiet(1.1x) 
05:46:00  max=0.68 (cart 0.68, frontend 0.37)  static:quiet(0.7x) 
05:46:30  max=0.68 (cart 0.68, frontend 0.37)  static:quiet(0.8x) 
05:47:00  max=0.68 (cart 0.68, frontend 0.37)  static:quiet(0.8x) 
05:47:30  max=0.68 (cart 0.68, frontend 0.37)  static:quiet(0.8x) 
05:48:00  max=0.68 (cart 0.68, frontend 0.37)  static:quiet(0.8x) 
05:48:30  max=0.68 (cart 0.68, frontend 0.37)  static:quiet(0.8x) 
05:49:00  max=0.68 (cart 0.68, frontend 0.37)  static:quiet(0.7x) 
05:49:30  max=0.68 (cart 0.68, frontend 0.37)  static:quiet(0.8x) 
05:50:00  max=0.68 (cart 0.68, frontend 0.37)  static:quiet(0.8x) 
05:50:30  max=0.68 (cart 0.68, frontend 0.37)  static:quiet(0.8x) 
05:51:00  max=0.68 (cart 0.68, frontend 0.36)  static:quiet(0.8x) 
05:51:30  max=0.68 (cart 0.68, frontend 0.36)  static:quiet(0.8x) 
05:52:00  max=0.68 (cart 0.68, frontend 0.36)  static:quiet(0.7x) 
05:52:30  max=0.68 (cart 0.68, frontend 0.36)  static:quiet(0.7x) 
05:53:00  max=0.68 (cart 0.68, frontend 0.36)  static:quiet(0.8x) 
05:53:30  max=0.68 (cart 0.68, frontend 0.36)  static:quiet(0.8x) 
05:54:00  max=0.68 (cart 0.68, frontend 0.36)  static:quiet(0.7x) 
05:54:30  max=0.68 (cart 0.68, frontend 0.36)  static:quiet(0.8x) 
05:55:00  max=0.68 (cart 0.68, frontend 0.36)  static:quiet(0.8x) 
05:55:30  max=0.68 (cart 0.68, frontend 0.36)  static:quiet(0.8x) 
05:56:00  max=0.68 (cart 0.68, frontend 0.36)  static:quiet(0.8x) 
05:56:30  max=0.68 (cart 0.68, frontend 0.36)  static:quiet(0.8x) 
05:57:00  max=0.68 (cart 0.68, frontend 0.36)  static:quiet(0.8x) 
05:57:30  max=0.68 (cart 0.68, frontend 0.36)  static:quiet(0.9x) 
05:58:00  max=0.68 (cart 0.68, frontend 0.36)  static:quiet(0.9x) 
05:58:30  max=0.68 (cart 0.68, frontend 0.36)  static:quiet(0.9x) 
05:59:00  max=0.68 (cart 0.68, frontend 0.36)  static:quiet(0.8x) 
05:59:30  max=0.68 (cart 0.68, frontend 0.37)  static:quiet(0.8x) 
06:00:00  max=0.69 (cart 0.69, frontend 0.37)  static:quiet(0.8x) 
06:00:30  max=0.69 (cart 0.69, frontend 0.37)  static:quiet(0.8x) 
06:01:00  max=0.69 (cart 0.69, frontend 0.37)  static:quiet(0.8x) 
06:01:30  max=0.69 (cart 0.69, frontend 0.37)  static:quiet(0.8x) 
06:02:00  max=0.69 (cart 0.69, frontend 0.37)  static:quiet(0.8x) 
06:02:30  max=0.69 (cart 0.69, frontend 0.37)  static:quiet(0.8x) 
06:03:00  max=0.69 (cart 0.69, frontend 0.37)  static:quiet(0.8x) 
06:03:30  max=0.69 (cart 0.69, frontend 0.37)  static:quiet(0.8x) 
06:04:00  max=0.69 (cart 0.69, frontend 0.37)  static:quiet(0.8x) 
06:04:30  max=0.69 (cart 0.69, frontend 0.37)  static:quiet(0.8x) 
06:05:00  max=0.69 (cart 0.69, frontend 0.37)  static:quiet(0.7x) 
06:05:30  max=0.68 (cart 0.68, frontend 0.37)  static:quiet(0.8x) 
06:06:00  max=0.68 (cart 0.68, frontend 0.36)  static:quiet(0.8x) 
06:06:30  max=0.68 (cart 0.68, frontend 0.36)  static:quiet(0.8x) 
06:07:00  max=0.68 (cart 0.68, frontend 0.36)  static:quiet(0.8x) 
06:07:30  max=0.68 (cart 0.68, frontend 0.36)  static:quiet(0.8x) 
06:08:00  max=0.68 (cart 0.68, frontend 0.35)  static:quiet(0.8x) 
06:08:30  max=0.68 (cart 0.68, frontend 0.36)  static:quiet(0.8x) 
06:09:00  max=0.68 (cart 0.68, frontend 0.36)  static:quiet(0.8x) 
06:09:30  max=0.68 (cart 0.68, frontend 0.36)  static:quiet(0.8x) 
06:10:00  max=0.69 (cart 0.69, frontend 0.37)  static:quiet(0.8x) 
06:10:30  max=0.69 (cart 0.69, frontend 0.37)  static:quiet(0.8x) 
06:11:00  max=0.69 (cart 0.69, frontend 0.37)  static:quiet(0.7x) 
06:11:30  max=0.69 (cart 0.69, frontend 0.37)  static:quiet(0.7x) 
06:12:00  max=0.69 (cart 0.69, frontend 0.37)  static:quiet(0.8x) 
06:12:30  max=0.69 (cart 0.69, frontend 0.37)  static:quiet(0.8x) 
06:13:00  max=0.69 (cart 0.69, frontend 0.37)  static:quiet(0.8x) 
06:13:30  max=0.69 (cart 0.69, frontend 0.37)  static:quiet(0.8x) 
06:14:00  max=0.69 (cart 0.69, frontend 0.38)  static:quiet(1.0x) 
06:14:30  max=0.68 (cart 0.68, frontend 0.38)  static:quiet(1.1x) 
06:15:00  max=0.68 (cart 0.68, frontend 0.37)  static:quiet(1.1x) 
06:15:30  max=0.68 (cart 0.68, frontend 0.37)  static:quiet(0.8x) 
06:16:00  max=0.68 (cart 0.68, frontend 0.37)  static:quiet(0.8x) 
06:16:30  max=0.68 (cart 0.68, frontend 0.37)  static:quiet(0.8x) 
06:17:00  max=0.68 (cart 0.68, frontend 0.37)  static:quiet(0.7x) 
06:17:30  max=0.68 (cart 0.68, frontend 0.37)  static:quiet(0.8x) 
06:18:00  max=0.68 (cart 0.68, frontend 0.37)  static:quiet(0.8x) 
06:18:30  max=0.68 (cart 0.68, frontend 0.38)  static:quiet(0.8x) 
06:19:00  max=0.68 (cart 0.68, frontend 0.38)  static:quiet(0.8x) 
06:19:30  max=0.68 (cart 0.68, frontend 0.37)  static:quiet(0.8x) 
06:20:00  max=0.68 (cart 0.68, frontend 0.37)  static:quiet(0.7x) 
06:20:30  max=0.68 (cart 0.68, frontend 0.37)  static:quiet(0.8x) 
06:21:00  max=0.68 (cart 0.68, frontend 0.36)  static:quiet(0.8x) 
06:21:30  max=0.68 (cart 0.68, frontend 0.37)  static:quiet(0.8x) 
06:22:00  max=0.68 (cart 0.68, frontend 0.37)  static:quiet(0.8x) 
06:22:30  max=0.68 (cart 0.68, frontend 0.37)  static:quiet(0.8x) 
06:23:00  max=0.68 (cart 0.68, frontend 0.37)  static:quiet(0.8x) 
06:23:30  max=0.68 (cart 0.68, frontend 0.37)  static:quiet(0.8x) 
06:24:00  max=0.68 (cart 0.68, frontend 0.37)  static:quiet(0.8x) 
06:24:30  max=0.68 (cart 0.68, frontend 0.37)  static:quiet(0.8x) 
06:25:00  max=0.68 (cart 0.68, frontend 0.37)  static:quiet(0.8x) 
06:25:30  max=0.69 (cart 0.69, frontend 0.38)  static:quiet(0.8x) 
06:26:00  max=0.69 (cart 0.69, frontend 0.38)  static:quiet(0.8x) 
06:26:30  max=0.69 (cart 0.69, frontend 0.39)  static:quiet(0.8x) 
06:27:00  max=0.69 (cart 0.69, frontend 0.39)  static:quiet(0.8x) 
06:27:30  max=0.69 (cart 0.69, frontend 0.40)  static:quiet(0.8x) 
06:28:00  max=0.69 (cart 0.69, frontend 0.40)  static:quiet(0.8x) 
06:28:30  max=0.69 (cart 0.69, frontend 0.40)  static:quiet(0.8x) 
06:29:00  max=0.69 (cart 0.69, frontend 0.40)  static:quiet(0.9x) 
06:29:30  max=0.69 (cart 0.69, frontend 0.40)  static:quiet(0.9x) 
06:30:00  max=0.69 (cart 0.69, frontend 0.40)  static:quiet(0.9x) 
06:30:30  max=0.69 (cart 0.69, frontend 0.40)  static:quiet(0.9x) 
06:31:00  max=0.69 (cart 0.69, frontend 0.40)  static:quiet(0.9x) 
06:31:30  max=0.69 (cart 0.69, frontend 0.41)  static:quiet(1.0x) 
06:32:00  max=0.69 (cart 0.69, frontend 0.41)  static:quiet(1.0x) 
06:32:30  max=0.69 (cart 0.69, frontend 0.41)  static:quiet(0.9x) 
06:33:00  max=0.69 (cart 0.69, frontend 0.42)  static:quiet(0.8x) 
06:33:30  max=0.69 (cart 0.69, frontend 0.42)  static:quiet(0.8x) 
06:34:00  max=0.69 (cart 0.69, frontend 0.43)  static:quiet(0.8x) 
06:34:30  max=0.69 (cart 0.69, frontend 0.43)  static:quiet(0.8x) 
06:35:00  max=0.69 (cart 0.69, frontend 0.43)  static:quiet(0.8x) 
06:35:30  max=0.69 (cart 0.69, frontend 0.42)  static:quiet(0.8x) 
06:36:00  max=0.69 (cart 0.69, frontend 0.42)  static:quiet(0.8x) 
06:36:30  max=0.69 (cart 0.69, frontend 0.42)  static:quiet(0.8x) 
06:37:00  max=0.69 (cart 0.69, frontend 0.42)  static:quiet(0.8x) 
06:37:30  max=0.69 (cart 0.69, frontend 0.42)  static:quiet(0.8x) 
06:38:00  max=0.69 (cart 0.69, frontend 0.41)  static:quiet(0.8x) 
06:38:30  max=0.69 (cart 0.69, frontend 0.41)  static:quiet(0.9x) 
06:39:00  max=0.69 (cart 0.69, frontend 0.41)  static:quiet(0.9x) 
06:39:30  max=0.69 (cart 0.69, frontend 0.41)  static:quiet(0.8x) 
06:40:00  max=0.69 (cart 0.69, frontend 0.41)  static:quiet(0.8x) 
06:40:30  max=0.69 (cart 0.69, frontend 0.41)  static:quiet(0.8x) 
06:41:00  max=0.69 (cart 0.69, frontend 0.41)  static:quiet(0.8x) 
06:41:30  max=0.69 (cart 0.69, frontend 0.41)  static:quiet(0.8x) 
06:42:00  max=0.69 (cart 0.69, frontend 0.41)  static:quiet(0.8x) 
06:42:30  max=0.68 (cart 0.68, frontend 0.40)  static:quiet(0.8x) 
06:43:00  max=0.68 (cart 0.68, frontend 0.40)  static:quiet(0.8x) 
06:43:30  max=0.68 (cart 0.68, frontend 0.40)  static:quiet(0.8x) 
06:44:00  max=0.68 (cart 0.68, frontend 0.40)  static:quiet(0.8x) 
06:44:30  max=0.68 (cart 0.68, frontend 0.40)  static:quiet(0.9x) 
06:45:00  max=0.68 (cart 0.68, frontend 0.39)  static:quiet(0.9x) 
06:45:30  max=0.68 (cart 0.68, frontend 0.39)  static:quiet(0.9x) 
06:46:00  max=0.68 (cart 0.68, frontend 0.39)  static:quiet(0.8x) 
06:46:30  max=0.69 (cart 0.69, frontend 0.39)  static:quiet(0.8x) 
06:47:00  max=0.69 (cart 0.69, frontend 0.39)  static:quiet(0.8x) 
06:47:30  max=0.69 (cart 0.69, frontend 0.40)  static:quiet(0.8x) 
06:48:00  max=0.69 (cart 0.69, frontend 0.40)  static:quiet(0.8x) 
06:48:30  max=0.69 (cart 0.69, frontend 0.40)  static:quiet(0.8x) 
06:49:00  max=0.69 (cart 0.69, frontend 0.40)  static:quiet(0.8x) 
06:49:30  max=0.69 (cart 0.69, frontend 0.40)  static:quiet(0.8x) 
06:50:00  max=0.69 (cart 0.69, frontend 0.40)  static:quiet(0.8x) 
06:50:30  max=0.69 (cart 0.69, frontend 0.39)  static:quiet(0.8x) 
06:51:00  max=0.69 (cart 0.69, frontend 0.39)  static:quiet(1.1x) 
06:51:30  max=0.69 (cart 0.69, frontend 0.39)  static:quiet(1.0x) 
06:52:00  max=0.69 (cart 0.69, frontend 0.39)  static:quiet(1.0x) 
06:52:30  max=0.69 (cart 0.69, frontend 0.39)  static:quiet(0.8x) 
06:53:00  max=0.69 (cart 0.69, frontend 0.39)  static:quiet(0.7x) 
06:53:30  max=0.69 (cart 0.69, frontend 0.39)  static:quiet(0.8x) 
06:54:00  max=0.69 (cart 0.69, frontend 0.39)  static:quiet(0.8x) 
06:54:30  max=0.69 (cart 0.69, frontend 0.39)  static:quiet(0.8x) 
06:55:00  max=0.69 (cart 0.69, frontend 0.40)  static:quiet(0.8x) 
06:55:30  max=0.69 (cart 0.69, frontend 0.40)  static:quiet(0.8x) 
06:56:00  max=0.69 (cart 0.69, frontend 0.39)  static:quiet(0.8x) 
06:56:30  max=0.69 (cart 0.69, frontend 0.39)  static:quiet(0.8x) 
06:57:00  max=0.69 (cart 0.69, frontend 0.39)  static:quiet(0.8x) 
06:57:30  max=0.69 (cart 0.69, frontend 0.39)  static:quiet(0.8x) 
06:58:00  max=0.69 (cart 0.69, frontend 0.39)  static:quiet(0.8x) 
06:58:30  max=0.69 (cart 0.69, frontend 0.39)  static:quiet(0.8x) 
06:59:00  max=0.69 (cart 0.69, frontend 0.39)  static:quiet(0.8x) 
06:59:30  max=0.69 (cart 0.69, frontend 0.40)  static:quiet(0.8x) 
07:00:00  max=0.69 (cart 0.69, frontend 0.40)  static:quiet(0.8x) 
07:00:30  max=0.69 (cart 0.69, frontend 0.40)  static:quiet(0.8x) 
07:01:00  max=0.69 (cart 0.69, frontend 0.40)  static:quiet(0.8x) 
07:01:30  max=0.69 (cart 0.69, frontend 0.39)  static:quiet(0.9x) 
07:02:00  max=0.69 (cart 0.69, frontend 0.39)  static:quiet(0.8x) 
07:02:30  max=0.69 (cart 0.69, frontend 0.39)  static:quiet(0.8x) 
07:03:00  max=0.69 (cart 0.69, frontend 0.39)  static:quiet(0.8x) 
07:03:30  max=0.69 (cart 0.69, frontend 0.40)  static:quiet(0.8x) 
07:04:00  max=0.69 (cart 0.69, frontend 0.40)  static:quiet(0.8x) 
07:04:30  max=0.69 (cart 0.69, frontend 0.40)  static:quiet(0.8x) 
07:05:00  max=0.69 (cart 0.69, frontend 0.40)  static:quiet(0.8x) 
07:05:30  max=0.69 (cart 0.69, frontend 0.40)  static:quiet(0.8x) 
07:06:00  max=0.69 (cart 0.69, frontend 0.39)  static:quiet(0.8x) 
07:06:30  max=0.69 (cart 0.69, frontend 0.39)  static:quiet(0.8x) 
07:07:00  max=0.69 (cart 0.69, frontend 0.39)  static:quiet(0.8x) 
07:07:30  max=0.69 (cart 0.69, frontend 0.39)  static:quiet(0.8x) 
07:08:00  max=0.69 (cart 0.69, frontend 0.39)  static:quiet(0.8x) 
07:08:30  max=0.69 (cart 0.69, frontend 0.39)  static:quiet(0.8x) 
07:09:00  max=0.69 (cart 0.69, frontend 0.39)  static:quiet(0.8x) 
07:09:30  max=0.69 (cart 0.69, frontend 0.39)  static:quiet(0.9x) 
07:10:00  max=0.69 (cart 0.69, frontend 0.39)  static:quiet(0.9x) 
07:10:30  max=0.69 (cart 0.69, frontend 0.39)  static:quiet(0.9x) 
07:11:00  max=0.69 (cart 0.69, frontend 0.40)  static:quiet(0.8x) 
07:11:30  max=0.69 (cart 0.69, frontend 0.40)  static:quiet(0.8x) 
07:12:00  max=0.69 (cart 0.69, frontend 0.40)  static:quiet(0.8x) 
07:12:30  max=0.69 (cart 0.69, frontend 0.40)  static:quiet(0.8x) 
07:13:00  max=0.69 (cart 0.69, frontend 0.41)  static:quiet(0.8x) 
07:13:30  max=0.69 (cart 0.69, frontend 0.41)  static:quiet(0.8x) 
07:14:00  max=0.69 (cart 0.69, frontend 0.40)  static:quiet(0.8x) 
07:14:30  max=0.69 (cart 0.69, frontend 0.40)  static:quiet(0.8x) 
07:15:00  max=0.69 (cart 0.69, frontend 0.40)  static:quiet(0.8x) 
07:15:30  max=0.69 (cart 0.69, frontend 0.40)  static:quiet(0.8x) 
07:16:00  max=0.69 (cart 0.69, frontend 0.40)  static:quiet(0.8x) 
07:16:30  max=0.69 (cart 0.69, frontend 0.40)  static:quiet(0.8x) 
07:17:00  max=0.69 (cart 0.69, frontend 0.40)  static:quiet(0.9x) 
07:17:30  max=0.69 (cart 0.69, frontend 0.40)  static:quiet(0.9x) 
07:18:00  max=0.69 (cart 0.69, frontend 0.41)  static:quiet(0.9x) 
07:18:30  max=0.69 (cart 0.69, frontend 0.41)  static:quiet(0.8x) 
07:19:00  max=0.69 (cart 0.69, frontend 0.40)  static:quiet(0.8x) 
07:19:30  max=0.69 (cart 0.69, frontend 0.40)  static:quiet(0.8x) 
07:20:00  max=0.69 (cart 0.69, frontend 0.40)  static:quiet(0.8x) 
07:20:30  max=0.69 (cart 0.69, frontend 0.40)  static:quiet(0.8x) 
07:21:00  max=0.69 (cart 0.69, frontend 0.40)  static:quiet(0.8x) 
07:21:30  max=0.69 (cart 0.69, frontend 0.40)  static:quiet(1.0x) 
07:22:00  max=0.69 (cart 0.69, frontend 0.40)  static:quiet(0.9x) 
07:22:30  max=0.69 (cart 0.69, frontend 0.40)  static:quiet(0.9x) 
07:23:00  max=0.69 (cart 0.69, frontend 0.40)  static:quiet(0.8x) 
07:23:30  max=0.69 (cart 0.69, frontend 0.40)  static:quiet(0.8x) 
07:24:00  max=0.69 (cart 0.69, frontend 0.40)  static:quiet(0.9x) 
07:24:30  max=0.69 (cart 0.69, frontend 0.40)  static:quiet(0.8x) 
07:25:00  max=0.69 (cart 0.69, frontend 0.40)  static:quiet(0.8x) 
07:25:30  max=0.69 (cart 0.69, frontend 0.40)  static:quiet(0.8x) 
07:26:00  max=0.69 (cart 0.69, frontend 0.40)  static:quiet(0.8x) 
07:26:30  max=0.69 (cart 0.69, frontend 0.40)  static:quiet(0.8x) 
07:27:00  max=0.69 (cart 0.69, frontend 0.40)  static:quiet(0.8x) 
07:27:30  max=0.69 (cart 0.69, frontend 0.40)  static:quiet(0.8x) 
07:28:00  max=0.69 (cart 0.69, frontend 0.39)  static:quiet(0.8x) 
07:28:30  max=0.69 (cart 0.69, frontend 0.39)  static:quiet(1.1x) 
07:29:00  max=0.69 (cart 0.69, frontend 0.39)  static:quiet(1.2x) 
07:29:30  max=0.69 (cart 0.69, frontend 0.40)  static:quiet(1.2x) 
07:30:00  max=0.69 (cart 0.69, frontend 0.40)  static:quiet(0.8x) 
07:30:30  max=0.69 (cart 0.69, frontend 0.40)  static:quiet(0.8x) 
07:31:00  max=0.69 (cart 0.69, frontend 0.40)  static:quiet(0.8x) 
07:31:30  max=0.69 (cart 0.69, frontend 0.40)  static:quiet(0.8x) 
07:32:00  max=0.69 (cart 0.69, frontend 0.39)  static:quiet(0.8x) 
07:32:30  max=0.69 (cart 0.69, frontend 0.39)  static:quiet(0.8x) 
07:33:00  max=0.68 (cart 0.68, frontend 0.39)  static:quiet(0.8x) 
07:33:30  max=0.68 (cart 0.68, frontend 0.39)  static:quiet(0.8x) 
07:34:00  max=0.68 (cart 0.68, frontend 0.39)  static:quiet(0.8x) 
07:34:30  max=0.69 (cart 0.69, frontend 0.38)  static:quiet(0.8x) 
07:35:00  max=0.69 (cart 0.69, frontend 0.38)  static:quiet(0.8x) 
07:35:30  max=0.69 (cart 0.69, frontend 0.38)  static:quiet(0.9x) 
07:36:00  max=0.69 (cart 0.69, frontend 0.38)  static:quiet(1.0x) 
07:36:30  max=0.69 (cart 0.69, frontend 0.38)  static:quiet(0.9x) 
07:37:00  max=0.69 (cart 0.69, frontend 0.38)  static:quiet(0.8x) 
07:37:30  max=0.69 (cart 0.69, frontend 0.38)  static:quiet(0.8x) 
07:38:00  max=0.69 (cart 0.69, frontend 0.38)  static:quiet(0.8x) 
07:38:30  max=0.69 (cart 0.69, frontend 0.39)  static:quiet(0.8x) 
07:39:00  max=0.69 (cart 0.69, frontend 0.39)  static:quiet(0.7x) 
07:39:30  max=0.69 (cart 0.69, frontend 0.39)  static:quiet(0.8x) 
07:40:00  max=0.69 (cart 0.69, frontend 0.39)  static:quiet(0.8x) 
07:40:30  max=0.69 (cart 0.69, frontend 0.39)  static:quiet(0.7x) 
07:41:00  max=0.69 (cart 0.69, frontend 0.39)  static:quiet(0.8x) 
07:41:30  max=0.69 (cart 0.69, frontend 0.38)  static:quiet(0.8x) 
07:42:00  max=0.69 (cart 0.69, frontend 0.38)  static:quiet(0.8x) 
07:42:30  max=0.69 (cart 0.69, frontend 0.38)  static:quiet(0.8x) 
07:43:00  max=0.69 (cart 0.69, frontend 0.37)  static:quiet(0.8x) 
07:43:30  max=0.68 (cart 0.68, frontend 0.37)  static:quiet(0.8x) 
07:44:00  max=0.68 (cart 0.68, frontend 0.37)  static:quiet(0.7x) 
07:44:30  max=0.68 (cart 0.68, frontend 0.37)  static:quiet(0.7x) 
07:45:00  max=0.68 (cart 0.68, frontend 0.37)  static:quiet(0.7x) 
07:45:30  max=0.68 (cart 0.68, frontend 0.37)  static:quiet(0.7x) 
07:46:00  max=0.68 (cart 0.68, frontend 0.37)  static:quiet(0.7x) 
07:46:30  max=0.68 (cart 0.68, frontend 0.36)  static:quiet(0.7x) 
07:47:00  max=0.68 (cart 0.68, frontend 0.36)  static:quiet(0.7x) 
07:47:30  max=0.68 (cart 0.68, frontend 0.36)  static:quiet(0.7x) 
07:48:00  max=0.68 (cart 0.68, frontend 0.36)  static:quiet(0.8x) 
07:48:30  max=0.68 (cart 0.68, frontend 0.36)  static:quiet(1.0x) 
07:49:00  max=0.68 (cart 0.68, frontend 0.36)  static:quiet(0.9x) 
07:49:30  max=0.68 (cart 0.68, frontend 0.36)  static:quiet(0.9x) 
07:50:00  max=0.68 (cart 0.68, frontend 0.37)  static:quiet(0.8x) 
07:50:30  max=0.68 (cart 0.68, frontend 0.37)  static:quiet(0.8x) 
07:51:00  max=0.68 (cart 0.68, frontend 0.37)  static:quiet(0.8x) 
07:51:30  max=0.68 (cart 0.68, frontend 0.38)  static:quiet(0.8x) 
07:52:00  max=0.68 (cart 0.68, frontend 0.38)  static:quiet(0.7x) 
07:52:30  max=0.69 (cart 0.69, frontend 0.39)  static:quiet(0.7x) 
07:53:00  max=0.69 (cart 0.69, frontend 0.39)  static:quiet(0.7x) 
07:53:30  max=0.69 (cart 0.69, frontend 0.39)  static:quiet(0.8x) 
07:54:00  max=0.69 (cart 0.69, frontend 0.40)  static:quiet(0.8x) 
07:54:30  max=0.69 (cart 0.69, frontend 0.39)  static:quiet(0.7x) 
07:55:00  max=0.69 (cart 0.69, frontend 0.38)  static:quiet(0.7x) 
07:55:30  max=0.69 (cart 0.69, frontend 0.38)  static:quiet(0.7x) 
07:56:00  max=0.69 (cart 0.69, frontend 0.37)  static:quiet(0.8x) 
07:56:30  max=0.69 (cart 0.69, frontend 0.37)  static:quiet(0.7x) 
07:57:00  max=0.69 (cart 0.69, frontend 0.36)  static:quiet(0.7x) 
07:57:30  max=0.69 (cart 0.69, frontend 0.36)  static:quiet(0.8x) 
07:58:00  max=0.69 (cart 0.69, frontend 0.36)  static:quiet(0.8x) 
07:58:30  max=0.69 (cart 0.69, frontend 0.36)  static:quiet(0.7x) 
07:59:00  max=0.68 (cart 0.68, frontend 0.36)  static:quiet(0.7x) 
07:59:30  max=0.68 (cart 0.68, frontend 0.36)  static:quiet(0.7x) 
08:00:00  max=0.68 (cart 0.68, frontend 0.36)  static:quiet(0.7x) 
08:00:30  max=0.68 (cart 0.68, frontend 0.36)  static:quiet(0.7x) 
08:01:00  max=0.68 (cart 0.68, frontend 0.36)  static:quiet(0.7x) 
08:01:30  max=0.68 (cart 0.68, frontend 0.36)  static:quiet(0.7x) 
08:02:00  max=0.68 (cart 0.68, frontend 0.36)  static:quiet(0.7x) 
08:02:30  max=0.68 (cart 0.68, frontend 0.36)  static:quiet(0.7x) 
08:03:00  max=0.68 (cart 0.68, frontend 0.36)  static:quiet(0.7x) 
08:03:30  max=0.68 (cart 0.68, frontend 0.36)  static:quiet(0.7x) 
08:04:00  max=0.68 (cart 0.68, frontend 0.36)  static:quiet(0.7x) 
08:04:30  max=0.68 (cart 0.68, frontend 0.36)  static:quiet(0.7x) 
08:05:00  max=0.68 (cart 0.68, frontend 0.36)  static:quiet(0.8x) 
08:05:30  max=0.68 (cart 0.68, frontend 0.36)  static:quiet(0.8x) 
08:06:00  max=0.68 (cart 0.68, frontend 0.36)  static:quiet(0.7x) 
08:06:30  max=0.68 (cart 0.68, frontend 0.36)  static:quiet(0.8x) 
08:07:00  max=0.68 (cart 0.68, frontend 0.36)  static:quiet(0.8x) 
08:07:30  max=0.68 (cart 0.68, frontend 0.36)  static:quiet(0.8x) 
08:08:00  max=0.69 (cart 0.69, frontend 0.36)  static:quiet(0.8x) 
08:08:30  max=0.69 (cart 0.69, frontend 0.36)  static:quiet(0.8x) 
08:09:00  max=0.69 (cart 0.69, frontend 0.36)  static:quiet(0.8x) 
08:09:30  max=0.69 (cart 0.69, frontend 0.36)  static:quiet(0.7x) 
08:10:00  max=0.69 (cart 0.69, frontend 0.37)  static:quiet(0.8x) 
08:10:30  max=0.69 (cart 0.69, frontend 0.37)  static:quiet(0.8x) 
08:11:00  max=0.69 (cart 0.69, frontend 0.37)  static:quiet(0.8x) 
08:11:30  max=0.68 (cart 0.68, frontend 0.37)  static:quiet(0.8x) 
08:12:00  max=0.68 (cart 0.68, frontend 0.37)  static:quiet(0.8x) 
08:12:30  max=0.68 (cart 0.68, frontend 0.37)  static:quiet(0.8x) 
08:13:00  max=0.68 (cart 0.68, frontend 0.37)  static:quiet(0.8x) 
08:13:30  max=0.68 (cart 0.68, frontend 0.37)  static:quiet(0.8x) 
08:14:00  max=0.68 (cart 0.68, frontend 0.37)  static:quiet(0.7x) 
08:14:30  max=0.68 (cart 0.68, frontend 0.37)  static:quiet(0.7x) 
08:15:00  max=0.68 (cart 0.68, frontend 0.37)  static:quiet(0.7x) 
08:15:30  max=0.68 (cart 0.68, frontend 0.37)  static:quiet(0.7x) 
08:16:00  max=0.68 (cart 0.68, frontend 0.37)  static:quiet(0.8x) 
08:16:30  max=0.68 (cart 0.68, frontend 0.37)  static:quiet(0.8x) 
08:17:00  max=0.68 (cart 0.68, frontend 0.37)  static:quiet(0.7x) 
08:17:30  max=0.68 (cart 0.68, frontend 0.37)  static:quiet(0.8x) 
08:18:00  max=0.68 (cart 0.68, frontend 0.36)  static:quiet(0.8x) 
08:18:30  max=0.68 (cart 0.68, frontend 0.36)  static:quiet(0.8x) 
08:19:00  max=0.68 (cart 0.68, frontend 0.36)  static:quiet(0.7x) 
08:19:30  max=0.68 (cart 0.68, frontend 0.36)  static:quiet(0.7x) 
08:20:00  max=0.68 (cart 0.68, frontend 0.36)  static:quiet(0.7x) 
08:20:30  max=0.68 (cart 0.68, frontend 0.36)  static:quiet(0.8x) 
08:21:00  max=0.68 (cart 0.68, frontend 0.36)  static:quiet(0.8x) 
08:21:30  max=0.68 (cart 0.68, frontend 0.36)  static:quiet(0.8x) 
08:22:00  max=0.68 (cart 0.68, frontend 0.36)  static:quiet(0.7x) 
08:22:30  max=0.68 (cart 0.68, frontend 0.36)  static:quiet(0.7x) 
08:23:00  max=0.68 (cart 0.68, frontend 0.36)  static:quiet(0.7x) 
08:23:30  max=0.68 (cart 0.68, frontend 0.36)  static:quiet(0.8x) 
08:24:00  max=0.69 (cart 0.69, frontend 0.37)  static:quiet(0.8x) 
08:24:30  max=0.69 (cart 0.69, frontend 0.37)  static:quiet(0.8x) 
08:25:00  max=0.69 (cart 0.69, frontend 0.37)  static:quiet(0.7x) 
08:25:30  max=0.69 (cart 0.69, frontend 0.37)  static:quiet(0.7x) 
08:26:00  max=0.69 (cart 0.69, frontend 0.37)  static:quiet(0.7x) 
08:26:30  max=0.68 (cart 0.68, frontend 0.37)  static:quiet(0.7x) 
08:27:00  max=0.68 (cart 0.68, frontend 0.36)  static:quiet(0.7x) 
08:27:30  max=0.68 (cart 0.68, frontend 0.36)  static:quiet(0.7x) 
08:28:00  max=0.68 (cart 0.68, frontend 0.36)  static:quiet(0.7x) 
08:28:30  max=0.68 (cart 0.68, frontend 0.37)  static:quiet(0.7x) 
08:29:00  max=0.68 (cart 0.68, frontend 0.37)  static:quiet(0.7x) 
08:29:30  max=0.68 (cart 0.68, frontend 0.37)  static:quiet(0.8x) 
08:30:00  max=0.68 (cart 0.68, frontend 0.36)  static:quiet(0.8x) 
08:30:30  max=0.68 (cart 0.68, frontend 0.36)  static:quiet(0.8x) 
08:31:00  max=0.68 (cart 0.68, frontend 0.36)  static:quiet(0.7x) 
08:31:30  max=0.68 (cart 0.68, frontend 0.36)  static:quiet(0.7x) 
08:32:00  max=0.68 (cart 0.68, frontend 0.36)  static:quiet(0.7x) 
08:32:30  max=0.68 (cart 0.68, frontend 0.37)  static:quiet(0.7x) 
08:33:00  max=0.68 (cart 0.68, frontend 0.37)  static:quiet(0.7x) 
08:33:30  max=0.68 (cart 0.68, frontend 0.37)  static:quiet(0.8x) 
08:34:00  max=0.68 (cart 0.68, frontend 0.37)  static:quiet(0.8x) 
08:34:30  max=0.68 (cart 0.68, frontend 0.37)  static:quiet(0.8x) 
08:35:00  max=0.68 (cart 0.68, frontend 0.37)  static:quiet(0.7x) 
08:35:30  max=0.68 (cart 0.68, frontend 0.37)  static:quiet(0.8x) 
08:36:00  max=0.68 (cart 0.68, frontend 0.37)  static:quiet(0.7x) 
08:36:30  max=0.68 (cart 0.68, frontend 0.37)  static:quiet(0.7x) 
08:37:00  max=0.68 (cart 0.68, frontend 0.37)  static:quiet(0.8x) 
08:37:30  max=0.68 (cart 0.68, frontend 0.37)  static:quiet(0.8x) 
08:38:00  max=0.68 (cart 0.68, frontend 0.38)  static:quiet(0.9x) 
08:38:30  max=0.68 (cart 0.68, frontend 0.38)  static:quiet(0.8x) 
08:39:00  max=0.68 (cart 0.68, frontend 0.38)  static:quiet(0.7x) 
08:39:30  max=0.68 (cart 0.68, frontend 0.37)  static:quiet(0.7x) 
08:40:00  max=0.68 (cart 0.68, frontend 0.37)  static:quiet(0.7x) 
08:40:30  max=0.68 (cart 0.68, frontend 0.37)  static:quiet(0.7x) 
08:41:00  max=0.68 (cart 0.68, frontend 0.38)  static:quiet(0.8x) 
08:41:30  max=0.69 (cart 0.69, frontend 0.38)  static:quiet(0.9x) 
08:42:00  max=0.69 (cart 0.69, frontend 0.38)  static:quiet(0.8x) 
08:42:30  max=0.68 (cart 0.68, frontend 0.38)  static:quiet(0.7x) 
08:43:00  max=0.68 (cart 0.68, frontend 0.38)  static:quiet(0.7x) 
08:43:30  max=0.68 (cart 0.68, frontend 0.37)  static:quiet(0.7x) 
08:44:00  max=0.68 (cart 0.68, frontend 0.37)  static:quiet(0.7x) 
08:44:30  max=0.68 (cart 0.68, frontend 0.37)  static:quiet(0.7x) 
08:45:00  max=0.68 (cart 0.68, frontend 0.37)  static:quiet(0.7x) 
08:45:30  max=0.68 (cart 0.68, frontend 0.37)  static:quiet(0.7x) 
08:46:00  max=0.68 (cart 0.68, frontend 0.37)  static:quiet(0.7x) 
08:46:30  max=0.68 (cart 0.68, frontend 0.37)  static:quiet(0.8x) 
08:47:00  max=0.68 (cart 0.68, frontend 0.37)  static:quiet(0.8x) 
08:47:30  max=0.68 (cart 0.68, frontend 0.37)  static:quiet(0.8x) 
08:48:00  max=0.68 (cart 0.68, frontend 0.37)  static:quiet(0.7x) 
08:48:30  max=0.68 (cart 0.68, frontend 0.37)  static:quiet(0.8x) 
08:49:00  max=0.68 (cart 0.68, frontend 0.36)  static:quiet(0.8x) 
08:49:30  max=0.68 (cart 0.68, frontend 0.36)  static:quiet(0.8x) 
08:50:00  max=0.68 (cart 0.68, frontend 0.36)  static:quiet(0.7x) 
08:50:30  max=0.69 (cart 0.69, frontend 0.36)  static:quiet(0.7x) 
08:51:00  max=0.69 (cart 0.69, frontend 0.36)  static:quiet(0.7x) 
08:51:30  max=0.69 (cart 0.69, frontend 0.36)  static:quiet(0.7x) 
08:52:00  max=0.69 (cart 0.69, frontend 0.36)  static:quiet(0.7x) 
08:52:30  max=0.69 (cart 0.69, frontend 0.36)  static:quiet(0.7x) 
08:53:00  max=0.69 (cart 0.69, frontend 0.36)  static:quiet(0.7x) 
08:53:30  max=0.68 (cart 0.68, frontend 0.36)  static:quiet(0.7x) 
08:54:00  max=0.68 (cart 0.68, frontend 0.35)  static:quiet(0.7x) 
08:54:30  max=0.68 (cart 0.68, frontend 0.35)  static:quiet(0.7x) 
08:55:00  max=0.68 (cart 0.68, frontend 0.35)  static:quiet(0.7x) 
08:55:30  max=0.68 (cart 0.68, frontend 0.35)  static:quiet(0.7x) 
08:56:00  max=0.68 (cart 0.68, frontend 0.35)  static:quiet(0.7x) 
08:56:30  max=0.68 (cart 0.68, frontend 0.35)  static:quiet(0.7x) 
08:57:00  max=0.68 (cart 0.68, frontend 0.35)  static:quiet(0.7x) 
08:57:30  max=0.68 (cart 0.68, frontend 0.35)  static:quiet(0.7x) 
08:58:00  max=0.68 (cart 0.68, frontend 0.35)  static:quiet(0.7x) 
08:58:30  max=0.68 (cart 0.68, frontend 0.35)  static:quiet(0.7x) 
08:59:00  max=0.68 (cart 0.68, frontend 0.35)  static:quiet(0.8x) 
08:59:30  max=0.68 (cart 0.68, frontend 0.35)  static:quiet(0.8x) 
09:00:00  max=0.68 (cart 0.68, frontend 0.35)  static:quiet(0.8x) 
09:00:30  max=0.68 (cart 0.68, frontend 0.35)  static:quiet(0.8x) 
09:01:00  max=0.68 (cart 0.68, frontend 0.35)  static:quiet(0.8x) 
09:01:30  max=0.68 (cart 0.68, frontend 0.36)  static:quiet(0.8x) 
09:02:00  max=0.68 (cart 0.68, frontend 0.36)  static:quiet(0.8x) 
09:02:30  max=0.68 (cart 0.68, frontend 0.36)  static:quiet(0.8x) 
09:03:00  max=0.68 (cart 0.68, frontend 0.36)  static:quiet(0.7x) 
09:03:30  max=0.69 (cart 0.69, frontend 0.37)  static:quiet(0.7x) 
09:04:00  max=0.69 (cart 0.69, frontend 0.37)  static:quiet(0.7x) 
09:04:30  max=0.69 (cart 0.69, frontend 0.38)  static:quiet(0.8x) 
09:05:00  max=0.68 (cart 0.68, frontend 0.38)  static:quiet(0.7x) 
09:05:30  max=0.68 (cart 0.68, frontend 0.38)  static:quiet(0.7x) 
09:06:00  max=0.68 (cart 0.68, frontend 0.37)  static:quiet(0.7x) 
09:06:30  max=0.68 (cart 0.68, frontend 0.37)  static:quiet(0.7x) 
09:07:00  max=0.68 (cart 0.68, frontend 0.37)  static:quiet(0.7x) 
09:07:30  max=0.68 (cart 0.68, frontend 0.37)  static:quiet(0.7x) 
09:08:00  max=0.68 (cart 0.68, frontend 0.37)  static:quiet(0.7x) 
09:08:30  max=0.68 (cart 0.68, frontend 0.36)  static:quiet(0.7x) 
09:09:00  max=0.68 (cart 0.68, frontend 0.36)  static:quiet(0.7x) 
09:09:30  max=0.68 (cart 0.68, frontend 0.36)  static:quiet(0.7x) 
09:10:00  max=0.68 (cart 0.68, frontend 0.36)  static:quiet(0.7x) 
09:10:30  max=0.68 (cart 0.68, frontend 0.36)  static:quiet(0.7x) 
09:11:00  max=0.68 (cart 0.68, frontend 0.36)  static:quiet(0.8x) 
09:11:30  max=0.68 (cart 0.68, frontend 0.35)  static:quiet(0.7x) 
09:12:00  max=0.68 (cart 0.68, frontend 0.35)  static:quiet(0.7x) 
09:12:30  max=0.68 (cart 0.68, frontend 0.35)  static:quiet(0.7x) 
09:13:00  max=0.68 (cart 0.68, frontend 0.35)  static:quiet(0.7x) 
09:13:30  max=0.68 (cart 0.68, frontend 0.35)  static:quiet(0.7x) 
09:14:00  max=0.68 (cart 0.68, frontend 0.35)  static:quiet(0.7x) 
09:14:30  max=0.68 (cart 0.68, frontend 0.35)  static:quiet(0.8x) 
09:15:00  max=0.68 (cart 0.68, frontend 0.35)  static:quiet(0.8x) 
09:15:30  max=0.68 (cart 0.68, frontend 0.36)  static:quiet(0.8x) 
09:16:00  max=0.68 (cart 0.68, frontend 0.36)  static:quiet(0.8x) 
09:16:30  max=0.68 (cart 0.68, frontend 0.36)  static:quiet(0.8x) 
09:17:00  max=0.68 (cart 0.68, frontend 0.36)  static:quiet(0.8x) 
09:17:30  max=0.68 (cart 0.68, frontend 0.36)  static:quiet(0.7x) 
09:18:00  max=0.68 (cart 0.68, frontend 0.37)  static:quiet(0.7x) 
09:18:30  max=0.68 (cart 0.68, frontend 0.37)  static:quiet(0.7x) 
09:19:00  max=0.68 (cart 0.68, frontend 0.37)  static:quiet(0.7x) 
09:19:30  max=0.68 (cart 0.68, frontend 0.37)  static:quiet(0.7x) 
09:20:00  max=0.68 (cart 0.68, frontend 0.37)  static:quiet(0.7x) 
09:20:30  max=0.68 (cart 0.68, frontend 0.37)  static:quiet(0.8x) 
09:21:00  max=0.68 (cart 0.68, frontend 0.37)  static:quiet(0.8x) 
09:21:30  max=0.68 (cart 0.68, frontend 0.37)  static:quiet(0.8x) 
09:22:00  max=0.68 (cart 0.68, frontend 0.36)  static:quiet(0.7x) 
09:22:30  max=0.68 (cart 0.68, frontend 0.36)  static:quiet(0.7x) 
09:23:00  max=0.68 (cart 0.68, frontend 0.36)  static:quiet(0.7x) 
09:23:30  max=0.68 (cart 0.68, frontend 0.36)  static:quiet(0.8x) 
09:24:00  max=0.68 (cart 0.68, frontend 0.36)  static:quiet(0.7x) 
09:24:30  max=0.68 (cart 0.68, frontend 0.35)  static:quiet(0.7x) 
09:25:00  max=0.68 (cart 0.68, frontend 0.35)  static:quiet(0.7x) 
09:25:30  max=0.68 (cart 0.68, frontend 0.35)  static:quiet(0.7x) 
09:26:00  max=0.68 (cart 0.68, frontend 0.35)  static:quiet(0.7x) 
09:26:30  max=0.68 (cart 0.68, frontend 0.35)  static:quiet(0.8x) 
09:27:00  max=0.68 (cart 0.68, frontend 0.35)  static:quiet(0.8x) 
09:27:30  max=0.68 (cart 0.68, frontend 0.35)  static:quiet(0.8x) 
09:28:00  max=0.68 (cart 0.68, frontend 0.36)  static:quiet(0.8x) 
09:28:30  max=0.68 (cart 0.68, frontend 0.36)  static:quiet(0.8x) 
09:29:00  max=0.69 (cart 0.69, frontend 0.36)  static:quiet(0.7x) 
09:29:30  max=0.69 (cart 0.69, frontend 0.37)  static:quiet(0.7x) 
09:30:00  max=0.68 (cart 0.68, frontend 0.37)  static:quiet(0.7x) 
09:30:30  max=0.68 (cart 0.68, frontend 0.37)  static:quiet(0.7x) 
09:31:00  max=0.68 (cart 0.68, frontend 0.37)  static:quiet(0.7x) 
09:31:30  max=0.68 (cart 0.68, frontend 0.38)  static:quiet(0.7x) 
09:32:00  max=0.68 (cart 0.68, frontend 0.38)  static:quiet(0.7x) 
09:32:30  max=0.68 (cart 0.68, frontend 0.38)  static:quiet(0.7x) 
09:33:00  max=0.68 (cart 0.68, frontend 0.38)  static:quiet(0.7x) 
09:33:30  max=0.68 (cart 0.68, frontend 0.38)  static:quiet(0.8x) 
09:34:00  max=0.68 (cart 0.68, frontend 0.37)  static:quiet(0.7x) 
09:34:30  max=0.68 (cart 0.68, frontend 0.37)  static:quiet(0.7x) 
09:35:00  max=0.68 (cart 0.68, frontend 0.36)  static:quiet(0.7x) 
09:35:30  max=0.68 (cart 0.68, frontend 0.36)  static:quiet(0.7x) 
09:36:00  max=0.68 (cart 0.68, frontend 0.36)  static:quiet(0.7x) 
09:36:30  max=0.68 (cart 0.68, frontend 0.36)  static:quiet(0.8x) 
09:37:00  max=0.68 (cart 0.68, frontend 0.36)  static:quiet(0.8x) 
09:37:30  max=0.68 (cart 0.68, frontend 0.36)  static:quiet(0.8x) 
09:38:00  max=0.68 (cart 0.68, frontend 0.36)  static:quiet(0.7x) 
09:38:30  max=0.68 (cart 0.68, frontend 0.36)  static:quiet(0.7x) 
09:39:00  max=0.68 (cart 0.68, frontend 0.36)  static:quiet(0.7x) 
09:39:30  max=0.68 (cart 0.68, frontend 0.35)  static:quiet(0.8x) 
09:40:00  max=0.68 (cart 0.68, frontend 0.36)  static:quiet(0.8x) 
09:40:30  max=0.68 (cart 0.68, frontend 0.36)  static:quiet(0.8x) 
09:41:00  max=0.68 (cart 0.68, frontend 0.36)  static:quiet(0.8x) 
09:41:30  max=0.69 (cart 0.69, frontend 0.36)  static:quiet(0.7x) 
09:42:00  max=0.69 (cart 0.69, frontend 0.37)  static:quiet(0.8x) 
09:42:30  max=0.69 (cart 0.69, frontend 0.37)  static:quiet(0.8x) 
09:43:00  max=0.69 (cart 0.69, frontend 0.37)  static:quiet(0.8x) 
09:43:30  max=0.69 (cart 0.69, frontend 0.37)  static:quiet(0.7x) 
09:44:00  max=0.69 (cart 0.69, frontend 0.37)  static:quiet(0.7x) 
09:44:30  max=0.69 (cart 0.69, frontend 0.37)  static:quiet(0.7x) 
09:45:00  max=0.69 (cart 0.69, frontend 0.37)  static:quiet(0.7x) 
09:45:30  max=0.69 (cart 0.69, frontend 0.37)  static:quiet(0.8x) 
09:46:00  max=0.69 (cart 0.69, frontend 0.37)  static:quiet(0.7x) 
09:46:30  max=0.69 (cart 0.69, frontend 0.37)  static:quiet(0.7x) 
09:47:00  max=0.69 (cart 0.69, frontend 0.37)  static:quiet(0.8x) 
09:47:30  max=0.69 (cart 0.69, frontend 0.37)  static:quiet(0.7x) 
09:48:00  max=0.69 (cart 0.69, frontend 0.37)  static:quiet(0.8x) 
09:48:30  max=0.68 (cart 0.68, frontend 0.37)  static:quiet(0.7x) 
09:49:00  max=0.68 (cart 0.68, frontend 0.36)  static:quiet(0.9x) 
09:49:30  max=0.68 (cart 0.68, frontend 0.36)  static:quiet(0.8x) 
09:50:00  max=0.68 (cart 0.68, frontend 0.37)  static:quiet(0.9x) 
09:50:30  max=0.69 (cart 0.69, frontend 0.37)  static:quiet(0.7x) 
09:51:00  max=0.69 (cart 0.69, frontend 0.37)  static:quiet(0.7x) 
09:51:30  max=0.68 (cart 0.68, frontend 0.37)  static:quiet(0.7x) 
09:52:00  max=0.69 (cart 0.69, frontend 0.37)  static:quiet(0.7x) 
09:52:30  max=0.69 (cart 0.69, frontend 0.37)  static:quiet(0.7x) 
09:53:00  max=0.69 (cart 0.69, frontend 0.37)  static:quiet(0.7x) 
09:53:30  max=0.69 (cart 0.69, frontend 0.37)  static:quiet(0.7x) 
09:54:00  max=0.69 (cart 0.69, frontend 0.36)  static:quiet(0.7x) 
09:54:30  max=0.69 (cart 0.69, frontend 0.36)  static:quiet(0.7x) 
09:55:00  max=0.68 (cart 0.68, frontend 0.36)  static:quiet(0.7x) 
09:55:30  max=0.68 (cart 0.68, frontend 0.35)  static:quiet(0.8x) 
09:56:00  max=0.68 (cart 0.68, frontend 0.35)  static:quiet(0.8x) 
09:56:30  max=0.68 (cart 0.68, frontend 0.35)  static:quiet(0.8x) 
09:57:00  max=0.68 (cart 0.68, frontend 0.35)  static:quiet(0.7x) 
09:57:30  max=0.68 (cart 0.68, frontend 0.35)  static:quiet(0.7x) 
09:58:00  max=0.68 (cart 0.68, frontend 0.35)  static:quiet(0.8x) 
09:58:30  max=0.68 (cart 0.68, frontend 0.35)  static:quiet(0.8x) 
09:59:00  max=0.68 (cart 0.68, frontend 0.35)  static:quiet(0.8x) 
09:59:30  max=0.68 (cart 0.68, frontend 0.35)  static:quiet(0.8x) 
10:00:00  max=0.68 (cart 0.68, frontend 0.35)  static:quiet(0.8x) 
10:00:30  max=0.68 (cart 0.68, frontend 0.35)  static:quiet(0.7x) 
10:01:00  max=0.68 (cart 0.68, frontend 0.36)  static:quiet(0.8x) 
10:01:30  max=0.68 (cart 0.68, frontend 0.36)  static:quiet(0.8x) 
10:02:00  max=0.68 (cart 0.68, frontend 0.36)  static:quiet(0.8x) 
10:02:30  max=0.68 (cart 0.68, frontend 0.36)  static:quiet(0.7x) 
10:03:00  max=0.68 (cart 0.68, frontend 0.36)  static:quiet(0.7x) 
10:03:30  max=0.68 (cart 0.68, frontend 0.36)  static:quiet(0.7x) 
10:04:00  max=0.68 (cart 0.68, frontend 0.36)  static:quiet(0.7x) 
10:04:30  max=0.68 (cart 0.68, frontend 0.36)  static:quiet(0.8x) 
10:05:00  max=0.68 (cart 0.68, frontend 0.36)  static:quiet(0.7x) 
10:05:30  max=0.68 (cart 0.68, frontend 0.36)  static:quiet(0.7x) 
10:06:00  max=0.68 (cart 0.68, frontend 0.36)  static:quiet(0.7x) 
10:06:30  max=0.68 (cart 0.68, frontend 0.36)  static:quiet(0.7x) 
10:07:00  max=0.68 (cart 0.68, frontend 0.36)  static:quiet(0.7x) 
10:07:30  max=0.68 (cart 0.68, frontend 0.36)  static:quiet(0.8x) 
10:08:00  max=0.68 (cart 0.68, frontend 0.36)  static:quiet(0.8x) 
10:08:30  max=0.68 (cart 0.68, frontend 0.36)  static:quiet(0.8x) 
10:09:00  max=0.68 (cart 0.68, frontend 0.36)  static:quiet(0.7x) 
10:09:30  max=0.68 (cart 0.68, frontend 0.36)  static:quiet(0.7x) 
10:10:00  max=0.68 (cart 0.68, frontend 0.36)  static:quiet(0.7x) 
10:10:30  max=0.68 (cart 0.68, frontend 0.35)  static:quiet(0.7x) 
10:11:00  max=0.68 (cart 0.68, frontend 0.35)  static:quiet(0.8x) 
10:11:30  max=0.68 (cart 0.68, frontend 0.35)  static:quiet(0.7x) 
10:12:00  max=0.68 (cart 0.68, frontend 0.36)  static:quiet(0.7x) 
10:12:30  max=0.68 (cart 0.68, frontend 0.36)  static:quiet(0.7x) 
10:13:00  max=0.68 (cart 0.68, frontend 0.36)  static:quiet(0.7x) 
10:13:30  max=0.68 (cart 0.68, frontend 0.36)  static:quiet(0.7x) 
10:14:00  max=0.68 (cart 0.68, frontend 0.36)  static:quiet(0.8x) 
10:14:30  max=0.68 (cart 0.68, frontend 0.36)  static:quiet(0.8x) 
10:15:00  max=0.68 (cart 0.68, frontend 0.36)  static:quiet(0.8x) 
10:15:30  max=0.68 (cart 0.68, frontend 0.36)  static:quiet(0.7x) 
10:16:00  max=0.68 (cart 0.68, frontend 0.36)  static:quiet(0.8x) 
10:16:30  max=0.68 (cart 0.68, frontend 0.36)  static:quiet(0.8x) 
10:17:00  max=0.68 (cart 0.68, frontend 0.36)  static:quiet(0.7x) 
10:17:30  max=0.68 (cart 0.68, frontend 0.36)  static:quiet(0.7x) 
10:18:00  max=0.68 (cart 0.68, frontend 0.36)  static:quiet(0.7x) 
10:18:30  max=0.68 (cart 0.68, frontend 0.36)  static:quiet(0.7x) 
10:19:00  max=0.68 (cart 0.68, frontend 0.36)  static:quiet(0.7x) 
10:19:30  max=0.68 (cart 0.68, frontend 0.36)  static:quiet(0.7x) 
10:20:00  max=0.68 (cart 0.68, frontend 0.36)  static:quiet(0.7x) 
10:20:30  max=0.68 (cart 0.68, frontend 0.36)  static:quiet(0.7x) 
10:21:00  max=0.68 (cart 0.68, frontend 0.36)  static:quiet(0.7x) 
10:21:30  max=0.68 (cart 0.68, frontend 0.36)  static:quiet(0.8x) 
10:22:00  max=0.68 (cart 0.68, frontend 0.36)  static:quiet(0.7x) 
10:22:30  max=0.68 (cart 0.68, frontend 0.36)  static:quiet(0.7x) 
10:23:00  max=0.68 (cart 0.68, frontend 0.36)  static:quiet(0.7x) 
10:23:30  max=0.68 (cart 0.68, frontend 0.37)  static:quiet(0.7x) 
10:24:00  max=0.68 (cart 0.68, frontend 0.37)  static:quiet(0.7x) 
10:24:30  max=0.68 (cart 0.68, frontend 0.37)  static:quiet(0.7x) 
10:25:00  max=0.68 (cart 0.68, frontend 0.36)  static:quiet(0.8x) 
10:25:30  max=0.68 (cart 0.68, frontend 0.37)  static:quiet(0.8x) 
10:26:00  max=0.68 (cart 0.68, frontend 0.36)  static:quiet(0.8x) 
10:26:30  max=0.68 (cart 0.68, frontend 0.36)  static:quiet(0.7x) 
10:27:00  max=0.68 (cart 0.68, frontend 0.36)  static:quiet(0.7x) 
10:27:30  max=0.68 (cart 0.68, frontend 0.36)  static:quiet(0.7x) 
10:28:00  max=0.68 (cart 0.68, frontend 0.36)  static:quiet(0.9x) 
10:28:30  max=0.68 (cart 0.68, frontend 0.37)  static:quiet(0.9x) 
10:29:00  max=0.69 (cart 0.69, frontend 0.37)  static:quiet(0.8x) 
10:29:30  max=0.69 (cart 0.69, frontend 0.37)  static:quiet(0.7x) 
10:30:00  max=0.69 (cart 0.69, frontend 0.37)  static:quiet(0.7x) 
10:30:30  max=0.69 (cart 0.69, frontend 0.37)  static:quiet(0.7x) 
10:31:00  max=0.69 (cart 0.69, frontend 0.37)  static:quiet(0.7x) 
10:31:30  max=0.69 (cart 0.69, frontend 0.37)  static:quiet(0.8x) 
10:32:00  max=0.69 (cart 0.69, frontend 0.38)  static:quiet(0.8x) 
10:32:30  max=0.69 (cart 0.69, frontend 0.38)  static:quiet(0.8x) 
10:33:00  max=0.69 (cart 0.69, frontend 0.38)  static:quiet(0.8x) 
10:33:30  max=0.69 (cart 0.69, frontend 0.38)  static:quiet(0.7x) 
10:34:00  max=0.69 (cart 0.69, frontend 0.38)  static:quiet(0.7x) 
10:34:30  max=0.68 (cart 0.68, frontend 0.37)  static:quiet(0.7x) 
10:35:00  max=0.68 (cart 0.68, frontend 0.37)  static:quiet(0.7x) 
10:35:30  max=0.68 (cart 0.68, frontend 0.37)  static:quiet(0.7x) 
10:36:00  max=0.68 (cart 0.68, frontend 0.37)  static:quiet(0.7x) 
10:36:30  max=0.68 (cart 0.68, frontend 0.37)  static:quiet(0.7x) 
10:37:00  max=0.68 (cart 0.68, frontend 0.37)  static:quiet(0.7x) 
10:37:30  max=0.68 (cart 0.68, frontend 0.37)  static:quiet(0.7x) 
10:38:00  max=0.68 (cart 0.68, frontend 0.36)  static:quiet(0.7x) 
10:38:30  max=0.68 (cart 0.68, frontend 0.36)  static:quiet(0.7x) 
10:39:00  max=0.68 (cart 0.68, frontend 0.36)  static:quiet(0.7x) 
10:39:30  max=0.68 (cart 0.68, frontend 0.36)  static:quiet(0.7x) 
10:40:00  max=0.68 (cart 0.68, frontend 0.36)  static:quiet(0.7x) 
10:40:30  max=0.68 (cart 0.68, frontend 0.36)  static:quiet(0.7x) 
10:41:00  max=0.68 (cart 0.68, frontend 0.36)  static:quiet(0.7x) 
10:41:30  max=0.68 (cart 0.68, frontend 0.36)  static:quiet(0.7x) 
10:42:00  max=0.68 (cart 0.68, frontend 0.36)  static:quiet(0.7x) 
10:42:30  max=0.68 (cart 0.68, frontend 0.36)  static:quiet(0.7x) 
10:43:00  max=0.68 (cart 0.68, frontend 0.36)  static:quiet(0.7x) 
10:43:30  max=0.68 (cart 0.68, frontend 0.36)  static:quiet(0.7x) 
10:44:00  max=0.68 (cart 0.68, frontend 0.36)  static:quiet(0.7x) 
10:44:30  max=0.68 (cart 0.68, frontend 0.36)  static:quiet(0.7x) 
10:45:00  max=0.68 (cart 0.68, frontend 0.36)  static:quiet(0.7x) 
10:45:30  max=0.68 (cart 0.68, frontend 0.36)  static:quiet(0.7x) 
10:46:00  max=0.68 (cart 0.68, frontend 0.36)  static:quiet(0.7x) 
10:46:30  max=0.68 (cart 0.68, frontend 0.36)  static:quiet(0.7x) 
10:47:00  max=0.68 (cart 0.68, frontend 0.36)  static:quiet(0.7x) 
10:47:30  max=0.68 (cart 0.68, frontend 0.37)  static:quiet(0.7x) 
10:48:00  max=0.68 (cart 0.68, frontend 0.37)  static:quiet(0.7x) 
10:48:30  max=0.68 (cart 0.68, frontend 0.37)  static:quiet(0.7x) 
10:49:00  max=0.68 (cart 0.68, frontend 0.37)  static:quiet(0.7x) 
10:49:30  max=0.68 (cart 0.68, frontend 0.37)  static:quiet(0.7x) 
10:50:00  max=0.68 (cart 0.68, frontend 0.36)  static:quiet(0.7x) 
10:50:30  max=0.68 (cart 0.68, frontend 0.36)  static:quiet(0.7x) 
10:51:00  max=0.68 (cart 0.68, frontend 0.35)  static:quiet(0.7x) 
10:51:30  max=0.68 (cart 0.68, frontend 0.35)  static:quiet(0.8x) 
10:52:00  max=0.68 (cart 0.68, frontend 0.35)  static:quiet(0.7x) 
10:52:30  max=0.68 (cart 0.68, frontend 0.35)  static:quiet(0.7x) 
10:53:00  max=0.68 (cart 0.68, frontend 0.35)  static:quiet(0.7x) 
10:53:30  max=0.68 (cart 0.68, frontend 0.35)  static:quiet(0.7x) 
10:54:00  max=0.68 (cart 0.68, frontend 0.36)  static:quiet(0.8x) 
10:54:30  max=0.68 (cart 0.68, frontend 0.36)  static:quiet(0.8x) 
10:55:00  max=0.68 (cart 0.68, frontend 0.36)  static:quiet(0.7x) 
10:55:30  max=0.68 (cart 0.68, frontend 0.36)  static:quiet(0.8x) 
10:56:00  max=0.68 (cart 0.68, frontend 0.36)  static:quiet(0.8x) 
10:56:30  max=0.69 (cart 0.69, frontend 0.36)  static:quiet(0.7x) 
10:57:00  max=0.69 (cart 0.69, frontend 0.37)  static:quiet(0.9x) 
10:57:30  max=0.69 (cart 0.69, frontend 0.37)  static:quiet(0.9x) 
10:58:00  max=0.69 (cart 0.69, frontend 0.37)  static:quiet(0.9x) 
10:58:30  max=0.69 (cart 0.69, frontend 0.36)  static:quiet(0.7x) 
10:59:00  max=0.68 (cart 0.68, frontend 0.36)  static:quiet(0.7x) 
10:59:30  max=0.68 (cart 0.68, frontend 0.36)  static:quiet(0.7x) 
11:00:00  max=0.68 (cart 0.68, frontend 0.36)  static:quiet(0.7x) 
11:00:30  max=0.68 (cart 0.68, frontend 0.36)  static:quiet(0.8x) 
11:01:00  max=0.68 (cart 0.68, frontend 0.36)  static:quiet(0.8x) 
11:01:30  max=0.68 (cart 0.68, frontend 0.36)  static:quiet(0.8x) 
11:02:00  max=0.69 (cart 0.69, frontend 0.36)  static:quiet(0.8x) 
11:02:30  max=0.69 (cart 0.69, frontend 0.36)  static:quiet(0.7x) 
11:03:00  max=0.68 (cart 0.68, frontend 0.36)  static:quiet(0.7x) 
11:03:30  max=0.68 (cart 0.68, frontend 0.36)  static:quiet(0.7x) 
11:04:00  max=0.68 (cart 0.68, frontend 0.36)  static:quiet(0.7x) 
11:04:30  max=0.69 (cart 0.69, frontend 0.36)  static:quiet(0.7x) 
11:05:00  max=0.69 (cart 0.69, frontend 0.37)  static:quiet(0.7x) 
11:05:30  max=0.69 (cart 0.69, frontend 0.37)  static:quiet(0.7x) 
11:06:00  max=0.69 (cart 0.69, frontend 0.36)  static:quiet(0.7x) 
11:06:30  max=0.68 (cart 0.68, frontend 0.36)  static:quiet(0.7x) 
11:07:00  max=0.68 (cart 0.68, frontend 0.36)  static:quiet(0.9x) 
11:07:30  max=0.68 (cart 0.68, frontend 0.36)  static:quiet(0.9x) 
11:08:00  max=0.68 (cart 0.68, frontend 0.36)  static:quiet(1.0x) 
11:08:30  max=0.68 (cart 0.68, frontend 0.36)  static:quiet(0.7x) 
11:09:00  max=0.68 (cart 0.68, frontend 0.37)  static:quiet(0.7x) 
11:09:30  max=0.68 (cart 0.68, frontend 0.37)  static:quiet(0.7x) 
11:10:00  max=0.68 (cart 0.68, frontend 0.37)  static:quiet(0.7x) 
11:10:30  max=0.68 (cart 0.68, frontend 0.37)  static:quiet(0.7x) 
11:11:00  max=0.68 (cart 0.68, frontend 0.37)  static:quiet(0.7x) 
11:11:30  max=0.68 (cart 0.68, frontend 0.37)  static:quiet(0.7x) 
11:12:00  max=0.68 (cart 0.68, frontend 0.37)  static:quiet(0.7x) 
11:12:30  max=0.68 (cart 0.68, frontend 0.37)  static:quiet(0.7x) 
11:13:00  max=0.68 (cart 0.68, frontend 0.36)  static:quiet(0.7x) 
11:13:30  max=0.68 (cart 0.68, frontend 0.36)  static:quiet(0.7x) 
11:14:00  max=0.68 (cart 0.68, frontend 0.36)  static:quiet(0.7x) 
11:14:30  max=0.68 (cart 0.68, frontend 0.36)  static:quiet(0.7x) 
11:15:00  max=0.68 (cart 0.68, frontend 0.35)  static:quiet(0.7x) 
11:15:30  max=0.68 (cart 0.68, frontend 0.35)  static:quiet(0.8x) 
11:16:00  max=0.68 (cart 0.68, frontend 0.35)  static:quiet(0.8x) 
11:16:30  max=0.68 (cart 0.68, frontend 0.35)  static:quiet(0.7x) 
11:17:00  max=0.68 (cart 0.68, frontend 0.35)  static:quiet(0.7x) 
11:17:30  max=0.68 (cart 0.68, frontend 0.36)  static:quiet(0.7x) 
11:18:00  max=0.68 (cart 0.68, frontend 0.36)  static:quiet(0.7x) 
11:18:30  max=0.68 (cart 0.68, frontend 0.36)  static:quiet(0.7x) 
11:19:00  max=0.68 (cart 0.68, frontend 0.36)  static:quiet(0.7x) 
11:19:30  max=0.68 (cart 0.68, frontend 0.36)  static:quiet(0.7x) 
11:20:00  max=0.68 (cart 0.68, frontend 0.36)  static:quiet(0.7x) 
11:20:30  max=0.68 (cart 0.68, frontend 0.36)  static:quiet(0.7x) 
11:21:00  max=0.68 (cart 0.68, frontend 0.35)  static:quiet(0.7x) 
11:21:30  max=0.68 (cart 0.68, frontend 0.35)  static:quiet(0.7x) 
11:22:00  max=0.68 (cart 0.68, frontend 0.35)  static:quiet(0.7x) 
11:22:30  max=0.68 (cart 0.68, frontend 0.35)  static:quiet(0.7x) 
11:23:00  max=0.68 (cart 0.68, frontend 0.35)  static:quiet(0.7x) 
11:23:30  max=0.68 (cart 0.68, frontend 0.35)  static:quiet(0.7x) 
11:24:00  max=0.68 (cart 0.68, frontend 0.35)  static:quiet(0.7x) 
11:24:30  max=0.68 (cart 0.68, frontend 0.35)  static:quiet(0.7x) 
11:25:00  max=0.68 (cart 0.68, frontend 0.35)  static:quiet(0.7x) 
11:25:30  max=0.68 (cart 0.68, frontend 0.35)  static:quiet(0.7x) 
11:26:00  max=0.68 (cart 0.68, frontend 0.35)  static:quiet(0.7x) 
11:26:30  max=0.68 (cart 0.68, frontend 0.35)  static:quiet(0.8x) 
11:27:00  max=0.68 (cart 0.68, frontend 0.35)  static:quiet(0.8x) 
11:27:30  max=0.68 (cart 0.68, frontend 0.35)  static:quiet(0.7x) 
11:28:00  max=0.68 (cart 0.68, frontend 0.36)  static:quiet(0.7x) 
11:28:30  max=0.68 (cart 0.68, frontend 0.36)  static:quiet(0.7x) 
11:29:00  max=0.68 (cart 0.68, frontend 0.36)  static:quiet(0.7x) 
11:29:30  max=0.68 (cart 0.68, frontend 0.35)  static:quiet(0.7x) 
11:30:00  max=0.68 (cart 0.68, frontend 0.35)  static:quiet(0.7x) 
11:30:30  max=0.68 (cart 0.68, frontend 0.36)  static:quiet(0.7x) 
11:31:00  max=0.68 (cart 0.68, frontend 0.36)  static:quiet(0.7x) 
11:31:30  max=0.68 (cart 0.68, frontend 0.36)  static:quiet(0.8x) 
11:32:00  max=0.68 (cart 0.68, frontend 0.36)  static:quiet(0.8x) 
11:32:30  max=0.68 (cart 0.68, frontend 0.36)  static:quiet(0.8x) 
11:33:00  max=0.68 (cart 0.68, frontend 0.36)  static:quiet(0.9x) 
11:33:30  max=0.68 (cart 0.68, frontend 0.36)  static:quiet(0.7x) 
11:34:00  max=0.68 (cart 0.68, frontend 0.36)  static:quiet(0.7x) 
11:34:30  max=0.68 (cart 0.68, frontend 0.36)  static:quiet(0.7x) 
11:35:00  max=0.68 (cart 0.68, frontend 0.36)  static:quiet(0.7x) 
11:35:30  max=0.68 (cart 0.68, frontend 0.36)  static:quiet(0.7x) 
11:36:00  max=0.68 (cart 0.68, frontend 0.36)  static:quiet(0.7x) 
11:36:30  max=0.68 (cart 0.68, frontend 0.37)  static:quiet(0.8x) 
11:37:00  max=0.68 (cart 0.68, frontend 0.37)  static:quiet(0.8x) 
11:37:30  max=0.68 (cart 0.68, frontend 0.37)  static:quiet(0.8x) 
11:38:00  max=0.68 (cart 0.68, frontend 0.37)  static:quiet(0.7x) 
11:38:30  max=0.68 (cart 0.68, frontend 0.36)  static:quiet(0.7x) 
11:39:00  max=0.68 (cart 0.68, frontend 0.36)  static:quiet(0.7x) 
11:39:30  max=0.68 (cart 0.68, frontend 0.35)  static:quiet(0.7x) 
11:40:00  max=0.68 (cart 0.68, frontend 0.35)  static:quiet(0.7x) 
11:40:30  max=0.68 (cart 0.68, frontend 0.35)  static:quiet(0.7x) 
11:41:00  max=0.68 (cart 0.68, frontend 0.35)  static:quiet(0.7x) 
11:41:30  max=0.68 (cart 0.68, frontend 0.35)  static:quiet(0.7x) 
11:42:00  max=0.68 (cart 0.68, frontend 0.35)  static:quiet(0.7x) 
11:42:30  max=0.68 (cart 0.68, frontend 0.35)  static:quiet(0.7x) 
11:43:00  max=0.68 (cart 0.68, frontend 0.35)  static:quiet(0.7x) 
11:43:30  max=0.68 (cart 0.68, frontend 0.35)  static:quiet(0.7x) 
11:44:00  max=0.68 (cart 0.68, frontend 0.35)  static:quiet(0.7x) 
11:44:30  max=0.68 (cart 0.68, frontend 0.35)  static:quiet(0.7x) 
11:45:00  max=0.68 (cart 0.68, frontend 0.35)  static:quiet(0.7x) 
11:45:30  max=0.68 (cart 0.68, frontend 0.35)  static:quiet(0.7x) 
11:46:00  max=0.68 (cart 0.68, frontend 0.35)  static:quiet(0.7x) 
11:46:30  max=0.68 (cart 0.68, frontend 0.35)  static:quiet(0.7x) 
11:47:00  max=0.68 (cart 0.68, frontend 0.35)  static:quiet(0.7x) 
11:47:30  max=0.68 (cart 0.68, frontend 0.35)  static:quiet(0.7x) 
11:48:00  max=0.68 (cart 0.68, frontend 0.35)  static:quiet(0.7x) 
11:48:30  max=0.68 (cart 0.68, frontend 0.35)  static:quiet(0.7x) 
11:49:00  max=0.68 (cart 0.68, frontend 0.35)  static:quiet(0.7x) 
11:49:30  max=0.68 (cart 0.68, frontend 0.35)  static:quiet(0.8x) 
11:50:00  max=0.68 (cart 0.68, frontend 0.35)  static:quiet(0.8x) 
11:50:30  max=0.68 (cart 0.68, frontend 0.35)  static:quiet(0.8x) 
11:51:00  max=0.68 (cart 0.68, frontend 0.35)  static:quiet(0.8x) 
11:51:30  max=0.68 (cart 0.68, frontend 0.36)  static:quiet(0.8x) 
11:52:00  max=0.68 (cart 0.68, frontend 0.36)  static:quiet(0.7x) 
11:52:30  max=0.68 (cart 0.68, frontend 0.36)  static:quiet(0.7x) 
11:53:00  max=0.68 (cart 0.68, frontend 0.36)  static:quiet(0.7x) 
11:53:30  max=0.68 (cart 0.68, frontend 0.36)  static:quiet(0.7x) 
11:54:00  max=0.68 (cart 0.68, frontend 0.36)  static:quiet(0.7x) 
11:54:30  max=0.69 (cart 0.69, frontend 0.36)  static:quiet(0.8x) 
11:55:00  max=0.69 (cart 0.69, frontend 0.37)  static:quiet(0.7x) 
11:55:30  max=0.69 (cart 0.69, frontend 0.37)  static:quiet(0.7x) 
11:56:00  max=0.68 (cart 0.68, frontend 0.37)  static:quiet(0.7x) 
11:56:30  max=0.68 (cart 0.68, frontend 0.37)  static:quiet(0.7x) 
11:57:00  max=0.68 (cart 0.68, frontend 0.37)  static:quiet(0.7x) 
11:57:30  max=0.68 (cart 0.68, frontend 0.36)  static:quiet(0.7x) 
11:58:00  max=0.68 (cart 0.68, frontend 0.36)  static:quiet(0.7x) 
11:58:30  max=0.68 (cart 0.68, frontend 0.36)  static:quiet(0.8x) 
11:59:00  max=0.68 (cart 0.68, frontend 0.36)  static:quiet(0.7x) 
11:59:30  max=0.68 (cart 0.68, frontend 0.36)  static:quiet(0.7x) 
12:00:00  max=0.68 (cart 0.68, frontend 0.35)  static:quiet(0.7x) 
12:00:30  max=0.68 (cart 0.68, frontend 0.35)  static:quiet(0.7x) 
12:01:00  max=0.68 (cart 0.68, frontend 0.35)  static:quiet(0.7x) 
12:01:30  max=0.68 (cart 0.68, frontend 0.36)  static:quiet(0.8x) 
12:02:00  max=0.68 (cart 0.68, frontend 0.36)  static:quiet(0.8x) 
12:02:30  max=0.68 (cart 0.68, frontend 0.36)  static:quiet(0.8x) 
12:03:00  max=0.68 (cart 0.68, frontend 0.36)  static:quiet(0.8x) 
12:03:30  max=0.68 (cart 0.68, frontend 0.36)  static:quiet(0.9x) 
12:04:00  max=0.68 (cart 0.68, frontend 0.36)  static:quiet(0.9x) 
12:04:30  max=0.68 (cart 0.68, frontend 0.36)  static:quiet(0.9x) 
12:05:00  max=0.68 (cart 0.68, frontend 0.36)  static:quiet(0.8x) 
12:05:30  max=0.69 (cart 0.69, frontend 0.37)  static:quiet(0.7x) 
12:06:00  max=0.69 (cart 0.69, frontend 0.37)  static:quiet(0.7x) 
12:06:30  max=0.69 (cart 0.69, frontend 0.38)  static:quiet(0.7x) 
12:07:00  max=0.69 (cart 0.69, frontend 0.38)  static:quiet(0.8x) 
12:07:30  max=0.69 (cart 0.69, frontend 0.38)  static:quiet(0.8x) 
12:08:00  max=0.69 (cart 0.69, frontend 0.38)  static:quiet(0.8x) 
12:08:30  max=0.69 (cart 0.69, frontend 0.38)  static:quiet(0.8x) 
12:09:00  max=0.68 (cart 0.68, frontend 0.37)  static:quiet(0.8x) 
12:09:30  max=0.68 (cart 0.68, frontend 0.37)  static:quiet(0.8x) 
12:10:00  max=0.68 (cart 0.68, frontend 0.37)  static:quiet(0.8x) 
12:10:30  max=0.68 (cart 0.68, frontend 0.37)  static:quiet(0.7x) 
12:11:00  max=0.69 (cart 0.69, frontend 0.37)  static:quiet(0.8x) 
12:11:30  max=0.69 (cart 0.69, frontend 0.38)  static:quiet(0.8x) 
12:12:00  max=0.69 (cart 0.69, frontend 0.38)  static:quiet(0.8x) 
12:12:30  max=0.69 (cart 0.69, frontend 0.38)  static:quiet(0.8x) 
12:13:00  max=0.68 (cart 0.68, frontend 0.38)  static:quiet(0.8x) 
12:13:30  max=0.68 (cart 0.68, frontend 0.38)  static:quiet(0.8x) 
12:14:00  max=0.68 (cart 0.68, frontend 0.38)  static:quiet(0.7x) 
12:14:30  max=0.68 (cart 0.68, frontend 0.37)  static:quiet(0.7x) 
12:15:00  max=0.68 (cart 0.68, frontend 0.37)  static:quiet(0.8x) 
12:15:30  max=0.68 (cart 0.68, frontend 0.37)  static:quiet(1.0x) 
12:16:00  max=0.68 (cart 0.68, frontend 0.38)  static:quiet(1.0x) 
12:16:30  max=0.68 (cart 0.68, frontend 0.38)  static:quiet(1.0x) 
12:17:00  max=0.68 (cart 0.68, frontend 0.38)  static:quiet(0.8x) 
12:17:30  max=0.68 (cart 0.68, frontend 0.38)  static:quiet(0.7x) 
12:18:00  max=0.68 (cart 0.68, frontend 0.38)  static:quiet(0.7x) 
12:18:30  max=0.68 (cart 0.68, frontend 0.38)  static:quiet(0.8x) 
12:19:00  max=0.68 (cart 0.68, frontend 0.38)  static:quiet(0.8x) 
12:19:30  max=0.68 (cart 0.68, frontend 0.38)  static:quiet(0.8x) 
12:20:00  max=0.68 (cart 0.68, frontend 0.37)  static:quiet(0.8x) 
12:20:30  max=0.68 (cart 0.68, frontend 0.37)  static:quiet(0.8x) 
12:21:00  max=0.68 (cart 0.68, frontend 0.37)  static:quiet(0.8x) 
12:21:30  max=0.68 (cart 0.68, frontend 0.36)  static:quiet(0.8x) 
12:22:00  max=0.68 (cart 0.68, frontend 0.36)  static:quiet(0.8x) 
12:22:30  max=0.68 (cart 0.68, frontend 0.35)  static:quiet(0.8x) 
12:23:00  max=0.68 (cart 0.68, frontend 0.35)  static:quiet(0.8x) 
12:23:30  max=0.68 (cart 0.68, frontend 0.35)  static:quiet(0.7x) 
12:24:00  max=0.68 (cart 0.68, frontend 0.35)  static:quiet(0.8x) 
12:24:30  max=0.68 (cart 0.68, frontend 0.35)  static:quiet(0.7x) 
12:25:00  max=0.68 (cart 0.68, frontend 0.35)  static:quiet(0.7x) 
12:25:30  max=0.68 (cart 0.68, frontend 0.36)  static:quiet(0.7x) 
12:26:00  max=0.68 (cart 0.68, frontend 0.36)  static:quiet(0.7x) 
12:26:30  max=0.68 (cart 0.68, frontend 0.36)  static:quiet(0.7x) 
12:27:00  max=0.68 (cart 0.68, frontend 0.36)  static:quiet(0.7x) 
12:27:30  max=0.68 (cart 0.68, frontend 0.36)  static:quiet(0.8x) 
12:28:00  max=0.68 (cart 0.68, frontend 0.35)  static:quiet(0.8x) 
12:28:30  max=0.68 (cart 0.68, frontend 0.35)  static:quiet(0.8x) 
12:29:00  max=0.68 (cart 0.68, frontend 0.35)  static:quiet(0.7x) 
12:29:30  max=0.68 (cart 0.68, frontend 0.35)  static:quiet(0.7x) 
12:30:00  max=0.68 (cart 0.68, frontend 0.35)  static:quiet(0.7x) 
12:30:30  max=0.68 (cart 0.68, frontend 0.35)  static:quiet(0.8x) 
12:31:00  max=0.68 (cart 0.68, frontend 0.35)  static:quiet(0.8x) 
12:31:30  max=0.68 (cart 0.68, frontend 0.36)  static:quiet(0.8x) 
12:32:00  max=0.68 (cart 0.68, frontend 0.36)  static:quiet(0.7x) 
12:32:30  max=0.68 (cart 0.68, frontend 0.36)  static:quiet(0.7x) 
12:33:00  max=0.68 (cart 0.68, frontend 0.37)  static:quiet(0.7x) 
12:33:30  max=0.68 (cart 0.68, frontend 0.37)  static:quiet(0.7x) 
12:34:00  max=0.68 (cart 0.68, frontend 0.36)  static:quiet(0.7x) 
12:34:30  max=0.68 (cart 0.68, frontend 0.36)  static:quiet(0.8x) 
12:35:00  max=0.68 (cart 0.68, frontend 0.36)  static:quiet(0.7x) 
12:35:30  max=0.68 (cart 0.68, frontend 0.36)  static:quiet(0.7x) 
12:36:00  max=0.68 (cart 0.68, frontend 0.35)  static:quiet(0.7x) 
12:36:30  max=0.68 (cart 0.68, frontend 0.35)  static:quiet(0.7x) 
12:37:00  max=0.68 (cart 0.68, frontend 0.36)  static:quiet(0.7x) 
12:37:30  max=0.68 (cart 0.68, frontend 0.36)  static:quiet(0.7x) 
12:38:00  max=0.68 (cart 0.68, frontend 0.36)  static:quiet(0.7x) 
12:38:30  max=0.68 (cart 0.68, frontend 0.36)  static:quiet(0.8x) 
12:39:00  max=0.68 (cart 0.68, frontend 0.36)  static:quiet(0.8x) 
12:39:30  max=0.68 (cart 0.68, frontend 0.36)  static:quiet(0.7x) 
12:40:00  max=0.68 (cart 0.68, frontend 0.36)  static:quiet(0.7x) 
12:40:30  max=0.68 (cart 0.68, frontend 0.36)  static:quiet(0.7x) 
12:41:00  max=0.68 (cart 0.68, frontend 0.35)  static:quiet(0.7x) 
12:41:30  max=0.68 (cart 0.68, frontend 0.36)  static:quiet(0.7x) 
12:42:00  max=0.68 (cart 0.68, frontend 0.36)  static:quiet(0.7x) 
12:42:30  max=0.68 (cart 0.68, frontend 0.36)  static:quiet(0.7x) 
12:43:00  max=0.68 (cart 0.68, frontend 0.36)  static:quiet(0.7x) 
12:43:30  max=0.68 (cart 0.68, frontend 0.36)  static:quiet(0.7x) 
12:44:00  max=0.68 (cart 0.68, frontend 0.36)  static:quiet(0.7x) 
12:44:30  max=0.68 (cart 0.68, frontend 0.36)  static:quiet(0.7x) 
12:45:00  max=0.68 (cart 0.68, frontend 0.36)  static:quiet(0.7x) 
12:45:30  max=0.68 (cart 0.68, frontend 0.36)  static:quiet(0.7x) 
12:46:00  max=0.68 (cart 0.68, frontend 0.36)  static:quiet(0.7x) 
12:46:30  max=0.68 (cart 0.68, frontend 0.35)  static:quiet(0.7x) 
12:47:00  max=0.68 (cart 0.68, frontend 0.35)  static:quiet(0.7x) 
12:47:30  max=0.68 (cart 0.68, frontend 0.35)  static:quiet(0.7x) 
12:48:00  max=0.68 (cart 0.68, frontend 0.35)  static:quiet(0.7x) 
12:48:30  max=0.68 (cart 0.68, frontend 0.35)  static:quiet(0.7x) 
12:49:00  max=0.68 (cart 0.68, frontend 0.35)  static:quiet(0.7x) 
12:49:30  max=0.68 (cart 0.68, frontend 0.35)  static:quiet(0.7x) 
12:50:00  max=0.68 (cart 0.68, frontend 0.35)  static:quiet(0.7x) 
12:50:30  max=0.68 (cart 0.68, frontend 0.35)  static:quiet(0.7x) 
12:51:00  max=0.68 (cart 0.68, frontend 0.35)  static:quiet(0.7x) 
12:51:30  max=0.68 (cart 0.68, frontend 0.35)  static:quiet(0.7x) 
12:52:00  max=0.68 (cart 0.68, frontend 0.35)  static:quiet(0.7x) 
12:52:30  max=0.68 (cart 0.68, frontend 0.35)  static:quiet(0.7x) 
12:53:00  max=0.68 (cart 0.68, frontend 0.35)  static:quiet(0.7x) 
12:53:30  max=0.68 (cart 0.68, frontend 0.35)  static:quiet(0.7x) 
12:54:00  max=0.68 (cart 0.68, frontend 0.35)  static:quiet(0.7x) 
12:54:30  max=0.68 (cart 0.68, frontend 0.35)  static:quiet(0.7x) 
12:55:00  max=0.68 (cart 0.68, frontend 0.35)  static:quiet(0.7x) 
12:55:30  max=0.68 (cart 0.68, frontend 0.35)  static:quiet(0.7x) 
12:56:00  max=0.68 (cart 0.68, frontend 0.35)  static:quiet(0.7x) 
12:56:30  max=0.68 (cart 0.68, frontend 0.36)  static:quiet(0.7x) 
12:57:00  max=0.68 (cart 0.68, frontend 0.36)  static:quiet(0.7x) 
12:57:30  max=0.68 (cart 0.68, frontend 0.36)  static:quiet(0.7x) 
12:58:00  max=0.68 (cart 0.68, frontend 0.36)  static:quiet(0.7x) 
12:58:30  max=0.68 (cart 0.68, frontend 0.36)  static:quiet(0.7x) 
12:59:00  max=0.68 (cart 0.68, frontend 0.36)  static:quiet(0.7x) 
12:59:30  max=0.68 (cart 0.68, frontend 0.35)  static:quiet(0.7x) 
13:00:00  max=0.68 (cart 0.68, frontend 0.35)  static:quiet(0.7x) 
13:00:30  max=0.68 (cart 0.68, frontend 0.35)  static:quiet(0.7x) 
13:01:00  max=0.68 (cart 0.68, frontend 0.35)  static:quiet(0.7x) 
13:01:30  max=0.68 (cart 0.68, frontend 0.35)  static:quiet(0.7x) 
13:02:00  max=0.68 (cart 0.68, frontend 0.35)  static:quiet(0.8x) 
13:02:30  max=0.68 (cart 0.68, frontend 0.35)  static:quiet(0.7x) 
13:03:00  max=0.68 (cart 0.68, frontend 0.35)  static:quiet(0.9x) 
13:03:30  max=0.68 (cart 0.68, frontend 0.35)  static:quiet(0.8x) 
13:04:00  max=0.68 (cart 0.68, frontend 0.35)  static:quiet(0.8x) 
13:04:30  max=0.68 (cart 0.68, frontend 0.35)  static:quiet(0.7x) 
13:05:00  max=0.68 (cart 0.68, frontend 0.35)  static:quiet(0.7x) 
13:05:30  max=0.68 (cart 0.68, frontend 0.35)  static:quiet(0.7x) 
13:06:00  max=0.68 (cart 0.68, frontend 0.35)  static:quiet(0.7x) 
13:06:30  max=0.68 (cart 0.68, frontend 0.35)  static:quiet(0.7x) 
13:07:00  max=0.68 (cart 0.68, frontend 0.35)  static:quiet(0.7x) 
13:07:30  max=0.68 (cart 0.68, frontend 0.35)  static:quiet(0.7x) 
13:08:00  max=0.68 (cart 0.68, frontend 0.35)  static:quiet(0.7x) 
13:08:30  max=0.68 (cart 0.68, frontend 0.35)  static:quiet(0.8x) 
13:09:00  max=0.68 (cart 0.68, frontend 0.35)  static:quiet(0.8x) 
13:09:30  max=0.68 (cart 0.68, frontend 0.35)  static:quiet(0.8x) 
13:10:00  max=0.68 (cart 0.68, frontend 0.35)  static:quiet(0.7x) 
13:10:30  max=0.68 (cart 0.68, frontend 0.36)  static:quiet(0.7x) 
13:11:00  max=0.68 (cart 0.68, frontend 0.36)  static:quiet(0.7x) 
13:11:30  max=0.68 (cart 0.68, frontend 0.36)  static:quiet(0.7x) 
13:12:00  max=0.68 (cart 0.68, frontend 0.36)  static:quiet(0.7x) 
13:12:30  max=0.68 (cart 0.68, frontend 0.36)  static:quiet(0.7x) 
13:13:00  max=0.68 (cart 0.68, frontend 0.36)  static:quiet(0.7x) 
13:13:30  max=0.68 (cart 0.68, frontend 0.36)  static:quiet(0.7x) 
13:14:00  max=0.68 (cart 0.68, frontend 0.36)  static:quiet(0.7x) 
13:14:30  max=0.68 (cart 0.68, frontend 0.35)  static:quiet(0.9x) 
13:15:00  max=0.68 (cart 0.68, frontend 0.35)  static:quiet(0.8x) 
13:15:30  max=0.68 (cart 0.68, frontend 0.35)  static:quiet(0.9x) 
13:16:00  max=0.68 (cart 0.68, frontend 0.35)  static:quiet(0.7x) 
13:16:30  max=0.68 (cart 0.68, frontend 0.35)  static:quiet(0.7x) 
13:17:00  max=0.68 (cart 0.68, frontend 0.35)  static:quiet(0.7x) 
13:17:30  max=0.68 (cart 0.68, frontend 0.36)  static:quiet(0.7x) 
13:18:00  max=0.68 (cart 0.68, frontend 0.36)  static:quiet(0.7x) 
13:18:30  max=0.68 (cart 0.68, frontend 0.36)  static:quiet(0.7x) 
13:19:00  max=0.68 (cart 0.68, frontend 0.36)  static:quiet(0.7x) 
13:19:30  max=0.68 (cart 0.68, frontend 0.36)  static:quiet(0.7x) 
13:20:00  max=0.68 (cart 0.68, frontend 0.36)  static:quiet(0.7x) 
13:20:30  max=0.68 (cart 0.68, frontend 0.36)  static:quiet(0.7x) 
13:21:00  max=0.68 (cart 0.68, frontend 0.36)  static:quiet(0.7x) 
13:21:30  max=0.68 (cart 0.68, frontend 0.36)  static:quiet(0.7x) 
13:22:00  max=0.68 (cart 0.68, frontend 0.35)  static:quiet(0.7x) 
13:22:30  max=0.68 (cart 0.68, frontend 0.35)  static:quiet(0.7x) 
13:23:00  max=0.68 (cart 0.68, frontend 0.35)  static:quiet(0.7x) 
13:23:30  max=0.68 (cart 0.68, frontend 0.35)  static:quiet(0.7x) 
13:24:00  max=0.68 (cart 0.68, frontend 0.35)  static:quiet(0.7x) 
13:24:30  max=0.68 (cart 0.68, frontend 0.35)  static:quiet(0.7x) 
13:25:00  max=0.68 (cart 0.68, frontend 0.35)  static:quiet(0.7x) 
13:25:30  max=0.68 (cart 0.68, frontend 0.35)  static:quiet(0.7x) 
13:26:00  max=0.68 (cart 0.68, frontend 0.35)  static:quiet(0.7x) 
13:26:30  max=0.68 (cart 0.68, frontend 0.35)  static:quiet(0.7x) 
13:27:00  max=0.68 (cart 0.68, frontend 0.34)  static:quiet(0.7x) 
13:27:30  max=0.68 (cart 0.68, frontend 0.34)  static:quiet(0.7x) 
13:28:00  max=0.68 (cart 0.68, frontend 0.35)  static:quiet(0.7x) 
13:28:30  max=0.68 (cart 0.68, frontend 0.35)  static:quiet(0.7x) 
13:29:00  max=0.68 (cart 0.68, frontend 0.34)  static:quiet(0.7x) 
13:29:30  max=0.68 (cart 0.68, frontend 0.34)  static:quiet(0.7x) 
13:30:00  max=0.68 (cart 0.68, frontend 0.34)  static:quiet(0.7x) 
13:30:30  max=0.68 (cart 0.68, frontend 0.34)  static:quiet(0.7x) 
13:31:00  max=0.68 (cart 0.68, frontend 0.34)  static:quiet(0.7x) 
13:31:30  max=0.68 (cart 0.68, frontend 0.35)  static:quiet(0.7x) 
13:32:00  max=0.68 (cart 0.68, frontend 0.35)  static:quiet(0.7x) 
13:32:30  max=0.68 (cart 0.68, frontend 0.35)  static:quiet(0.7x) 
13:33:00  max=0.68 (cart 0.68, frontend 0.35)  static:quiet(0.7x) 
13:33:30  max=0.68 (cart 0.68, frontend 0.35)  static:quiet(0.7x) 
13:34:00  max=0.68 (cart 0.68, frontend 0.35)  static:quiet(0.7x) 
13:34:30  max=0.68 (cart 0.68, frontend 0.35)  static:quiet(0.7x) 
13:35:00  max=0.68 (cart 0.68, frontend 0.35)  static:quiet(0.7x) 
13:35:30  max=0.68 (cart 0.68, frontend 0.35)  static:quiet(0.8x) 
13:36:00  max=0.68 (cart 0.68, frontend 0.35)  static:quiet(0.7x) 
13:36:30  max=0.68 (cart 0.68, frontend 0.35)  static:quiet(0.7x) 
13:37:00  max=0.68 (cart 0.68, frontend 0.35)  static:quiet(0.9x) 
13:37:30  max=0.68 (cart 0.68, frontend 0.35)  static:quiet(0.9x) 
13:38:00  max=0.68 (cart 0.68, frontend 0.35)  static:quiet(0.9x) 
13:38:30  max=0.68 (cart 0.68, frontend 0.35)  static:quiet(0.8x) 
13:39:00  max=0.68 (cart 0.68, frontend 0.35)  static:quiet(0.7x) 
13:39:30  max=0.68 (cart 0.68, frontend 0.35)  static:quiet(0.7x) 
13:40:00  max=0.68 (cart 0.68, frontend 0.36)  static:quiet(0.7x) 
13:40:30  max=0.68 (cart 0.68, frontend 0.36)  static:quiet(0.7x) 
13:41:00  max=0.68 (cart 0.68, frontend 0.36)  static:quiet(0.7x) 
13:41:30  max=0.68 (cart 0.68, frontend 0.36)  static:quiet(0.7x) 
13:42:00  max=0.68 (cart 0.68, frontend 0.36)  static:quiet(0.7x) 
13:42:30  max=0.68 (cart 0.68, frontend 0.36)  static:quiet(0.7x) 
13:43:00  max=0.68 (cart 0.68, frontend 0.36)  static:quiet(0.7x) 
13:43:30  max=0.68 (cart 0.68, frontend 0.36)  static:quiet(0.7x) 
13:44:00  max=0.68 (cart 0.68, frontend 0.35)  static:quiet(0.7x) 
13:44:30  max=0.68 (cart 0.68, frontend 0.35)  static:quiet(0.7x) 
13:45:00  max=0.68 (cart 0.68, frontend 0.35)  static:quiet(1.1x) 
13:45:30  max=0.68 (cart 0.68, frontend 0.35)  static:quiet(1.1x) 
13:46:00  max=0.68 (cart 0.68, frontend 0.35)  static:quiet(1.1x) 
13:46:30  max=0.68 (cart 0.68, frontend 0.34)  static:quiet(0.7x) 
13:47:00  max=0.68 (cart 0.68, frontend 0.34)  static:quiet(0.7x) 
13:47:30  max=0.68 (cart 0.68, frontend 0.34)  static:quiet(0.7x) 
13:48:00  max=0.68 (cart 0.68, frontend 0.34)  static:quiet(0.7x) 
13:48:30  max=0.68 (cart 0.68, frontend 0.34)  static:quiet(0.7x) 
13:49:00  max=0.68 (cart 0.68, frontend 0.35)  static:quiet(0.7x) 
13:49:30  max=0.68 (cart 0.68, frontend 0.35)  static:quiet(0.7x) 
13:50:00  max=0.68 (cart 0.68, frontend 0.35)  static:quiet(0.7x) 
13:50:30  max=0.68 (cart 0.68, frontend 0.35)  static:quiet(0.7x) 
13:51:00  max=0.68 (cart 0.68, frontend 0.35)  static:quiet(0.7x) 
13:51:30  max=0.68 (cart 0.68, frontend 0.35)  static:quiet(0.7x) 
13:52:00  max=0.68 (cart 0.68, frontend 0.35)  static:quiet(0.7x) 
13:52:30  max=0.68 (cart 0.68, frontend 0.35)  static:quiet(0.7x) 
13:53:00  max=0.68 (cart 0.68, frontend 0.35)  static:quiet(0.7x) 
13:53:30  max=0.68 (cart 0.68, frontend 0.35)  static:quiet(0.7x) 
13:54:00  max=0.68 (cart 0.68, frontend 0.35)  static:quiet(0.7x) 
13:54:30  max=0.68 (cart 0.68, frontend 0.35)  static:quiet(0.7x) 
13:55:00  max=0.68 (cart 0.68, frontend 0.34)  static:quiet(0.7x) 
13:55:30  max=0.68 (cart 0.68, frontend 0.35)  static:quiet(0.7x) 
13:56:00  max=0.68 (cart 0.68, frontend 0.35)  static:quiet(0.7x) 
13:56:30  max=0.68 (cart 0.68, frontend 0.35)  static:quiet(0.7x) 
13:57:00  max=0.68 (cart 0.68, frontend 0.35)  static:quiet(0.7x) 
13:57:30  max=0.68 (cart 0.68, frontend 0.35)  static:quiet(0.7x) 
13:58:00  max=0.68 (cart 0.68, frontend 0.36)  static:quiet(0.7x) 
13:58:30  max=0.68 (cart 0.68, frontend 0.36)  static:quiet(0.7x) 
13:59:00  max=0.68 (cart 0.68, frontend 0.36)  static:quiet(0.8x) 
13:59:30  max=0.68 (cart 0.68, frontend 0.36)  static:quiet(0.8x) 
14:00:00  max=0.68 (cart 0.68, frontend 0.36)  static:quiet(0.7x) 
14:00:30  max=0.68 (cart 0.68, frontend 0.35)  static:quiet(0.7x) 
14:01:00  max=0.68 (cart 0.68, frontend 0.35)  static:quiet(0.7x) 
14:01:30  max=0.68 (cart 0.68, frontend 0.35)  static:quiet(0.7x) 
14:02:00  max=0.68 (cart 0.68, frontend 0.35)  static:quiet(0.7x) 
14:02:30  max=0.68 (cart 0.68, frontend 0.35)  static:quiet(0.7x) 
14:03:00  max=0.68 (cart 0.68, frontend 0.35)  static:quiet(0.7x) 
14:03:30  max=0.68 (cart 0.68, frontend 0.35)  static:quiet(0.7x) 
14:04:00  max=0.68 (cart 0.68, frontend 0.35)  static:quiet(0.7x) 
14:04:30  max=0.68 (cart 0.68, frontend 0.35)  static:quiet(0.7x) 
14:05:00  max=0.68 (cart 0.68, frontend 0.35)  static:quiet(0.7x) 
14:05:30  max=0.68 (cart 0.68, frontend 0.35)  static:quiet(0.7x) 
14:06:00  max=0.68 (cart 0.68, frontend 0.35)  static:quiet(0.7x) 
14:06:30  max=0.68 (cart 0.68, frontend 0.35)  static:quiet(0.7x) 
14:07:00  max=0.68 (cart 0.68, frontend 0.35)  static:quiet(0.7x) 
14:07:30  max=0.68 (cart 0.68, frontend 0.35)  static:quiet(0.7x) 
14:08:00  max=0.68 (cart 0.68, frontend 0.35)  static:quiet(0.7x) 
14:08:30  max=0.68 (cart 0.68, frontend 0.35)  static:quiet(0.7x) 
14:09:00  max=0.68 (cart 0.68, frontend 0.35)  static:quiet(0.7x) 
14:09:30  max=0.68 (cart 0.68, frontend 0.36)  static:quiet(0.8x) 
14:10:00  max=0.68 (cart 0.68, frontend 0.36)  static:quiet(0.8x) 
14:10:30  max=0.68 (cart 0.68, frontend 0.36)  static:quiet(0.8x) 
14:11:00  max=0.68 (cart 0.68, frontend 0.37)  static:quiet(0.7x) 
14:11:30  max=0.68 (cart 0.68, frontend 0.37)  static:quiet(0.7x) 
14:12:00  max=0.68 (cart 0.68, frontend 0.37)  static:quiet(0.7x) 
14:12:30  max=0.68 (cart 0.68, frontend 0.36)  static:quiet(0.7x) 
14:13:00  max=0.68 (cart 0.68, frontend 0.36)  static:quiet(0.7x) 
14:13:30  max=0.68 (cart 0.68, frontend 0.36)  static:quiet(0.7x) 
14:14:00  max=0.68 (cart 0.68, frontend 0.37)  static:quiet(0.7x) 
14:14:30  max=0.68 (cart 0.68, frontend 0.37)  static:quiet(0.7x) 
14:15:00  max=0.68 (cart 0.68, frontend 0.37)  static:quiet(0.7x) 
14:15:30  max=0.68 (cart 0.68, frontend 0.37)  static:quiet(0.7x) 
14:16:00  max=0.68 (cart 0.68, frontend 0.36)  static:quiet(0.7x) 
14:16:30  max=0.68 (cart 0.68, frontend 0.36)  static:quiet(0.8x) 
14:17:00  max=0.68 (cart 0.68, frontend 0.37)  static:quiet(0.8x) 
14:17:30  max=0.68 (cart 0.68, frontend 0.37)  static:quiet(0.8x) 
14:18:00  max=0.68 (cart 0.68, frontend 0.36)  static:quiet(0.8x) 
14:18:30  max=0.69 (cart 0.69, frontend 0.37)  static:quiet(0.8x) 
14:19:00  max=0.69 (cart 0.69, frontend 0.37)  static:quiet(0.8x) 
14:19:30  max=0.69 (cart 0.69, frontend 0.37)  static:quiet(0.8x) 
14:20:00  max=0.69 (cart 0.69, frontend 0.37)  static:quiet(0.7x) 
14:20:30  max=0.69 (cart 0.69, frontend 0.38)  static:quiet(0.7x) 
14:21:00  max=0.69 (cart 0.69, frontend 0.38)  static:quiet(0.7x) 
14:21:30  max=0.69 (cart 0.69, frontend 0.38)  static:quiet(0.7x) 
14:22:00  max=0.69 (cart 0.69, frontend 0.38)  static:quiet(0.7x) 
14:22:30  max=0.69 (cart 0.69, frontend 0.38)  static:quiet(0.7x) 
14:23:00  max=0.69 (cart 0.69, frontend 0.38)  static:quiet(0.7x) 
14:23:30  max=0.69 (cart 0.69, frontend 0.38)  static:quiet(0.8x) 
14:24:00  max=0.69 (cart 0.69, frontend 0.38)  static:quiet(0.8x) 
14:24:30  max=0.68 (cart 0.68, frontend 0.37)  static:quiet(0.8x) 
14:25:00  max=0.68 (cart 0.68, frontend 0.37)  static:quiet(0.7x) 
14:25:30  max=0.68 (cart 0.68, frontend 0.36)  static:quiet(0.7x) 
14:26:00  max=0.68 (cart 0.68, frontend 0.36)  static:quiet(0.7x) 
14:26:30  max=0.68 (cart 0.68, frontend 0.36)  static:quiet(0.7x) 
14:27:00  max=0.68 (cart 0.68, frontend 0.36)  static:quiet(0.7x) 
14:27:30  max=0.68 (cart 0.68, frontend 0.36)  static:quiet(0.9x) 
14:28:00  max=0.68 (cart 0.68, frontend 0.36)  static:quiet(1.1x) 
14:28:30  max=0.68 (cart 0.68, frontend 0.36)  static:quiet(0.9x) 
14:29:00  max=0.68 (cart 0.68, frontend 0.36)  static:quiet(0.7x) 
14:29:30  max=0.69 (cart 0.69, frontend 0.37)  static:quiet(0.9x) 
14:30:00  max=0.69 (cart 0.69, frontend 0.37)  static:quiet(0.9x) 
14:30:30  max=0.69 (cart 0.69, frontend 0.37)  static:quiet(0.9x) 
14:31:00  max=0.69 (cart 0.69, frontend 0.37)  static:quiet(0.7x) 
14:31:30  max=0.69 (cart 0.69, frontend 0.38)  static:quiet(0.8x) 
14:32:00  max=0.69 (cart 0.69, frontend 0.39)  static:quiet(0.8x) 
14:32:30  max=0.69 (cart 0.69, frontend 0.39)  static:quiet(0.8x) 
14:33:00  max=0.69 (cart 0.69, frontend 0.39)  static:quiet(0.8x) 
14:33:30  max=0.69 (cart 0.69, frontend 0.39)  static:quiet(0.7x) 
14:34:00  max=0.69 (cart 0.69, frontend 0.39)  static:quiet(0.8x) 
14:34:30  max=0.70 (cart 0.70, frontend 0.39)  static:quiet(0.7x) 
14:35:00  max=0.70 (cart 0.70, frontend 0.40)  static:quiet(0.7x) 
14:35:30  max=0.69 (cart 0.69, frontend 0.40)  static:quiet(0.7x) 
14:36:00  max=0.69 (cart 0.69, frontend 0.39)  static:quiet(0.7x) 
14:36:30  max=0.69 (cart 0.69, frontend 0.39)  static:quiet(0.8x) 
14:37:00  max=0.69 (cart 0.69, frontend 0.39)  static:quiet(0.7x) 
14:37:30  max=0.69 (cart 0.69, frontend 0.38)  static:quiet(0.7x) 
14:38:00  max=0.69 (cart 0.69, frontend 0.37)  static:quiet(0.7x) 
14:38:30  max=0.69 (cart 0.69, frontend 0.37)  static:quiet(0.7x) 
14:39:00  max=0.69 (cart 0.69, frontend 0.37)  static:quiet(0.7x) 
14:39:30  max=0.69 (cart 0.69, frontend 0.37)  static:quiet(0.7x) 
14:40:00  max=0.69 (cart 0.69, frontend 0.37)  static:quiet(0.7x) 
14:40:30  max=0.69 (cart 0.69, frontend 0.37)  static:quiet(0.7x) 
14:41:00  max=0.69 (cart 0.69, frontend 0.37)  static:quiet(0.7x) 
14:41:30  max=0.69 (cart 0.69, frontend 0.37)  static:quiet(0.7x) 
14:42:00  max=0.69 (cart 0.69, frontend 0.38)  static:quiet(0.7x) 
14:42:30  max=0.69 (cart 0.69, frontend 0.37)  static:quiet(0.7x) 
14:43:00  max=0.69 (cart 0.69, frontend 0.37)  static:quiet(0.7x) 
14:43:30  max=0.69 (cart 0.69, frontend 0.37)  static:quiet(0.7x) 
14:44:00  max=0.69 (cart 0.69, frontend 0.37)  static:quiet(0.7x) 
14:44:30  max=0.69 (cart 0.69, frontend 0.38)  static:quiet(0.7x) 
14:45:00  max=0.69 (cart 0.69, frontend 0.38)  static:quiet(0.7x) 
14:45:30  max=0.69 (cart 0.69, frontend 0.38)  static:quiet(0.7x) 
14:46:00  max=0.69 (cart 0.69, frontend 0.38)  static:quiet(0.7x) 
14:46:30  max=0.69 (cart 0.69, frontend 0.37)  static:quiet(0.7x) 
14:47:00  max=0.69 (cart 0.69, frontend 0.37)  static:quiet(0.7x) 
14:47:30  max=0.69 (cart 0.69, frontend 0.37)  static:quiet(0.8x) 
14:48:00  max=0.69 (cart 0.69, frontend 0.37)  static:quiet(0.8x) 
14:48:30  max=0.69 (cart 0.69, frontend 0.37)  static:quiet(0.8x) 
14:49:00  max=0.69 (cart 0.69, frontend 0.38)  static:quiet(0.8x) 
14:49:30  max=0.69 (cart 0.69, frontend 0.38)  static:quiet(0.9x) 
14:50:00  max=0.69 (cart 0.69, frontend 0.38)  static:quiet(0.9x) 
14:50:30  max=0.69 (cart 0.69, frontend 0.38)  static:quiet(0.9x) 
14:51:00  max=0.69 (cart 0.69, frontend 0.38)  static:quiet(0.7x) 
14:51:30  max=0.69 (cart 0.69, frontend 0.38)  static:quiet(0.8x) 
14:52:00  max=0.69 (cart 0.69, frontend 0.38)  static:quiet(0.8x) 
14:52:30  max=0.69 (cart 0.69, frontend 0.39)  static:quiet(0.8x) 
14:53:00  max=0.69 (cart 0.69, frontend 0.39)  static:quiet(0.7x) 
14:53:30  max=0.69 (cart 0.69, frontend 0.39)  static:quiet(0.7x) 
14:54:00  max=0.69 (cart 0.69, frontend 0.39)  static:quiet(0.8x) 
14:54:30  max=0.69 (cart 0.69, frontend 0.39)  static:quiet(0.8x) 
14:55:00  max=0.69 (cart 0.69, frontend 0.39)  static:quiet(0.8x) 
14:55:30  max=0.69 (cart 0.69, frontend 0.39)  static:quiet(0.8x) 
14:56:00  max=0.69 (cart 0.69, frontend 0.38)  static:quiet(0.8x) 
14:56:30  max=0.69 (cart 0.69, frontend 0.38)  static:quiet(0.8x) 
14:57:00  max=0.69 (cart 0.69, frontend 0.38)  static:quiet(0.8x) 
14:57:30  max=0.69 (cart 0.69, frontend 0.38)  static:quiet(0.8x) 
14:58:00  max=0.69 (cart 0.69, frontend 0.38)  static:quiet(0.7x) 
14:58:30  max=0.69 (cart 0.69, frontend 0.38)  static:quiet(0.7x) 
14:59:00  max=0.69 (cart 0.69, frontend 0.38)  static:quiet(0.7x) 
14:59:30  max=0.69 (cart 0.69, frontend 0.38)  static:quiet(0.7x) 
15:00:00  max=0.69 (cart 0.69, frontend 0.38)  static:quiet(0.7x) 
15:00:30  max=0.69 (cart 0.69, frontend 0.38)  static:quiet(0.7x) 
15:01:00  max=0.69 (cart 0.69, frontend 0.38)  static:quiet(0.7x) 
15:01:30  max=0.69 (cart 0.69, frontend 0.38)  static:quiet(0.8x) 
15:02:00  max=0.69 (cart 0.69, frontend 0.38)  static:quiet(0.8x) 
15:02:30  max=0.69 (cart 0.69, frontend 0.37)  static:quiet(0.8x) 
15:03:00  max=0.69 (cart 0.69, frontend 0.37)  static:quiet(0.8x) 
15:03:30  max=0.69 (cart 0.69, frontend 0.37)  static:quiet(0.8x) 
15:04:00  max=0.69 (cart 0.69, frontend 0.37)  static:quiet(0.8x) 
15:04:30  max=0.69 (cart 0.69, frontend 0.37)  static:quiet(0.8x) 
15:05:00  max=0.69 (cart 0.69, frontend 0.37)  static:quiet(0.8x) 
15:05:30  max=0.69 (cart 0.69, frontend 0.37)  static:quiet(0.8x) 
15:06:00  max=0.69 (cart 0.69, frontend 0.38)  static:quiet(0.8x) 
15:06:30  max=0.69 (cart 0.69, frontend 0.38)  static:quiet(0.7x) 
15:07:00  max=0.69 (cart 0.69, frontend 0.38)  static:quiet(0.7x) 
15:07:30  max=0.69 (cart 0.69, frontend 0.38)  static:quiet(0.7x) 
15:08:00  max=0.69 (cart 0.69, frontend 0.38)  static:quiet(0.7x) 
15:08:30  max=0.69 (cart 0.69, frontend 0.38)  static:quiet(0.7x) 
15:09:00  max=0.69 (cart 0.69, frontend 0.38)  static:quiet(0.7x) 
15:09:30  max=0.69 (cart 0.69, frontend 0.38)  static:quiet(0.7x) 
15:10:00  max=0.69 (cart 0.69, frontend 0.37)  static:quiet(0.7x) 
15:10:30  max=0.69 (cart 0.69, frontend 0.37)  static:quiet(0.7x) 
15:11:00  max=0.69 (cart 0.69, frontend 0.37)  static:quiet(0.7x) 
15:11:30  max=0.69 (cart 0.69, frontend 0.37)  static:quiet(0.8x) 
15:12:00  max=0.69 (cart 0.69, frontend 0.37)  static:quiet(0.8x) 
15:12:30  max=0.69 (cart 0.69, frontend 0.37)  static:quiet(0.7x) 
15:13:00  max=0.69 (cart 0.69, frontend 0.37)  static:quiet(0.7x) 
15:13:30  max=0.69 (cart 0.69, frontend 0.37)  static:quiet(0.7x) 
15:14:00  max=0.69 (cart 0.69, frontend 0.37)  static:quiet(0.7x) 
15:14:30  max=0.69 (cart 0.69, frontend 0.37)  static:quiet(0.8x) 
15:15:00  max=0.69 (cart 0.69, frontend 0.37)  static:quiet(0.8x) 
15:15:30  max=0.69 (cart 0.69, frontend 0.37)  static:quiet(0.8x) 
15:16:00  max=0.69 (cart 0.69, frontend 0.37)  static:quiet(0.7x) 
15:16:30  max=0.69 (cart 0.69, frontend 0.37)  static:quiet(0.8x) 
15:17:00  max=0.69 (cart 0.69, frontend 0.37)  static:quiet(0.8x) 
15:17:30  max=0.69 (cart 0.69, frontend 0.36)  static:quiet(0.8x) 
15:18:00  max=0.69 (cart 0.69, frontend 0.36)  static:quiet(0.7x) 
15:18:30  max=0.69 (cart 0.69, frontend 0.36)  static:quiet(0.7x) 
15:19:00  max=0.69 (cart 0.69, frontend 0.36)  static:quiet(0.7x) 
15:19:30  max=0.69 (cart 0.69, frontend 0.36)  static:quiet(0.7x) 
15:20:00  max=0.69 (cart 0.69, frontend 0.36)  static:quiet(0.7x) 
15:20:30  max=0.68 (cart 0.68, frontend 0.36)  static:quiet(0.7x) 
15:21:00  max=0.68 (cart 0.68, frontend 0.36)  static:quiet(0.7x) 
15:21:30  max=0.68 (cart 0.68, frontend 0.36)  static:quiet(0.8x) 
15:22:00  max=0.68 (cart 0.68, frontend 0.36)  static:quiet(0.7x) 
15:22:30  max=0.68 (cart 0.68, frontend 0.37)  static:quiet(0.7x) 
15:23:00  max=0.68 (cart 0.68, frontend 0.37)  static:quiet(0.7x) 
15:23:30  max=0.68 (cart 0.68, frontend 0.37)  static:quiet(0.8x) 
15:24:00  max=0.68 (cart 0.68, frontend 0.36)  static:quiet(0.8x) 
15:24:30  max=0.68 (cart 0.68, frontend 0.36)  static:quiet(0.8x) 
15:25:00  max=0.68 (cart 0.68, frontend 0.36)  static:quiet(0.8x) 
15:25:30  max=0.68 (cart 0.68, frontend 0.37)  static:quiet(0.8x) 
15:26:00  max=0.68 (cart 0.68, frontend 0.37)  static:quiet(0.8x) 
15:26:30  max=0.68 (cart 0.68, frontend 0.37)  static:quiet(0.8x) 
15:27:00  max=0.68 (cart 0.68, frontend 0.37)  static:quiet(0.8x) 
15:27:30  max=0.68 (cart 0.68, frontend 0.37)  static:quiet(0.8x) 
15:28:00  max=0.68 (cart 0.68, frontend 0.36)  static:quiet(0.8x) 
15:28:30  max=0.68 (cart 0.68, frontend 0.36)  static:quiet(0.8x) 
15:29:00  max=0.68 (cart 0.68, frontend 0.37)  static:quiet(0.8x) 
15:29:30  max=0.69 (cart 0.69, frontend 0.37)  static:quiet(0.8x) 
15:30:00  max=0.69 (cart 0.69, frontend 0.37)  static:quiet(0.8x) 
15:30:30  max=0.69 (cart 0.69, frontend 0.37)  static:quiet(0.8x) 
15:31:00  max=0.69 (cart 0.69, frontend 0.37)  static:quiet(0.8x) 
15:31:30  max=0.69 (cart 0.69, frontend 0.37)  static:quiet(0.8x) 
15:32:00  max=0.69 (cart 0.69, frontend 0.37)  static:quiet(0.8x) 
15:32:30  max=0.69 (cart 0.69, frontend 0.37)  static:quiet(0.7x) 
15:33:00  max=0.69 (cart 0.69, frontend 0.37)  static:quiet(0.8x) 
15:33:30  max=0.69 (cart 0.69, frontend 0.37)  static:quiet(0.8x) 
15:34:00  max=0.69 (cart 0.69, frontend 0.37)  static:quiet(0.8x) 
15:34:30  max=0.69 (cart 0.69, frontend 0.37)  static:quiet(0.8x) 
15:35:00  max=0.69 (cart 0.69, frontend 0.37)  static:quiet(0.8x) 
15:35:30  max=0.69 (cart 0.69, frontend 0.37)  static:quiet(0.8x) 
15:36:00  max=0.69 (cart 0.69, frontend 0.37)  static:quiet(0.8x) 
15:36:30  max=0.69 (cart 0.69, frontend 0.37)  static:quiet(0.9x) 
15:37:00  max=0.68 (cart 0.68, frontend 0.37)  static:quiet(0.8x) 
15:37:30  max=0.68 (cart 0.68, frontend 0.36)  static:quiet(0.9x) 
15:38:00  max=0.69 (cart 0.69, frontend 0.37)  static:quiet(0.8x) 
15:38:30  max=0.69 (cart 0.69, frontend 0.37)  static:quiet(0.8x) 
15:39:00  max=0.69 (cart 0.69, frontend 0.37)  static:quiet(0.8x) 
15:39:30  max=0.69 (cart 0.69, frontend 0.37)  static:quiet(0.8x) 
15:40:00  max=0.69 (cart 0.69, frontend 0.37)  static:quiet(0.8x) 
15:40:30  max=0.69 (cart 0.69, frontend 0.38)  static:quiet(0.8x) 
15:41:00  max=0.69 (cart 0.69, frontend 0.38)  static:quiet(0.7x) 
15:41:30  max=0.69 (cart 0.69, frontend 0.38)  static:quiet(0.8x) 
15:42:00  max=0.69 (cart 0.69, frontend 0.37)  static:quiet(0.8x) 
15:42:30  max=0.69 (cart 0.69, frontend 0.37)  static:quiet(0.8x) 
15:43:00  max=0.69 (cart 0.69, frontend 0.37)  static:quiet(0.8x) 
15:43:30  max=0.68 (cart 0.68, frontend 0.37)  static:quiet(0.8x) 
15:44:00  max=0.69 (cart 0.69, frontend 0.37)  static:quiet(0.8x) 
15:44:30  max=0.69 (cart 0.69, frontend 0.37)  static:quiet(0.8x) 
15:45:00  max=0.69 (cart 0.69, frontend 0.37)  static:quiet(0.8x) 
15:45:30  max=0.69 (cart 0.69, frontend 0.37)  static:quiet(0.8x) 
15:46:00  max=0.69 (cart 0.69, frontend 0.38)  static:quiet(0.8x) 
15:46:30  max=0.69 (cart 0.69, frontend 0.38)  static:quiet(0.8x) 
15:47:00  max=0.69 (cart 0.69, frontend 0.38)  static:quiet(0.7x) 
15:47:30  max=0.68 (cart 0.68, frontend 0.37)  static:quiet(0.8x) 
15:48:00  max=0.68 (cart 0.68, frontend 0.37)  static:quiet(0.8x) 
15:48:30  max=0.68 (cart 0.68, frontend 0.36)  static:quiet(0.8x) 
15:49:00  max=0.68 (cart 0.68, frontend 0.36)  static:quiet(0.8x) 
15:49:30  max=0.69 (cart 0.69, frontend 0.37)  static:quiet(0.8x) 
15:50:00  max=0.69 (cart 0.69, frontend 0.37)  static:quiet(0.8x) 
15:50:30  max=0.69 (cart 0.69, frontend 0.37)  static:quiet(0.8x) 
15:51:00  max=0.69 (cart 0.69, frontend 0.37)  static:quiet(0.8x) 
15:51:30  max=0.69 (cart 0.69, frontend 0.37)  static:quiet(0.8x) 
15:52:00  max=0.69 (cart 0.69, frontend 0.38)  static:quiet(0.8x) 
15:52:30  max=0.69 (cart 0.69, frontend 0.38)  static:quiet(0.8x) 
15:53:00  max=0.69 (cart 0.69, frontend 0.38)  static:quiet(0.8x) 
15:53:30  max=0.69 (cart 0.69, frontend 0.37)  static:quiet(0.8x) 
15:54:00  max=0.69 (cart 0.69, frontend 0.37)  static:quiet(0.8x) 
15:54:30  max=0.69 (cart 0.69, frontend 0.37)  static:quiet(0.8x) 
15:55:00  max=0.69 (cart 0.69, frontend 0.37)  static:quiet(0.8x) 
15:55:30  max=0.69 (cart 0.69, frontend 0.37)  static:quiet(0.8x) 
15:56:00  max=0.69 (cart 0.69, frontend 0.37)  static:quiet(0.8x) 
15:56:30  max=0.69 (cart 0.69, frontend 0.37)  static:quiet(0.8x) 
15:57:00  max=0.69 (cart 0.69, frontend 0.37)  static:quiet(0.8x) 
15:57:30  max=0.69 (cart 0.69, frontend 0.38)  static:quiet(0.8x) 
15:58:00  max=0.69 (cart 0.69, frontend 0.38)  static:quiet(0.7x) 
15:58:30  max=0.69 (cart 0.69, frontend 0.38)  static:quiet(0.8x) 
15:59:00  max=0.69 (cart 0.69, frontend 0.38)  static:quiet(0.8x) 
15:59:30  max=0.69 (cart 0.69, frontend 0.38)  static:quiet(0.8x) 
16:00:00  max=0.69 (cart 0.69, frontend 0.38)  static:quiet(0.8x) 
16:00:30  max=0.69 (cart 0.69, frontend 0.38)  static:quiet(0.8x) 
16:01:00  max=0.69 (cart 0.69, frontend 0.38)  static:quiet(0.8x) 
16:01:30  max=0.69 (cart 0.69, frontend 0.38)  static:quiet(0.8x) 
16:02:00  max=0.69 (cart 0.69, frontend 0.38)  static:quiet(0.8x) 
16:02:30  max=0.69 (cart 0.69, frontend 0.37)  static:quiet(0.8x) 
16:03:00  max=0.69 (cart 0.69, frontend 0.37)  static:quiet(0.8x) 
16:03:30  max=0.69 (cart 0.69, frontend 0.37)  static:quiet(0.8x) 
16:04:00  max=0.69 (cart 0.69, frontend 0.37)  static:quiet(0.8x) 
16:04:30  max=0.69 (cart 0.69, frontend 0.38)  static:quiet(0.8x) 
16:05:00  max=0.69 (cart 0.69, frontend 0.38)  static:quiet(0.8x) 
16:05:30  max=0.69 (cart 0.69, frontend 0.38)  static:quiet(0.8x) 
16:06:00  max=0.69 (cart 0.69, frontend 0.38)  static:quiet(0.8x) 
16:06:30  max=0.69 (cart 0.69, frontend 0.38)  static:quiet(0.8x) 
16:07:00  max=0.69 (cart 0.69, frontend 0.38)  static:quiet(0.8x) 
16:07:30  max=0.69 (cart 0.69, frontend 0.38)  static:quiet(0.8x) 
16:08:00  max=0.69 (cart 0.69, frontend 0.39)  static:quiet(0.8x) 
16:08:30  max=0.69 (cart 0.69, frontend 0.39)  static:quiet(0.8x) 
16:09:00  max=0.69 (cart 0.69, frontend 0.39)  static:quiet(0.8x) 
16:09:30  max=0.69 (cart 0.69, frontend 0.39)  static:quiet(0.8x) 
16:10:00  max=0.69 (cart 0.69, frontend 0.39)  static:quiet(0.8x) 
16:10:30  max=0.69 (cart 0.69, frontend 0.39)  static:quiet(0.8x) 
16:11:00  max=0.69 (cart 0.69, frontend 0.39)  static:quiet(0.8x) 
16:11:30  max=0.69 (cart 0.69, frontend 0.39)  static:quiet(0.8x) 
16:12:00  max=0.69 (cart 0.69, frontend 0.39)  static:quiet(0.8x) 
16:12:30  max=0.69 (cart 0.69, frontend 0.39)  static:quiet(0.8x) 
16:13:00  max=0.69 (cart 0.69, frontend 0.39)  static:quiet(0.8x) 
16:13:30  max=0.69 (cart 0.69, frontend 0.39)  static:quiet(0.8x) 
16:14:00  max=0.69 (cart 0.69, frontend 0.39)  static:quiet(0.8x) 
16:14:30  max=0.69 (cart 0.69, frontend 0.39)  static:quiet(0.8x) 
16:15:00  max=0.69 (cart 0.69, frontend 0.40)  static:quiet(0.8x) 
16:15:30  max=0.69 (cart 0.69, frontend 0.40)  static:quiet(0.8x) 
16:16:00  max=0.69 (cart 0.69, frontend 0.40)  static:quiet(0.8x) 
16:16:30  max=0.69 (cart 0.69, frontend 0.40)  static:quiet(0.8x) 
16:17:00  max=0.69 (cart 0.69, frontend 0.41)  static:quiet(0.8x) 
16:17:30  max=0.69 (cart 0.69, frontend 0.41)  static:quiet(0.8x) 
16:18:00  max=0.69 (cart 0.69, frontend 0.41)  static:quiet(0.8x) 
16:18:30  max=0.69 (cart 0.69, frontend 0.41)  static:quiet(0.8x) 
16:19:00  max=0.69 (cart 0.69, frontend 0.40)  static:quiet(0.8x) 
16:19:30  max=0.69 (cart 0.69, frontend 0.40)  static:quiet(0.8x) 
16:20:00  max=0.69 (cart 0.69, frontend 0.40)  static:quiet(0.8x) 
16:20:30  max=0.69 (cart 0.69, frontend 0.40)  static:quiet(0.8x) 
16:21:00  max=0.69 (cart 0.69, frontend 0.40)  static:quiet(0.8x) 
16:21:30  max=0.69 (cart 0.69, frontend 0.41)  static:quiet(0.8x) 
16:22:00  max=0.69 (cart 0.69, frontend 0.41)  static:quiet(0.8x) 
16:22:30  max=0.69 (cart 0.69, frontend 0.41)  static:quiet(0.8x) 
16:23:00  max=0.69 (cart 0.69, frontend 0.41)  static:quiet(0.8x) 
16:23:30  max=0.69 (cart 0.69, frontend 0.41)  static:quiet(0.8x) 
16:24:00  max=0.69 (cart 0.69, frontend 0.42)  static:quiet(0.8x) 
16:24:30  max=0.69 (cart 0.69, frontend 0.41)  static:quiet(0.8x) 
16:25:00  max=0.69 (cart 0.69, frontend 0.41)  static:quiet(0.8x) 
16:25:30  max=0.69 (cart 0.69, frontend 0.41)  static:quiet(0.8x) 
16:26:00  max=0.69 (cart 0.69, frontend 0.41)  static:quiet(0.8x) 
16:26:30  max=0.69 (cart 0.69, frontend 0.41)  static:quiet(0.8x) 
16:27:00  max=0.69 (cart 0.69, frontend 0.41)  static:quiet(0.9x) 
16:27:30  max=0.69 (cart 0.69, frontend 0.41)  static:quiet(0.9x) 
16:28:00  max=0.69 (cart 0.69, frontend 0.41)  static:quiet(0.9x) 
16:28:30  max=0.69 (cart 0.69, frontend 0.41)  static:quiet(0.9x) 
16:29:00  max=0.69 (cart 0.69, frontend 0.42)  static:quiet(1.1x) 
16:29:30  max=0.69 (cart 0.69, frontend 0.42)  static:quiet(0.9x) 
16:30:00  max=0.69 (cart 0.69, frontend 0.42)  static:quiet(0.8x) 
16:30:30  max=0.69 (cart 0.69, frontend 0.43)  static:quiet(0.8x) 
16:31:00  max=0.69 (cart 0.69, frontend 0.43)  static:quiet(0.8x) 
16:31:30  max=0.69 (cart 0.69, frontend 0.43)  static:quiet(0.8x) 
16:32:00  max=0.69 (cart 0.69, frontend 0.42)  static:quiet(0.8x) 
16:32:30  max=0.69 (cart 0.69, frontend 0.42)  static:quiet(0.8x) 
16:33:00  max=0.69 (cart 0.69, frontend 0.42)  static:quiet(0.8x) 
16:33:30  max=0.69 (cart 0.69, frontend 0.42)  static:quiet(0.8x) 
16:34:00  max=0.69 (cart 0.69, frontend 0.42)  static:quiet(0.8x) 
16:34:30  max=0.69 (cart 0.69, frontend 0.42)  static:quiet(0.8x) 
16:35:00  max=0.69 (cart 0.69, frontend 0.41)  static:quiet(0.8x) 
16:35:30  max=0.69 (cart 0.69, frontend 0.41)  static:quiet(0.8x) 
16:36:00  max=0.69 (cart 0.69, frontend 0.41)  static:quiet(0.8x) 
16:36:30  max=0.69 (cart 0.69, frontend 0.41)  static:quiet(1.0x) 
16:37:00  max=0.69 (cart 0.69, frontend 0.41)  static:quiet(1.1x) 
16:37:30  max=0.69 (cart 0.69, frontend 0.41)  static:quiet(1.0x) 
16:38:00  max=0.69 (cart 0.69, frontend 0.41)  static:quiet(0.9x) 
16:38:30  max=0.69 (cart 0.69, frontend 0.41)  static:quiet(0.8x) 
16:39:00  max=0.69 (cart 0.69, frontend 0.41)  static:quiet(0.8x) 
16:39:30  max=0.69 (cart 0.69, frontend 0.41)  static:quiet(0.8x) 
16:40:00  max=0.69 (cart 0.69, frontend 0.41)  static:quiet(0.8x) 
16:40:30  max=0.69 (cart 0.69, frontend 0.41)  static:quiet(0.9x) 
16:41:00  max=0.69 (cart 0.69, frontend 0.42)  static:quiet(0.9x) 
16:41:30  max=0.69 (cart 0.69, frontend 0.42)  static:quiet(0.9x) 
16:42:00  max=0.69 (cart 0.69, frontend 0.42)  static:quiet(0.8x) 
16:42:30  max=0.69 (cart 0.69, frontend 0.41)  static:quiet(0.8x) 
16:43:00  max=0.69 (cart 0.69, frontend 0.41)  static:quiet(0.8x) 
16:43:30  max=0.69 (cart 0.69, frontend 0.41)  static:quiet(0.8x) 
16:44:00  max=0.69 (cart 0.69, frontend 0.41)  static:quiet(0.8x) 
16:44:30  max=0.69 (cart 0.69, frontend 0.40)  static:quiet(0.8x) 
16:45:00  max=0.69 (cart 0.69, frontend 0.40)  static:quiet(0.8x) 
16:45:30  max=0.69 (cart 0.69, frontend 0.40)  static:quiet(0.8x) 
16:46:00  max=0.69 (cart 0.69, frontend 0.40)  static:quiet(0.8x) 
16:46:30  max=0.69 (cart 0.69, frontend 0.39)  static:quiet(0.8x) 
16:47:00  max=0.69 (cart 0.69, frontend 0.39)  static:quiet(0.8x) 
16:47:30  max=0.69 (cart 0.69, frontend 0.38)  static:quiet(0.8x) 
16:48:00  max=0.69 (cart 0.69, frontend 0.38)  static:quiet(0.8x) 
16:48:30  max=0.69 (cart 0.69, frontend 0.38)  static:quiet(0.8x) 
16:49:00  max=0.69 (cart 0.69, frontend 0.38)  static:quiet(1.0x) 
16:49:30  max=0.69 (cart 0.69, frontend 0.38)  static:quiet(1.0x) 
16:50:00  max=0.69 (cart 0.69, frontend 0.38)  static:quiet(0.9x) 
16:50:30  max=0.69 (cart 0.69, frontend 0.38)  static:quiet(1.6x) 
16:51:00  max=0.69 (cart 0.69, frontend 0.39)  static:quiet(1.4x) 
16:51:30  max=0.69 (cart 0.69, frontend 0.40)  static:quiet(1.2x) 
16:52:00  max=0.70 (cart 0.70, frontend 0.41)  static:quiet(0.8x) 
16:52:30  max=0.70 (cart 0.70, frontend 0.41)  static:quiet(0.9x) 
16:53:00  max=0.70 (cart 0.70, frontend 0.42)  static:quiet(0.9x) 
16:53:30  max=0.70 (cart 0.70, frontend 0.43)  static:quiet(0.9x) 
16:54:00  max=0.70 (cart 0.70, frontend 0.44)  static:quiet(0.8x) 
16:54:30  max=0.70 (cart 0.70, frontend 0.45)  static:quiet(0.8x) 
16:55:00  max=0.70 (cart 0.70, frontend 0.45)  static:quiet(0.8x) 
16:55:30  max=0.70 (cart 0.70, frontend 0.44)  static:quiet(0.8x) 
16:56:00  max=0.70 (cart 0.70, frontend 0.44)  static:quiet(0.8x) 
16:56:30  max=0.70 (cart 0.70, frontend 0.42)  static:quiet(0.9x) 
16:57:00  max=0.70 (cart 0.70, frontend 0.41)  static:quiet(0.8x) 
16:57:30  max=0.69 (cart 0.69, frontend 0.41)  static:quiet(0.9x) 
16:58:00  max=0.69 (cart 0.69, frontend 0.40)  static:quiet(0.9x) 
16:58:30  max=0.69 (cart 0.69, frontend 0.40)  static:quiet(0.9x) 
16:59:00  max=0.69 (cart 0.69, frontend 0.40)  static:quiet(0.8x) 
16:59:30  max=0.69 (cart 0.69, frontend 0.40)  static:quiet(0.8x) 
17:00:00  max=0.69 (cart 0.69, frontend 0.40)  static:quiet(0.8x) 
17:00:30  max=0.69 (cart 0.69, frontend 0.40)  static:quiet(0.9x) 
17:01:00  max=0.69 (cart 0.69, frontend 0.40)  static:quiet(0.9x) 
17:01:30  max=0.69 (cart 0.69, frontend 0.40)  static:quiet(1.1x) 
17:02:00  max=0.69 (cart 0.69, frontend 0.40)  static:quiet(1.1x) 
17:02:30  max=0.69 (cart 0.69, frontend 0.40)  static:quiet(1.2x) 
17:03:00  max=0.69 (cart 0.69, frontend 0.41)  static:quiet(1.1x) 
17:03:30  max=0.69 (cart 0.69, frontend 0.41)  static:quiet(0.9x) 
17:04:00  max=0.69 (cart 0.69, frontend 0.41)  static:quiet(0.9x) 
17:04:30  max=0.69 (cart 0.69, frontend 0.41)  static:quiet(0.9x) 
17:05:00  max=0.69 (cart 0.69, frontend 0.42)  static:quiet(0.9x) 
17:05:30  max=0.69 (cart 0.69, frontend 0.42)  static:quiet(0.9x) 
17:06:00  max=0.69 (cart 0.69, frontend 0.42)  static:quiet(0.9x) 
17:06:30  max=0.69 (cart 0.69, frontend 0.43)  static:quiet(0.9x) 
17:07:00  max=0.69 (cart 0.69, frontend 0.43)  static:quiet(0.9x) 
17:07:30  max=0.69 (cart 0.69, frontend 0.42)  static:quiet(0.8x) 
17:08:00  max=0.69 (cart 0.69, frontend 0.42)  static:quiet(0.8x) 
17:08:30  max=0.69 (cart 0.69, frontend 0.41)  static:quiet(0.8x) 
17:09:00  max=0.69 (cart 0.69, frontend 0.41)  static:quiet(0.9x) 
17:09:30  max=0.69 (cart 0.69, frontend 0.41)  static:quiet(0.9x) 
17:10:00  max=0.69 (cart 0.69, frontend 0.41)  static:quiet(0.9x) 
17:10:30  max=0.69 (cart 0.69, frontend 0.41)  static:quiet(0.9x) 
17:11:00  max=0.69 (cart 0.69, frontend 0.41)  static:quiet(0.9x) 
17:11:30  max=0.69 (cart 0.69, frontend 0.40)  static:quiet(0.9x) 
17:12:00  max=0.69 (cart 0.69, frontend 0.40)  static:quiet(0.9x) 
17:12:30  max=0.69 (cart 0.69, frontend 0.40)  static:quiet(0.9x) 
17:13:00  max=0.69 (cart 0.69, frontend 0.40)  static:quiet(0.8x) 
17:13:30  max=0.69 (cart 0.69, frontend 0.39)  static:quiet(0.8x) 
17:14:00  max=0.69 (cart 0.69, frontend 0.40)  static:quiet(0.8x) 
17:14:30  max=0.69 (cart 0.69, frontend 0.40)  static:quiet(0.9x) 
17:15:00  max=0.69 (cart 0.69, frontend 0.40)  static:quiet(0.9x) 
17:15:30  max=0.69 (cart 0.69, frontend 0.40)  static:quiet(0.8x) 
17:16:00  max=0.69 (cart 0.69, frontend 0.40)  static:quiet(0.8x) 
17:16:30  max=0.69 (cart 0.69, frontend 0.40)  static:quiet(0.8x) 
17:17:00  max=0.69 (cart 0.69, frontend 0.40)  static:quiet(0.8x) 
17:17:30  max=0.69 (cart 0.69, frontend 0.41)  static:quiet(0.8x) 
17:18:00  max=0.69 (cart 0.69, frontend 0.41)  static:quiet(0.8x) 
17:18:30  max=0.69 (cart 0.69, frontend 0.41)  static:quiet(0.8x) 
17:19:00  max=0.69 (cart 0.69, frontend 0.41)  static:quiet(0.8x) 
17:19:30  max=0.69 (cart 0.69, frontend 0.40)  static:quiet(0.8x) 
17:20:00  max=0.69 (cart 0.69, frontend 0.40)  static:quiet(0.8x) 
17:20:30  max=0.69 (cart 0.69, frontend 0.40)  static:quiet(0.8x) 
17:21:00  max=0.69 (cart 0.69, frontend 0.40)  static:quiet(0.9x) 
17:21:30  max=0.69 (cart 0.69, frontend 0.39)  static:quiet(0.9x) 
17:22:00  max=0.69 (cart 0.69, frontend 0.39)  static:quiet(0.9x) 
17:22:30  max=0.69 (cart 0.69, frontend 0.40)  static:quiet(1.0x) 
17:23:00  max=0.69 (cart 0.69, frontend 0.40)  static:quiet(1.0x) 
17:23:30  max=0.69 (cart 0.69, frontend 0.41)  static:quiet(0.9x) 
17:24:00  max=0.69 (cart 0.69, frontend 0.41)  static:quiet(0.8x) 
17:24:30  max=0.69 (cart 0.69, frontend 0.41)  static:quiet(0.8x) 
17:25:00  max=0.69 (cart 0.69, frontend 0.41)  static:quiet(0.8x) 
17:25:30  max=0.69 (cart 0.69, frontend 0.42)  static:quiet(0.9x) 
17:26:00  max=0.69 (cart 0.69, frontend 0.42)  static:quiet(0.9x) 
17:26:30  max=0.70 (cart 0.70, frontend 0.42)  static:quiet(0.9x) 
17:27:00  max=0.70 (cart 0.70, frontend 0.42)  static:quiet(0.8x) 
17:27:30  max=0.69 (cart 0.69, frontend 0.42)  static:quiet(0.8x) 
17:28:00  max=0.69 (cart 0.69, frontend 0.42)  static:quiet(0.8x) 
17:28:30  max=0.69 (cart 0.69, frontend 0.41)  static:quiet(0.8x) 
17:29:00  max=0.69 (cart 0.69, frontend 0.40)  static:quiet(0.8x) 
17:29:30  max=0.69 (cart 0.69, frontend 0.40)  static:quiet(0.8x) 
17:30:00  max=0.69 (cart 0.69, frontend 0.40)  static:quiet(0.8x) 
17:30:30  max=0.69 (cart 0.69, frontend 0.39)  static:quiet(0.8x) 
17:31:00  max=0.69 (cart 0.69, frontend 0.39)  static:quiet(0.8x) 
17:31:30  max=0.69 (cart 0.69, frontend 0.38)  static:quiet(0.7x) 
17:32:00  max=0.69 (cart 0.69, frontend 0.38)  static:quiet(0.8x) 
17:32:30  max=0.69 (cart 0.69, frontend 0.37)  static:quiet(0.8x) 
17:33:00  max=0.69 (cart 0.69, frontend 0.37)  static:quiet(0.8x) 
17:33:30  max=0.69 (cart 0.69, frontend 0.37)  static:quiet(0.8x) 
17:34:00  max=0.69 (cart 0.69, frontend 0.37)  static:quiet(0.8x) 
17:34:30  max=0.69 (cart 0.69, frontend 0.37)  static:quiet(0.8x) 
17:35:00  max=0.69 (cart 0.69, frontend 0.37)  static:quiet(0.8x) 
17:35:30  max=0.69 (cart 0.69, frontend 0.37)  static:quiet(0.8x) 
17:36:00  max=0.69 (cart 0.69, frontend 0.37)  static:quiet(0.8x) 
17:36:30  max=0.69 (cart 0.69, frontend 0.37)  static:quiet(0.8x) 
17:37:00  max=0.69 (cart 0.69, frontend 0.37)  static:quiet(0.8x) 
17:37:30  max=0.69 (cart 0.69, frontend 0.37)  static:quiet(0.8x) 
17:38:00  max=0.69 (cart 0.69, frontend 0.38)  static:quiet(0.8x) 
17:38:30  max=0.69 (cart 0.69, frontend 0.38)  static:quiet(0.8x) 
17:39:00  max=0.69 (cart 0.69, frontend 0.38)  static:quiet(0.8x) 
17:39:30  max=0.69 (cart 0.69, frontend 0.38)  static:quiet(0.8x) 
17:40:00  max=0.69 (cart 0.69, frontend 0.38)  static:quiet(0.8x) 
17:40:30  max=0.69 (cart 0.69, frontend 0.38)  static:quiet(0.8x) 
17:41:00  max=0.69 (cart 0.69, frontend 0.38)  static:quiet(0.7x) 
17:41:30  max=0.69 (cart 0.69, frontend 0.37)  static:quiet(0.7x) 
17:42:00  max=0.69 (cart 0.69, frontend 0.37)  static:quiet(0.7x) 
17:42:30  max=0.69 (cart 0.69, frontend 0.36)  static:quiet(0.8x) 
17:43:00  max=0.69 (cart 0.69, frontend 0.36)  static:quiet(0.8x) 
17:43:30  max=0.69 (cart 0.69, frontend 0.36)  static:quiet(0.8x) 
17:44:00  max=0.69 (cart 0.69, frontend 0.36)  static:quiet(0.8x) 
17:44:30  max=0.69 (cart 0.69, frontend 0.36)  static:quiet(0.8x) 
17:45:00  max=0.69 (cart 0.69, frontend 0.36)  static:quiet(0.8x) 
17:45:30  max=0.69 (cart 0.69, frontend 0.36)  static:quiet(0.8x) 
17:46:00  max=0.69 (cart 0.69, frontend 0.37)  static:quiet(0.8x) 
17:46:30  max=0.69 (cart 0.69, frontend 0.37)  static:quiet(0.8x) 
17:47:00  max=0.69 (cart 0.69, frontend 0.37)  static:quiet(0.8x) 
17:47:30  max=0.69 (cart 0.69, frontend 0.38)  static:quiet(0.8x) 
17:48:00  max=0.69 (cart 0.69, frontend 0.38)  static:quiet(0.9x) 
17:48:30  max=0.69 (cart 0.69, frontend 0.39)  static:quiet(0.9x) 
17:49:00  max=0.69 (cart 0.69, frontend 0.39)  static:quiet(0.9x) 
17:49:30  max=0.69 (cart 0.69, frontend 0.38)  static:quiet(0.8x) 
17:50:00  max=0.69 (cart 0.69, frontend 0.38)  static:quiet(0.8x) 
17:50:30  max=0.69 (cart 0.69, frontend 0.37)  static:quiet(0.8x) 
17:51:00  max=0.69 (cart 0.69, frontend 0.37)  static:quiet(0.8x) 
17:51:30  max=0.69 (cart 0.69, frontend 0.37)  static:quiet(0.8x) 
17:52:00  max=0.69 (cart 0.69, frontend 0.37)  static:quiet(0.8x) 
17:52:30  max=0.68 (cart 0.68, frontend 0.37)  static:quiet(0.8x) 
17:53:00  max=0.69 (cart 0.69, frontend 0.37)  static:quiet(0.8x) 
17:53:30  max=0.69 (cart 0.69, frontend 0.37)  static:quiet(0.8x) 
17:54:00  max=0.68 (cart 0.68, frontend 0.37)  static:quiet(0.8x) 
17:54:30  max=0.69 (cart 0.69, frontend 0.38)  static:quiet(0.8x) 
17:55:00  max=0.68 (cart 0.68, frontend 0.38)  static:quiet(0.8x) 
17:55:30  max=0.69 (cart 0.69, frontend 0.38)  static:quiet(0.8x) 
17:56:00  max=0.69 (cart 0.69, frontend 0.38)  static:quiet(0.8x) 
17:56:30  max=0.69 (cart 0.69, frontend 0.38)  static:quiet(0.7x) 
17:57:00  max=0.69 (cart 0.69, frontend 0.38)  static:quiet(0.8x) 
17:57:30  max=0.69 (cart 0.69, frontend 0.38)  static:quiet(0.8x) 
17:58:00  max=0.68 (cart 0.68, frontend 0.38)  static:quiet(0.8x) 
17:58:30  max=0.68 (cart 0.68, frontend 0.38)  static:quiet(0.8x) 
17:59:00  max=0.68 (cart 0.68, frontend 0.38)  static:quiet(0.8x) 
17:59:30  max=0.68 (cart 0.68, frontend 0.38)  static:quiet(0.8x) 
18:00:00  max=0.68 (cart 0.68, frontend 0.38)  static:quiet(0.7x) 
18:00:30  max=0.68 (cart 0.68, frontend 0.38)  static:quiet(0.8x) 
18:01:00  max=0.68 (cart 0.68, frontend 0.38)  static:quiet(0.8x) 
18:01:30  max=0.68 (cart 0.68, frontend 0.39)  static:quiet(0.9x) 
18:02:00  max=0.68 (cart 0.68, frontend 0.39)  static:quiet(0.8x) 
18:02:30  max=0.68 (cart 0.68, frontend 0.40)  static:quiet(0.8x) 
18:03:00  max=0.68 (cart 0.68, frontend 0.40)  static:quiet(0.8x) 
18:03:30  max=0.68 (cart 0.68, frontend 0.39)  static:quiet(0.8x) 
18:04:00  max=0.68 (cart 0.68, frontend 0.39)  static:quiet(0.8x) 
18:04:30  max=0.69 (cart 0.69, frontend 0.39)  static:quiet(0.8x) 
18:05:00  max=0.69 (cart 0.69, frontend 0.39)  static:quiet(0.8x) 
18:05:30  max=0.69 (cart 0.69, frontend 0.39)  static:quiet(0.7x) 
18:06:00  max=0.69 (cart 0.69, frontend 0.39)  static:quiet(0.8x) 
18:06:30  max=0.69 (cart 0.69, frontend 0.40)  static:quiet(0.8x) 
18:07:00  max=0.69 (cart 0.69, frontend 0.40)  static:quiet(0.8x) 
18:07:30  max=0.69 (cart 0.69, frontend 0.40)  static:quiet(0.8x) 
18:08:00  max=0.69 (cart 0.69, frontend 0.39)  static:quiet(0.8x) 
18:08:30  max=0.68 (cart 0.68, frontend 0.39)  static:quiet(0.8x) 
18:09:00  max=0.68 (cart 0.68, frontend 0.39)  static:quiet(0.8x) 
18:09:30  max=0.68 (cart 0.68, frontend 0.39)  static:quiet(0.8x) 
18:10:00  max=0.68 (cart 0.68, frontend 0.39)  static:quiet(0.8x) 
18:10:30  max=0.68 (cart 0.68, frontend 0.39)  static:quiet(0.9x) 
18:11:00  max=0.68 (cart 0.68, frontend 0.39)  static:quiet(0.8x) 
18:11:30  max=0.68 (cart 0.68, frontend 0.40)  static:quiet(0.8x) 
18:12:00  max=0.68 (cart 0.68, frontend 0.40)  static:quiet(0.8x) 
18:12:30  max=0.68 (cart 0.68, frontend 0.40)  static:quiet(0.9x) 
18:13:00  max=0.68 (cart 0.68, frontend 0.40)  static:quiet(0.8x) 
18:13:30  max=0.69 (cart 0.69, frontend 0.40)  static:quiet(0.8x) 
18:14:00  max=0.69 (cart 0.69, frontend 0.40)  static:quiet(0.8x) 
18:14:30  max=0.69 (cart 0.69, frontend 0.41)  static:quiet(0.9x) 
18:15:00  max=0.69 (cart 0.69, frontend 0.41)  static:quiet(0.9x) 
18:15:30  max=0.69 (cart 0.69, frontend 0.41)  static:quiet(0.8x) 
18:16:00  max=0.69 (cart 0.69, frontend 0.41)  static:quiet(0.8x) 
18:16:30  max=0.68 (cart 0.68, frontend 0.40)  static:quiet(0.7x) 
18:17:00  max=0.68 (cart 0.68, frontend 0.40)  static:quiet(0.8x) 
18:17:30  max=0.68 (cart 0.68, frontend 0.40)  static:quiet(0.8x) 
18:18:00  max=0.68 (cart 0.68, frontend 0.40)  static:quiet(0.8x) 
18:18:30  max=0.69 (cart 0.69, frontend 0.40)  static:quiet(0.8x) 
18:19:00  max=0.69 (cart 0.69, frontend 0.40)  static:quiet(0.8x) 
18:19:30  max=0.69 (cart 0.69, frontend 0.40)  static:quiet(0.9x) 
18:20:00  max=0.69 (cart 0.69, frontend 0.40)  static:quiet(0.8x) 
18:20:30  max=0.69 (cart 0.69, frontend 0.40)  static:quiet(0.8x) 
18:21:00  max=0.69 (cart 0.69, frontend 0.40)  static:quiet(0.8x) 
18:21:30  max=0.69 (cart 0.69, frontend 0.40)  static:quiet(0.9x) 
18:22:00  max=0.69 (cart 0.69, frontend 0.40)  static:quiet(0.8x) 
18:22:30  max=0.69 (cart 0.69, frontend 0.40)  static:quiet(0.8x) 
18:23:00  max=0.69 (cart 0.69, frontend 0.40)  static:quiet(0.8x) 
18:23:30  max=0.68 (cart 0.68, frontend 0.40)  static:quiet(0.8x) 
18:24:00  max=0.68 (cart 0.68, frontend 0.40)  static:quiet(0.8x) 
18:24:30  max=0.68 (cart 0.68, frontend 0.39)  static:quiet(0.8x) 
18:25:00  max=0.68 (cart 0.68, frontend 0.39)  static:quiet(0.8x) 
18:25:30  max=0.68 (cart 0.68, frontend 0.39)  static:quiet(0.7x) 
18:26:00  max=0.69 (cart 0.69, frontend 0.39)  static:quiet(0.7x) 
18:26:30  max=0.69 (cart 0.69, frontend 0.39)  static:quiet(0.8x) 
18:27:00  max=0.69 (cart 0.69, frontend 0.39)  static:quiet(0.8x) 
18:27:30  max=0.69 (cart 0.69, frontend 0.39)  static:quiet(0.8x) 
18:28:00  max=0.69 (cart 0.69, frontend 0.39)  static:quiet(0.8x) 
18:28:30  max=0.69 (cart 0.69, frontend 0.40)  static:quiet(0.8x) 
18:29:00  max=0.69 (cart 0.69, frontend 0.39)  static:quiet(0.8x) 
18:29:30  max=0.68 (cart 0.68, frontend 0.39)  static:quiet(0.8x) 
18:30:00  max=0.68 (cart 0.68, frontend 0.39)  static:quiet(0.8x) 
18:30:30  max=0.68 (cart 0.68, frontend 0.39)  static:quiet(0.8x) 
18:31:00  max=0.68 (cart 0.68, frontend 0.38)  static:quiet(0.8x) 
18:31:30  max=0.69 (cart 0.69, frontend 0.38)  static:quiet(0.8x) 
18:32:00  max=0.69 (cart 0.69, frontend 0.39)  static:quiet(0.8x) 
18:32:30  max=0.69 (cart 0.69, frontend 0.39)  static:quiet(0.8x) 
18:33:00  max=0.69 (cart 0.69, frontend 0.39)  static:quiet(0.8x) 
18:33:30  max=0.69 (cart 0.69, frontend 0.40)  static:quiet(0.8x) 
18:34:00  max=0.69 (cart 0.69, frontend 0.41)  static:quiet(0.8x) 
18:34:30  max=0.69 (cart 0.69, frontend 0.41)  static:quiet(0.9x) 
18:35:00  max=0.69 (cart 0.69, frontend 0.41)  static:quiet(0.9x) 
18:35:30  max=0.69 (cart 0.69, frontend 0.41)  static:quiet(0.9x) 
18:36:00  max=0.69 (cart 0.69, frontend 0.40)  static:quiet(0.8x) 
18:36:30  max=0.69 (cart 0.69, frontend 0.40)  static:quiet(0.8x) 
18:37:00  max=0.69 (cart 0.69, frontend 0.41)  static:quiet(1.0x) 
18:37:30  max=0.69 (cart 0.69, frontend 0.41)  static:quiet(1.1x) 
18:38:00  max=0.69 (cart 0.69, frontend 0.41)  static:quiet(1.1x) 
18:38:30  max=0.69 (cart 0.69, frontend 0.42)  static:quiet(0.8x) 
18:39:00  max=0.69 (cart 0.69, frontend 0.42)  static:quiet(0.8x) 
18:39:30  max=0.69 (cart 0.69, frontend 0.42)  static:quiet(0.8x) 
18:40:00  max=0.69 (cart 0.69, frontend 0.42)  static:quiet(0.8x) 
18:40:30  max=0.69 (cart 0.69, frontend 0.42)  static:quiet(0.8x) 
18:41:00  max=0.69 (cart 0.69, frontend 0.41)  static:quiet(0.8x) 
18:41:30  max=0.69 (cart 0.69, frontend 0.41)  static:quiet(0.8x) 
18:42:00  max=0.69 (cart 0.69, frontend 0.42)  static:quiet(0.8x) 
18:42:30  max=0.69 (cart 0.69, frontend 0.42)  static:quiet(0.8x) 
18:43:00  max=0.69 (cart 0.69, frontend 0.41)  static:quiet(0.8x) 
18:43:30  max=0.69 (cart 0.69, frontend 0.39)  static:quiet(0.8x) 
18:44:00  max=0.69 (cart 0.69, frontend 0.38)  static:quiet(0.8x) 
18:44:30  max=0.68 (cart 0.68, frontend 0.38)  static:quiet(0.8x) 
18:45:00  max=0.68 (cart 0.68, frontend 0.38)  static:quiet(0.8x) 
18:45:30  max=0.68 (cart 0.68, frontend 0.38)  static:quiet(0.8x) 
18:46:00  max=0.68 (cart 0.68, frontend 0.37)  static:quiet(0.7x) 
18:46:30  max=0.68 (cart 0.68, frontend 0.37)  static:quiet(0.8x) 
18:47:00  max=0.68 (cart 0.68, frontend 0.37)  static:quiet(0.8x) 
18:47:30  max=0.68 (cart 0.68, frontend 0.37)  static:quiet(0.8x) 
18:48:00  max=0.68 (cart 0.68, frontend 0.37)  static:quiet(0.8x) 
18:48:30  max=0.68 (cart 0.68, frontend 0.37)  static:quiet(0.8x) 
18:49:00  max=0.68 (cart 0.68, frontend 0.37)  static:quiet(0.8x) 
18:49:30  max=0.68 (cart 0.68, frontend 0.37)  static:quiet(0.7x) 
18:50:00  max=0.68 (cart 0.68, frontend 0.37)  static:quiet(0.7x) 
18:50:30  max=0.68 (cart 0.68, frontend 0.36)  static:quiet(0.7x) 
18:51:00  max=0.68 (cart 0.68, frontend 0.36)  static:quiet(0.7x) 
18:51:30  max=0.68 (cart 0.68, frontend 0.36)  static:quiet(0.8x) 
18:52:00  max=0.68 (cart 0.68, frontend 0.36)  static:quiet(0.7x) 
18:52:30  max=0.68 (cart 0.68, frontend 0.36)  static:quiet(0.7x) 
18:53:00  max=0.68 (cart 0.68, frontend 0.36)  static:quiet(0.7x) 
18:53:30  max=0.68 (cart 0.68, frontend 0.35)  static:quiet(0.7x) 
18:54:00  max=0.68 (cart 0.68, frontend 0.35)  static:quiet(0.8x) 
18:54:30  max=0.68 (cart 0.68, frontend 0.35)  static:quiet(0.8x) 
18:55:00  max=0.68 (cart 0.68, frontend 0.35)  static:quiet(0.8x) 
18:55:30  max=0.68 (cart 0.68, frontend 0.35)  static:quiet(0.8x) 
18:56:00  max=0.68 (cart 0.68, frontend 0.36)  static:quiet(0.8x) 
18:56:30  max=0.68 (cart 0.68, frontend 0.36)  static:quiet(0.7x) 
18:57:00  max=0.68 (cart 0.68, frontend 0.35)  static:quiet(0.7x) 
18:57:30  max=0.68 (cart 0.68, frontend 0.35)  static:quiet(0.7x) 
18:58:00  max=0.68 (cart 0.68, frontend 0.35)  static:quiet(0.7x) 
18:58:30  max=0.68 (cart 0.68, frontend 0.36)  static:quiet(0.8x) 
18:59:00  max=0.68 (cart 0.68, frontend 0.36)  static:quiet(0.8x) 
18:59:30  max=0.68 (cart 0.68, frontend 0.36)  static:quiet(0.8x) 
19:00:00  max=0.68 (cart 0.68, frontend 0.36)  static:quiet(0.7x) 
19:00:30  max=0.68 (cart 0.68, frontend 0.36)  static:quiet(0.8x) 
19:01:00  max=0.68 (cart 0.68, frontend 0.36)  static:quiet(0.8x) 
19:01:30  max=0.68 (cart 0.68, frontend 0.36)  static:quiet(0.8x) 
19:02:00  max=0.68 (cart 0.68, frontend 0.36)  static:quiet(0.8x) 
19:02:30  max=0.68 (cart 0.68, frontend 0.36)  static:quiet(0.8x) 
19:03:00  max=0.68 (cart 0.68, frontend 0.37)  static:quiet(0.8x) 
19:03:30  max=0.68 (cart 0.68, frontend 0.37)  static:quiet(0.8x) 
19:04:00  max=0.68 (cart 0.68, frontend 0.37)  static:quiet(0.8x) 
19:04:30  max=0.68 (cart 0.68, frontend 0.37)  static:quiet(0.7x) 
19:05:00  max=0.68 (cart 0.68, frontend 0.37)  static:quiet(0.8x) 
19:05:30  max=0.68 (cart 0.68, frontend 0.37)  static:quiet(0.8x) 
19:06:00  max=0.69 (cart 0.69, frontend 0.37)  static:quiet(0.8x) 
19:06:30  max=0.69 (cart 0.69, frontend 0.37)  static:quiet(0.7x) 
19:07:00  max=0.69 (cart 0.69, frontend 0.37)  static:quiet(0.7x) 
19:07:30  max=0.69 (cart 0.69, frontend 0.37)  static:quiet(0.7x) 
19:08:00  max=0.69 (cart 0.69, frontend 0.37)  static:quiet(0.7x) 
19:08:30  max=0.68 (cart 0.68, frontend 0.37)  static:quiet(0.8x) 
19:09:00  max=0.68 (cart 0.68, frontend 0.37)  static:quiet(0.8x) 
19:09:30  max=0.68 (cart 0.68, frontend 0.37)  static:quiet(0.8x) 
19:10:00  max=0.68 (cart 0.68, frontend 0.37)  static:quiet(0.8x) 
19:10:30  max=0.68 (cart 0.68, frontend 0.37)  static:quiet(0.8x) 
19:11:00  max=0.68 (cart 0.68, frontend 0.37)  static:quiet(0.8x) 
19:11:30  max=0.68 (cart 0.68, frontend 0.37)  static:quiet(0.8x) 
19:12:00  max=0.68 (cart 0.68, frontend 0.36)  static:quiet(0.7x) 
19:12:30  max=0.68 (cart 0.68, frontend 0.37)  static:quiet(0.7x) 
19:13:00  max=0.68 (cart 0.68, frontend 0.37)  static:quiet(0.7x) 
19:13:30  max=0.68 (cart 0.68, frontend 0.37)  static:quiet(0.8x) 
19:14:00  max=0.68 (cart 0.68, frontend 0.37)  static:quiet(0.8x) 
19:14:30  max=0.68 (cart 0.68, frontend 0.37)  static:quiet(0.7x) 
19:15:00  max=0.68 (cart 0.68, frontend 0.37)  static:quiet(0.7x) 
19:15:30  max=0.68 (cart 0.68, frontend 0.37)  static:quiet(0.8x) 
19:16:00  max=0.68 (cart 0.68, frontend 0.37)  static:quiet(0.8x) 
19:16:30  max=0.68 (cart 0.68, frontend 0.37)  static:quiet(0.8x) 
19:17:00  max=0.68 (cart 0.68, frontend 0.36)  static:quiet(0.7x) 
19:17:30  max=0.68 (cart 0.68, frontend 0.36)  static:quiet(0.7x) 
19:18:00  max=0.68 (cart 0.68, frontend 0.36)  static:quiet(0.7x) 
19:18:30  max=0.68 (cart 0.68, frontend 0.36)  static:quiet(0.7x) 
19:19:00  max=0.68 (cart 0.68, frontend 0.36)  static:quiet(0.7x) 
19:19:30  max=0.68 (cart 0.68, frontend 0.35)  static:quiet(0.8x) 
19:20:00  max=0.68 (cart 0.68, frontend 0.35)  static:quiet(0.8x) 
19:20:30  max=0.68 (cart 0.68, frontend 0.35)  static:quiet(0.8x) 
19:21:00  max=0.68 (cart 0.68, frontend 0.36)  static:quiet(0.8x) 
19:21:30  max=0.68 (cart 0.68, frontend 0.36)  static:quiet(0.8x) 
19:22:00  max=0.68 (cart 0.68, frontend 0.36)  static:quiet(0.8x) 
19:22:30  max=0.68 (cart 0.68, frontend 0.36)  static:quiet(0.8x) 
19:23:00  max=0.68 (cart 0.68, frontend 0.37)  static:quiet(0.8x) 
19:23:30  max=0.68 (cart 0.68, frontend 0.37)  static:quiet(0.7x) 
19:24:00  max=0.68 (cart 0.68, frontend 0.37)  static:quiet(0.7x) 
19:24:30  max=0.68 (cart 0.68, frontend 0.37)  static:quiet(0.8x) 
19:25:00  max=0.68 (cart 0.68, frontend 0.36)  static:quiet(0.7x) 
19:25:30  max=0.68 (cart 0.68, frontend 0.36)  static:quiet(0.7x) 
19:26:00  max=0.68 (cart 0.68, frontend 0.36)  static:quiet(0.7x) 
19:26:30  max=0.68 (cart 0.68, frontend 0.36)  static:quiet(0.7x) 
19:27:00  max=0.68 (cart 0.68, frontend 0.36)  static:quiet(0.7x) 
19:27:30  max=0.68 (cart 0.68, frontend 0.36)  static:quiet(0.7x) 
19:28:00  max=0.68 (cart 0.68, frontend 0.36)  static:quiet(0.7x) 
19:28:30  max=0.68 (cart 0.68, frontend 0.35)  static:quiet(0.7x) 
19:29:00  max=0.68 (cart 0.68, frontend 0.35)  static:quiet(0.7x) 
19:29:30  max=0.68 (cart 0.68, frontend 0.35)  static:quiet(0.7x) 
19:30:00  max=0.68 (cart 0.68, frontend 0.34)  static:quiet(0.7x) 
19:30:30  max=0.68 (cart 0.68, frontend 0.34)  static:quiet(0.7x) 
19:31:00  max=0.68 (cart 0.68, frontend 0.34)  static:quiet(0.7x) 
19:31:30  max=0.68 (cart 0.68, frontend 0.34)  static:quiet(0.7x) 
19:32:00  max=0.68 (cart 0.68, frontend 0.34)  static:quiet(0.7x) 
19:32:30  max=0.68 (cart 0.68, frontend 0.34)  static:quiet(0.7x) 
19:33:00  max=0.68 (cart 0.68, frontend 0.34)  static:quiet(0.7x) 
19:33:30  max=0.68 (cart 0.68, frontend 0.34)  static:quiet(0.7x) 
19:34:00  max=0.68 (cart 0.68, frontend 0.34)  static:quiet(0.7x) 
19:34:30  max=0.68 (cart 0.68, frontend 0.35)  static:quiet(0.7x) 
19:35:00  max=0.68 (cart 0.68, frontend 0.35)  static:quiet(0.7x) 
19:35:30  max=0.68 (cart 0.68, frontend 0.35)  static:quiet(0.7x) 
19:36:00  max=0.68 (cart 0.68, frontend 0.35)  static:quiet(0.8x) 
19:36:30  max=0.68 (cart 0.68, frontend 0.35)  static:quiet(0.7x) 
19:37:00  max=0.68 (cart 0.68, frontend 0.36)  static:quiet(0.7x) 
19:37:30  max=0.68 (cart 0.68, frontend 0.36)  static:quiet(0.7x) 
19:38:00  max=0.68 (cart 0.68, frontend 0.36)  static:quiet(0.8x) 
19:38:30  max=0.68 (cart 0.68, frontend 0.36)  static:quiet(0.8x) 
19:39:00  max=0.68 (cart 0.68, frontend 0.36)  static:quiet(0.8x) 
19:39:30  max=0.68 (cart 0.68, frontend 0.36)  static:quiet(0.7x) 
19:40:00  max=0.68 (cart 0.68, frontend 0.36)  static:quiet(0.7x) 
19:40:30  max=0.68 (cart 0.68, frontend 0.37)  static:quiet(0.7x) 
19:41:00  max=0.68 (cart 0.68, frontend 0.37)  static:quiet(0.7x) 
19:41:30  max=0.68 (cart 0.68, frontend 0.37)  static:quiet(0.7x) 
19:42:00  max=0.68 (cart 0.68, frontend 0.36)  static:quiet(0.7x) 
19:42:30  max=0.68 (cart 0.68, frontend 0.36)  static:quiet(0.7x) 
19:43:00  max=0.68 (cart 0.68, frontend 0.36)  static:quiet(0.7x) 
19:43:30  max=0.68 (cart 0.68, frontend 0.36)  static:quiet(0.7x) 
19:44:00  max=0.68 (cart 0.68, frontend 0.36)  static:quiet(0.7x) 
19:44:30  max=0.68 (cart 0.68, frontend 0.36)  static:quiet(0.7x) 
19:45:00  max=0.68 (cart 0.68, frontend 0.36)  static:quiet(0.7x) 
19:45:30  max=0.68 (cart 0.68, frontend 0.35)  static:quiet(0.7x) 
19:46:00  max=0.68 (cart 0.68, frontend 0.35)  static:quiet(0.7x) 
19:46:30  max=0.68 (cart 0.68, frontend 0.35)  static:quiet(0.7x) 
19:47:00  max=0.68 (cart 0.68, frontend 0.36)  static:quiet(0.7x) 
19:47:30  max=0.68 (cart 0.68, frontend 0.36)  static:quiet(0.7x) 
19:48:00  max=0.68 (cart 0.68, frontend 0.36)  static:quiet(0.7x) 
19:48:30  max=0.68 (cart 0.68, frontend 0.36)  static:quiet(0.7x) 
19:49:00  max=0.68 (cart 0.68, frontend 0.36)  static:quiet(0.7x) 
19:49:30  max=0.68 (cart 0.68, frontend 0.36)  static:quiet(0.7x) 
19:50:00  max=0.68 (cart 0.68, frontend 0.36)  static:quiet(0.7x) 
19:50:30  max=0.68 (cart 0.68, frontend 0.36)  static:quiet(0.7x) 
19:51:00  max=0.68 (cart 0.68, frontend 0.36)  static:quiet(0.7x) 
19:51:30  max=0.68 (cart 0.68, frontend 0.36)  static:quiet(0.7x) 
19:52:00  max=0.68 (cart 0.68, frontend 0.36)  static:quiet(0.7x) 
19:52:30  max=0.68 (cart 0.68, frontend 0.36)  static:quiet(0.7x) 
19:53:00  max=0.68 (cart 0.68, frontend 0.36)  static:quiet(0.7x) 
19:53:30  max=0.68 (cart 0.68, frontend 0.35)  static:quiet(0.7x) 
19:54:00  max=0.68 (cart 0.68, frontend 0.35)  static:quiet(0.7x) 
19:54:30  max=0.68 (cart 0.68, frontend 0.35)  static:quiet(0.7x) 
19:55:00  max=0.68 (cart 0.68, frontend 0.35)  static:quiet(0.7x) 
19:55:30  max=0.68 (cart 0.68, frontend 0.35)  static:quiet(0.7x) 
19:56:00  max=0.68 (cart 0.68, frontend 0.35)  static:quiet(0.7x) 
19:56:30  max=0.68 (cart 0.68, frontend 0.35)  static:quiet(0.7x) 
19:57:00  max=0.68 (cart 0.68, frontend 0.35)  static:quiet(0.7x) 
19:57:30  max=0.68 (cart 0.68, frontend 0.35)  static:quiet(0.7x) 
19:58:00  max=0.68 (cart 0.68, frontend 0.35)  static:quiet(0.7x) 
19:58:30  max=0.68 (cart 0.68, frontend 0.35)  static:quiet(0.7x) 
19:59:00  max=0.68 (cart 0.68, frontend 0.35)  static:quiet(0.7x) 
19:59:30  max=0.68 (cart 0.68, frontend 0.35)  static:quiet(0.7x) 
20:00:00  max=0.68 (cart 0.68, frontend 0.35)  static:quiet(0.7x) 
20:00:30  max=0.68 (cart 0.68, frontend 0.35)  static:quiet(0.7x) 
20:01:00  max=0.68 (cart 0.68, frontend 0.35)  static:quiet(0.7x) 
20:01:30  max=0.68 (cart 0.68, frontend 0.35)  static:quiet(0.7x) 
20:02:00  max=0.68 (cart 0.68, frontend 0.35)  static:quiet(0.7x) 
20:02:30  max=0.68 (cart 0.68, frontend 0.35)  static:quiet(0.7x) 
20:03:00  max=0.68 (cart 0.68, frontend 0.35)  static:quiet(0.8x) 
20:03:30  max=0.68 (cart 0.68, frontend 0.35)  static:quiet(0.8x) 
20:04:00  max=0.68 (cart 0.68, frontend 0.35)  static:quiet(0.8x) 
20:04:30  max=0.68 (cart 0.68, frontend 0.35)  static:quiet(0.7x) 
20:05:00  max=0.68 (cart 0.68, frontend 0.35)  static:quiet(0.7x) 
20:05:30  max=0.68 (cart 0.68, frontend 0.35)  static:quiet(0.7x) 
20:06:00  max=0.68 (cart 0.68, frontend 0.35)  static:quiet(0.7x) 
20:06:30  max=0.68 (cart 0.68, frontend 0.35)  static:quiet(0.7x) 
20:07:00  max=0.68 (cart 0.68, frontend 0.35)  static:quiet(0.7x) 
20:07:30  max=0.68 (cart 0.68, frontend 0.35)  static:quiet(0.7x) 
20:08:00  max=0.68 (cart 0.68, frontend 0.35)  static:quiet(0.7x) 
20:08:30  max=0.68 (cart 0.68, frontend 0.35)  static:quiet(0.7x) 
20:09:00  max=0.68 (cart 0.68, frontend 0.35)  static:quiet(0.7x) 
20:09:30  max=0.68 (cart 0.68, frontend 0.35)  static:quiet(0.7x) 
20:10:00  max=0.68 (cart 0.68, frontend 0.35)  static:quiet(0.7x) 
20:10:30  max=0.68 (cart 0.68, frontend 0.35)  static:quiet(0.7x) 
20:11:00  max=0.68 (cart 0.68, frontend 0.35)  static:quiet(0.7x) 
20:11:30  max=0.68 (cart 0.68, frontend 0.35)  static:quiet(0.7x) 
20:12:00  max=0.68 (cart 0.68, frontend 0.35)  static:quiet(0.7x) 
20:12:30  max=0.68 (cart 0.68, frontend 0.35)  static:quiet(0.7x) 
20:13:00  max=0.68 (cart 0.68, frontend 0.35)  static:quiet(0.7x) 
20:13:30  max=0.68 (cart 0.68, frontend 0.35)  static:quiet(0.7x) 
20:14:00  max=0.68 (cart 0.68, frontend 0.35)  static:quiet(0.7x) 
20:14:30  max=0.68 (cart 0.68, frontend 0.35)  static:quiet(0.7x) 
20:15:00  max=0.68 (cart 0.68, frontend 0.35)  static:quiet(0.7x) 
20:15:30  max=0.68 (cart 0.68, frontend 0.35)  static:quiet(0.7x) 
20:16:00  max=0.68 (cart 0.68, frontend 0.35)  static:quiet(0.7x) 
20:16:30  max=0.68 (cart 0.68, frontend 0.35)  static:quiet(0.7x) 
20:17:00  max=0.68 (cart 0.68, frontend 0.35)  static:quiet(0.7x) 
20:17:30  max=0.68 (cart 0.68, frontend 0.35)  static:quiet(0.7x) 
20:18:00  max=0.68 (cart 0.68, frontend 0.35)  static:quiet(0.7x) 
20:18:30  max=0.68 (cart 0.68, frontend 0.35)  static:quiet(0.7x) 
20:19:00  max=0.68 (cart 0.68, frontend 0.35)  static:quiet(0.7x) 
20:19:30  max=0.68 (cart 0.68, frontend 0.35)  static:quiet(0.7x) 
20:20:00  max=0.68 (cart 0.68, frontend 0.35)  static:quiet(0.7x) 
20:20:30  max=0.68 (cart 0.68, frontend 0.35)  static:quiet(0.7x) 
20:21:00  max=0.68 (cart 0.68, frontend 0.35)  static:quiet(0.7x) 
20:21:30  max=0.68 (cart 0.68, frontend 0.35)  static:quiet(0.8x) 
20:22:00  max=0.68 (cart 0.68, frontend 0.35)  static:quiet(0.8x) 
20:22:30  max=0.68 (cart 0.68, frontend 0.35)  static:quiet(0.8x) 
20:23:00  max=0.68 (cart 0.68, frontend 0.35)  static:quiet(0.7x) 
20:23:30  max=0.68 (cart 0.68, frontend 0.35)  static:quiet(0.7x) 
20:24:00  max=0.68 (cart 0.68, frontend 0.35)  static:quiet(0.7x) 
20:24:30  max=0.68 (cart 0.68, frontend 0.35)  static:quiet(0.7x) 
20:25:00  max=0.68 (cart 0.68, frontend 0.35)  static:quiet(0.7x) 
20:25:30  max=0.68 (cart 0.68, frontend 0.35)  static:quiet(0.7x) 
20:26:00  max=0.68 (cart 0.68, frontend 0.35)  static:quiet(0.7x) 
20:26:30  max=0.68 (cart 0.68, frontend 0.35)  static:quiet(0.8x) 
20:27:00  max=0.68 (cart 0.68, frontend 0.36)  static:quiet(0.8x) 
20:27:30  max=0.68 (cart 0.68, frontend 0.36)  static:quiet(0.8x) 
20:28:00  max=0.68 (cart 0.68, frontend 0.35)  static:quiet(0.7x) 
20:28:30  max=0.68 (cart 0.68, frontend 0.35)  static:quiet(0.7x) 
20:29:00  max=0.68 (cart 0.68, frontend 0.36)  static:quiet(0.7x) 
20:29:30  max=0.68 (cart 0.68, frontend 0.36)  static:quiet(0.7x) 
20:30:00  max=0.68 (cart 0.68, frontend 0.36)  static:quiet(0.7x) 
20:30:30  max=0.68 (cart 0.68, frontend 0.36)  static:quiet(0.7x) 
20:31:00  max=0.68 (cart 0.68, frontend 0.36)  static:quiet(0.7x) 
20:31:30  max=0.68 (cart 0.68, frontend 0.36)  static:quiet(0.7x) 
20:32:00  max=0.68 (cart 0.68, frontend 0.36)  static:quiet(0.7x) 
20:32:30  max=0.68 (cart 0.68, frontend 0.36)  static:quiet(0.7x) 
20:33:00  max=0.68 (cart 0.68, frontend 0.36)  static:quiet(0.7x) 
20:33:30  max=0.68 (cart 0.68, frontend 0.36)  static:quiet(0.7x) 
20:34:00  max=0.68 (cart 0.68, frontend 0.36)  static:quiet(0.7x) 
20:34:30  max=0.68 (cart 0.68, frontend 0.36)  static:quiet(0.7x) 
20:35:00  max=0.68 (cart 0.68, frontend 0.36)  static:quiet(0.7x) 
20:35:30  max=0.68 (cart 0.68, frontend 0.36)  static:quiet(0.7x) 
20:36:00  max=0.68 (cart 0.68, frontend 0.36)  static:quiet(0.7x) 
20:36:30  max=0.68 (cart 0.68, frontend 0.36)  static:quiet(0.7x) 
20:37:00  max=0.68 (cart 0.68, frontend 0.36)  static:quiet(0.7x) 
20:37:30  max=0.68 (cart 0.68, frontend 0.35)  static:quiet(0.7x) 
20:38:00  max=0.68 (cart 0.68, frontend 0.35)  static:quiet(0.7x) 
20:38:30  max=0.68 (cart 0.68, frontend 0.36)  static:quiet(0.7x) 
20:39:00  max=0.68 (cart 0.68, frontend 0.36)  static:quiet(0.7x) 
20:39:30  max=0.68 (cart 0.68, frontend 0.36)  static:quiet(0.7x) 
20:40:00  max=0.68 (cart 0.68, frontend 0.36)  static:quiet(0.7x) 
20:40:30  max=0.68 (cart 0.68, frontend 0.36)  static:quiet(0.7x) 
20:41:00  max=0.69 (cart 0.69, frontend 0.36)  static:quiet(0.7x) 
20:41:30  max=0.69 (cart 0.69, frontend 0.36)  static:quiet(0.7x) 
20:42:00  max=0.69 (cart 0.69, frontend 0.36)  static:quiet(0.8x) 
20:42:30  max=0.69 (cart 0.69, frontend 0.36)  static:quiet(0.7x) 
20:43:00  max=0.69 (cart 0.69, frontend 0.36)  static:quiet(0.7x) 
20:43:30  max=0.69 (cart 0.69, frontend 0.36)  static:quiet(0.7x) 
20:44:00  max=0.68 (cart 0.68, frontend 0.36)  static:quiet(0.7x) 
20:44:30  max=0.68 (cart 0.68, frontend 0.36)  static:quiet(0.7x) 
20:45:00  max=0.68 (cart 0.68, frontend 0.35)  static:quiet(0.7x) 
20:45:30  max=0.68 (cart 0.68, frontend 0.35)  static:quiet(0.7x) 
20:46:00  max=0.68 (cart 0.68, frontend 0.35)  static:quiet(0.7x) 
20:46:30  max=0.68 (cart 0.68, frontend 0.35)  static:quiet(0.7x) 
20:47:00  max=0.68 (cart 0.68, frontend 0.35)  static:quiet(0.7x) 
20:47:30  max=0.68 (cart 0.68, frontend 0.35)  static:quiet(0.7x) 
20:48:00  max=0.68 (cart 0.68, frontend 0.35)  static:quiet(0.8x) 
20:48:30  max=0.68 (cart 0.68, frontend 0.35)  static:quiet(0.7x) 
20:49:00  max=0.68 (cart 0.68, frontend 0.35)  static:quiet(0.7x) 
20:49:30  max=0.68 (cart 0.68, frontend 0.35)  static:quiet(0.7x) 
20:50:00  max=0.68 (cart 0.68, frontend 0.36)  static:quiet(0.8x) 
20:50:30  max=0.68 (cart 0.68, frontend 0.36)  static:quiet(0.8x) 
20:51:00  max=0.68 (cart 0.68, frontend 0.36)  static:quiet(0.8x) 
20:51:30  max=0.68 (cart 0.68, frontend 0.36)  static:quiet(0.7x) 
20:52:00  max=0.68 (cart 0.68, frontend 0.36)  static:quiet(0.7x) 
20:52:30  max=0.68 (cart 0.68, frontend 0.36)  static:quiet(0.7x) 
20:53:00  max=0.68 (cart 0.68, frontend 0.36)  static:quiet(0.7x) 
20:53:30  max=0.68 (cart 0.68, frontend 0.36)  static:quiet(0.7x) 
20:54:00  max=0.68 (cart 0.68, frontend 0.36)  static:quiet(0.7x) 
20:54:30  max=0.68 (cart 0.68, frontend 0.36)  static:quiet(0.7x) 
20:55:00  max=0.68 (cart 0.68, frontend 0.36)  static:quiet(0.7x) 
20:55:30  max=0.68 (cart 0.68, frontend 0.36)  static:quiet(0.7x) 
20:56:00  max=0.68 (cart 0.68, frontend 0.36)  static:quiet(0.7x) 
20:56:30  max=0.68 (cart 0.68, frontend 0.36)  static:quiet(0.7x) 
20:57:00  max=0.68 (cart 0.68, frontend 0.36)  static:quiet(0.7x) 
20:57:30  max=0.68 (cart 0.68, frontend 0.35)  static:quiet(0.7x) 
20:58:00  max=0.68 (cart 0.68, frontend 0.35)  static:quiet(0.8x) 
20:58:30  max=0.68 (cart 0.68, frontend 0.35)  static:quiet(0.7x) 
20:59:00  max=0.68 (cart 0.68, frontend 0.35)  static:quiet(0.7x) 
20:59:30  max=0.68 (cart 0.68, frontend 0.35)  static:quiet(0.7x) 
21:00:00  max=0.68 (cart 0.68, frontend 0.35)  static:quiet(0.7x) 
21:00:30  max=0.68 (cart 0.68, frontend 0.35)  static:quiet(0.7x) 
21:01:00  max=0.68 (cart 0.68, frontend 0.35)  static:quiet(0.7x) 
21:01:30  max=0.68 (cart 0.68, frontend 0.35)  static:quiet(0.7x) 
21:02:00  max=0.68 (cart 0.68, frontend 0.35)  static:quiet(0.7x) 
21:02:30  max=0.68 (cart 0.68, frontend 0.35)  static:quiet(0.7x) 
21:03:00  max=0.68 (cart 0.68, frontend 0.35)  static:quiet(0.7x) 
21:03:30  max=0.68 (cart 0.68, frontend 0.35)  static:quiet(0.7x) 
21:04:00  max=0.68 (cart 0.68, frontend 0.35)  static:quiet(0.7x) 
21:04:30  max=0.68 (cart 0.68, frontend 0.35)  static:quiet(0.7x) 
21:05:00  max=0.68 (cart 0.68, frontend 0.35)  static:quiet(0.7x) 
21:05:30  max=0.68 (cart 0.68, frontend 0.35)  static:quiet(0.7x) 
21:06:00  max=0.68 (cart 0.68, frontend 0.35)  static:quiet(0.7x) 
21:06:30  max=0.68 (cart 0.68, frontend 0.35)  static:quiet(0.8x) 
21:07:00  max=0.68 (cart 0.68, frontend 0.35)  static:quiet(0.8x) 
21:07:30  max=0.68 (cart 0.68, frontend 0.35)  static:quiet(0.7x) 
21:08:00  max=0.68 (cart 0.68, frontend 0.35)  static:quiet(0.7x) 
21:08:30  max=0.68 (cart 0.68, frontend 0.35)  static:quiet(0.7x) 
21:09:00  max=0.68 (cart 0.68, frontend 0.35)  static:quiet(0.7x) 
21:09:30  max=0.68 (cart 0.68, frontend 0.35)  static:quiet(0.7x) 
21:10:00  max=0.68 (cart 0.68, frontend 0.35)  static:quiet(0.7x) 
21:10:30  max=0.68 (cart 0.68, frontend 0.35)  static:quiet(0.7x) 
21:11:00  max=0.68 (cart 0.68, frontend 0.35)  static:quiet(0.7x) 
21:11:30  max=0.68 (cart 0.68, frontend 0.35)  static:quiet(0.7x) 
21:12:00  max=0.68 (cart 0.68, frontend 0.35)  static:quiet(0.7x) 
21:12:30  max=0.68 (cart 0.68, frontend 0.35)  static:quiet(0.7x) 
21:13:00  max=0.68 (cart 0.68, frontend 0.35)  static:quiet(0.8x) 
21:13:30  max=0.68 (cart 0.68, frontend 0.35)  static:quiet(0.7x) 
21:14:00  max=0.68 (cart 0.68, frontend 0.35)  static:quiet(0.7x) 
21:14:30  max=0.68 (cart 0.68, frontend 0.35)  static:quiet(0.7x) 
21:15:00  max=0.68 (cart 0.68, frontend 0.35)  static:quiet(0.7x) 
21:15:30  max=0.68 (cart 0.68, frontend 0.35)  static:quiet(0.8x) 
21:16:00  max=0.68 (cart 0.68, frontend 0.35)  static:quiet(0.8x) 
21:16:30  max=0.68 (cart 0.68, frontend 0.35)  static:quiet(0.8x) 
21:17:00  max=0.68 (cart 0.68, frontend 0.35)  static:quiet(0.7x) 
21:17:30  max=0.68 (cart 0.68, frontend 0.35)  static:quiet(0.7x) 
21:18:00  max=0.68 (cart 0.68, frontend 0.35)  static:quiet(0.7x) 
21:18:30  max=0.68 (cart 0.68, frontend 0.35)  static:quiet(0.8x) 
21:19:00  max=0.68 (cart 0.68, frontend 0.35)  static:quiet(0.8x) 
21:19:30  max=0.68 (cart 0.68, frontend 0.35)  static:quiet(0.7x) 
21:20:00  max=0.69 (cart 0.69, frontend 0.36)  static:quiet(0.7x) 
21:20:30  max=0.69 (cart 0.69, frontend 0.36)  static:quiet(0.7x) 
21:21:00  max=0.69 (cart 0.69, frontend 0.36)  static:quiet(0.7x) 
21:21:30  max=0.69 (cart 0.69, frontend 0.36)  static:quiet(0.8x) 
21:22:00  max=0.68 (cart 0.68, frontend 0.36)  static:quiet(0.8x) 
21:22:30  max=0.68 (cart 0.68, frontend 0.36)  static:quiet(0.8x) 
21:23:00  max=0.68 (cart 0.68, frontend 0.36)  static:quiet(0.8x) 
21:23:30  max=0.68 (cart 0.68, frontend 0.36)  static:quiet(0.7x) 
21:24:00  max=0.68 (cart 0.68, frontend 0.36)  static:quiet(0.7x) 
21:24:30  max=0.68 (cart 0.68, frontend 0.36)  static:quiet(0.8x) 
21:25:00  max=0.68 (cart 0.68, frontend 0.36)  static:quiet(0.8x) 
21:25:30  max=0.68 (cart 0.68, frontend 0.36)  static:quiet(0.9x) 
21:26:00  max=0.68 (cart 0.68, frontend 0.36)  static:quiet(0.9x) 
21:26:30  max=0.68 (cart 0.68, frontend 0.36)  static:quiet(0.9x) 
21:27:00  max=0.68 (cart 0.68, frontend 0.36)  static:quiet(0.7x) 
21:27:30  max=0.68 (cart 0.68, frontend 0.36)  static:quiet(0.7x) 
21:28:00  max=0.68 (cart 0.68, frontend 0.36)  static:quiet(0.7x) 
21:28:30  max=0.68 (cart 0.68, frontend 0.36)  static:quiet(0.7x) 
21:29:00  max=0.68 (cart 0.68, frontend 0.36)  static:quiet(0.7x) 
21:29:30  max=0.68 (cart 0.68, frontend 0.36)  static:quiet(0.8x) 
21:30:00  max=0.68 (cart 0.68, frontend 0.36)  static:quiet(0.8x) 
21:30:30  max=0.68 (cart 0.68, frontend 0.36)  static:quiet(0.8x) 
21:31:00  max=0.68 (cart 0.68, frontend 0.35)  static:quiet(0.8x) 
21:31:30  max=0.68 (cart 0.68, frontend 0.35)  static:quiet(0.8x) 
21:32:00  max=0.68 (cart 0.68, frontend 0.35)  static:quiet(0.7x) 
21:32:30  max=0.68 (cart 0.68, frontend 0.34)  static:quiet(0.7x) 
21:33:00  max=0.68 (cart 0.68, frontend 0.34)  static:quiet(0.7x) 
21:33:30  max=0.68 (cart 0.68, frontend 0.35)  static:quiet(0.8x) 
21:34:00  max=0.68 (cart 0.68, frontend 0.35)  static:quiet(0.8x) 
21:34:30  max=0.69 (cart 0.69, frontend 0.36)  static:quiet(0.7x) 
21:35:00  max=0.69 (cart 0.69, frontend 0.36)  static:quiet(0.8x) 
21:35:30  max=0.68 (cart 0.68, frontend 0.36)  static:quiet(0.8x) 
21:36:00  max=0.68 (cart 0.68, frontend 0.36)  static:quiet(0.8x) 
21:36:30  max=0.68 (cart 0.68, frontend 0.36)  static:quiet(0.7x) 
21:37:00  max=0.68 (cart 0.68, frontend 0.36)  static:quiet(0.7x) 
21:37:30  max=0.68 (cart 0.68, frontend 0.36)  static:quiet(0.7x) 
21:38:00  max=0.68 (cart 0.68, frontend 0.36)  static:quiet(0.7x) 
21:38:30  max=0.68 (cart 0.68, frontend 0.36)  static:quiet(0.7x) 
21:39:00  max=0.68 (cart 0.68, frontend 0.36)  static:quiet(0.7x) 
21:39:30  max=0.68 (cart 0.68, frontend 0.36)  static:quiet(0.8x) 
21:40:00  max=0.68 (cart 0.68, frontend 0.36)  static:quiet(0.8x) 
21:40:30  max=0.68 (cart 0.68, frontend 0.36)  static:quiet(0.8x) 
21:41:00  max=0.68 (cart 0.68, frontend 0.35)  static:quiet(0.7x) 
21:41:30  max=0.68 (cart 0.68, frontend 0.35)  static:quiet(0.7x) 
21:42:00  max=0.68 (cart 0.68, frontend 0.35)  static:quiet(0.8x) 
21:42:30  max=0.68 (cart 0.68, frontend 0.35)  static:quiet(0.8x) 
21:43:00  max=0.68 (cart 0.68, frontend 0.35)  static:quiet(0.8x) 
21:43:30  max=0.68 (cart 0.68, frontend 0.36)  static:quiet(0.8x) 
21:44:00  max=0.69 (cart 0.69, frontend 0.36)  static:quiet(0.8x) 
21:44:30  max=0.69 (cart 0.69, frontend 0.36)  static:quiet(0.8x) 
21:45:00  max=0.69 (cart 0.69, frontend 0.37)  static:quiet(0.8x) 
21:45:30  max=0.69 (cart 0.69, frontend 0.37)  static:quiet(0.8x) 
21:46:00  max=0.69 (cart 0.69, frontend 0.37)  static:quiet(0.8x) 
21:46:30  max=0.68 (cart 0.68, frontend 0.37)  static:quiet(0.7x) 
21:47:00  max=0.68 (cart 0.68, frontend 0.36)  static:quiet(0.7x) 
21:47:30  max=0.68 (cart 0.68, frontend 0.36)  static:quiet(0.8x) 
21:48:00  max=0.68 (cart 0.68, frontend 0.36)  static:quiet(0.8x) 
21:48:30  max=0.68 (cart 0.68, frontend 0.36)  static:quiet(0.8x) 
21:49:00  max=0.68 (cart 0.68, frontend 0.36)  static:quiet(0.8x) 
21:49:30  max=0.68 (cart 0.68, frontend 0.36)  static:quiet(0.7x) 
21:50:00  max=0.68 (cart 0.68, frontend 0.36)  static:quiet(0.7x) 
21:50:30  max=0.68 (cart 0.68, frontend 0.36)  static:quiet(0.7x) 
21:51:00  max=0.68 (cart 0.68, frontend 0.36)  static:quiet(0.7x) 
21:51:30  max=0.68 (cart 0.68, frontend 0.36)  static:quiet(0.7x) 
21:52:00  max=0.68 (cart 0.68, frontend 0.36)  static:quiet(0.7x) 
21:52:30  max=0.68 (cart 0.68, frontend 0.36)  static:quiet(0.7x) 
21:53:00  max=0.68 (cart 0.68, frontend 0.35)  static:quiet(0.7x) 
21:53:30  max=0.68 (cart 0.68, frontend 0.35)  static:quiet(0.7x) 
21:54:00  max=0.68 (cart 0.68, frontend 0.35)  static:quiet(0.7x) 
21:54:30  max=0.68 (cart 0.68, frontend 0.35)  static:quiet(0.7x) 
21:55:00  max=0.68 (cart 0.68, frontend 0.35)  static:quiet(0.7x) 
21:55:30  max=0.68 (cart 0.68, frontend 0.36)  static:quiet(0.7x) 
21:56:00  max=0.68 (cart 0.68, frontend 0.36)  static:quiet(0.7x) 
21:56:30  max=0.68 (cart 0.68, frontend 0.36)  static:quiet(0.7x) 
21:57:00  max=0.68 (cart 0.68, frontend 0.36)  static:quiet(0.7x) 
21:57:30  max=0.68 (cart 0.68, frontend 0.36)  static:quiet(0.7x) 
21:58:00  max=0.68 (cart 0.68, frontend 0.36)  static:quiet(0.7x) 
21:58:30  max=0.68 (cart 0.68, frontend 0.36)  static:quiet(0.7x) 
21:59:00  max=0.68 (cart 0.68, frontend 0.36)  static:quiet(0.7x) 
21:59:30  max=0.68 (cart 0.68, frontend 0.36)  static:quiet(1.0x) 
22:00:00  max=0.68 (cart 0.68, frontend 0.36)  static:quiet(1.0x) 
22:00:30  max=0.68 (cart 0.68, frontend 0.36)  static:quiet(1.0x) 
22:01:00  max=0.68 (cart 0.68, frontend 0.36)  static:quiet(0.7x) 
22:01:30  max=0.68 (cart 0.68, frontend 0.36)  static:quiet(0.7x) 
22:02:00  max=0.68 (cart 0.68, frontend 0.36)  static:quiet(0.7x) 
22:02:30  max=0.68 (cart 0.68, frontend 0.36)  static:quiet(0.8x) 
22:03:00  max=0.69 (cart 0.69, frontend 0.37)  static:quiet(0.8x) 
22:03:30  max=0.69 (cart 0.69, frontend 0.38)  static:quiet(0.8x) 
22:04:00  max=0.69 (cart 0.69, frontend 0.38)  static:quiet(0.8x) 
22:04:30  max=0.69 (cart 0.69, frontend 0.38)  static:quiet(0.8x) 
22:05:00  max=0.69 (cart 0.69, frontend 0.39)  static:quiet(0.8x) 
22:05:30  max=0.69 (cart 0.69, frontend 0.38)  static:quiet(0.8x) 
22:06:00  max=0.69 (cart 0.69, frontend 0.38)  static:quiet(0.8x) 
22:06:30  max=0.69 (cart 0.69, frontend 0.38)  static:quiet(0.8x) 
22:07:00  max=0.69 (cart 0.69, frontend 0.38)  static:quiet(0.7x) 
22:07:30  max=0.69 (cart 0.69, frontend 0.38)  static:quiet(0.7x) 
22:08:00  max=0.69 (cart 0.69, frontend 0.38)  static:quiet(0.7x) 
22:08:30  max=0.69 (cart 0.69, frontend 0.38)  static:quiet(0.7x) 
22:09:00  max=0.69 (cart 0.69, frontend 0.37)  static:quiet(0.7x) 
22:09:30  max=0.68 (cart 0.68, frontend 0.37)  static:quiet(0.8x) 
22:10:00  max=0.68 (cart 0.68, frontend 0.36)  static:quiet(0.8x) 
22:10:30  max=0.68 (cart 0.68, frontend 0.36)  static:quiet(0.8x) 
22:11:00  max=0.68 (cart 0.68, frontend 0.36)  static:quiet(0.7x) 
22:11:30  max=0.68 (cart 0.68, frontend 0.36)  static:quiet(0.7x) 
22:12:00  max=0.68 (cart 0.68, frontend 0.36)  static:quiet(0.7x) 
22:12:30  max=0.68 (cart 0.68, frontend 0.36)  static:quiet(0.7x) 
22:13:00  max=0.68 (cart 0.68, frontend 0.36)  static:quiet(0.7x) 
22:13:30  max=0.68 (cart 0.68, frontend 0.36)  static:quiet(0.7x) 
22:14:00  max=0.68 (cart 0.68, frontend 0.36)  static:quiet(0.7x) 
22:14:30  max=0.68 (cart 0.68, frontend 0.36)  static:quiet(0.7x) 
22:15:00  max=0.68 (cart 0.68, frontend 0.36)  static:quiet(0.7x) 
22:15:30  max=0.68 (cart 0.68, frontend 0.35)  static:quiet(0.7x) 
22:16:00  max=0.68 (cart 0.68, frontend 0.35)  static:quiet(0.7x) 
22:16:30  max=0.68 (cart 0.68, frontend 0.35)  static:quiet(0.7x) 
22:17:00  max=0.68 (cart 0.68, frontend 0.35)  static:quiet(0.7x) 
22:17:30  max=0.68 (cart 0.68, frontend 0.35)  static:quiet(0.7x) 
22:18:00  max=0.68 (cart 0.68, frontend 0.35)  static:quiet(0.7x) 
22:18:30  max=0.68 (cart 0.68, frontend 0.35)  static:quiet(0.7x) 
22:19:00  max=0.68 (cart 0.68, frontend 0.35)  static:quiet(0.7x) 
22:19:30  max=0.68 (cart 0.68, frontend 0.35)  static:quiet(0.7x) 
22:20:00  max=0.68 (cart 0.68, frontend 0.35)  static:quiet(0.7x) 
22:20:30  max=0.68 (cart 0.68, frontend 0.36)  static:quiet(0.7x) 
22:21:00  max=0.68 (cart 0.68, frontend 0.36)  static:quiet(0.7x) 
22:21:30  max=0.68 (cart 0.68, frontend 0.36)  static:quiet(0.7x) 
22:22:00  max=0.68 (cart 0.68, frontend 0.36)  static:quiet(0.7x) 
22:22:30  max=0.68 (cart 0.68, frontend 0.36)  static:quiet(0.7x) 
22:23:00  max=0.63 (cart 0.63, frontend 0.33)  static:FIRING      
22:23:30  max=0.57 (cart 0.57, frontend 0.35)  static:FIRING      
22:24:00  max=0.45 (cart 0.45, frontend 0.30)  static:FIRING      
22:24:30  max=0.33 (cart 0.33, frontend 0.25)  static:FIRING      
22:25:00  max=0.24 (frontend 0.24, cart 0.23)  static:FIRING      
22:25:30  max=0.21 (frontend 0.21, checkout 0.19)  static:FIRING      
22:26:00  max=0.18 (frontend 0.18, checkout 0.17)  static:FIRING      
22:26:30  max=0.21 (frontend 0.21, checkout 0.20)  static:FIRING      
22:27:00  max=0.22 (frontend 0.22, checkout 0.21)  static:FIRING      
22:27:30  max=0.20 (frontend 0.20, checkout 0.19)  static:quiet(0.7x) 
22:28:00  max=0.20 (frontend 0.20, checkout 0.18)  static:quiet(0.7x) 
22:28:30  max=0.20 (frontend 0.20, checkout 0.18)  static:quiet(0.7x) 
22:29:00  max=0.20 (frontend 0.20, checkout 0.18)  static:quiet(0.7x) 
22:29:30  max=0.19 (frontend 0.19, checkout 0.18)  static:quiet(0.7x) 
22:30:00  max=0.21 (frontend 0.21, checkout 0.19)  static:quiet(0.7x) 
22:30:30  max=0.25 (frontend 0.25, checkout 0.22)  static:quiet(0.7x) 
22:31:00  max=0.29 (frontend 0.29, checkout 0.25)  static:quiet(0.7x) 
22:31:30  max=0.46 (frontend 0.46, checkout 0.40)  static:quiet(0.8x) 
22:32:00  max=0.63 (frontend 0.63, checkout 0.60)  static:quiet(0.8x) 
22:32:30  max=0.44 (frontend 0.44, checkout 0.39)  static:quiet(0.7x) 
22:33:00  max=0.32 (frontend 0.32, checkout 0.28)  static:quiet(0.7x) 
22:33:30  max=0.33 (frontend 0.33, checkout 0.29)  static:quiet(0.8x) 
22:34:00  max=0.33 (frontend 0.33, checkout 0.28)  static:quiet(0.8x) 
22:34:30  max=0.33 (frontend 0.33, checkout 0.28)  static:quiet(0.8x) 
22:35:00  max=0.33 (frontend 0.33, checkout 0.28)  static:quiet(0.8x) 
22:35:30  max=0.33 (frontend 0.33, checkout 0.28)  static:quiet(0.8x) 
22:36:00  max=0.33 (frontend 0.33, checkout 0.28)  static:quiet(0.8x) 
22:36:30  max=0.33 (frontend 0.33, checkout 0.29)  static:quiet(0.8x) 
22:37:00  max=0.34 (frontend 0.34, checkout 0.29)  static:quiet(0.7x) 
22:37:30  max=0.34 (frontend 0.34, checkout 0.29)  static:quiet(0.8x) 
22:38:00  max=0.34 (frontend 0.34, checkout 0.29)  static:quiet(0.7x) 
22:38:30  max=0.34 (frontend 0.34, checkout 0.29)  static:quiet(0.8x) 
22:39:00  max=0.34 (frontend 0.34, checkout 0.29)  static:quiet(0.8x) 
22:39:30  max=0.34 (frontend 0.34, checkout 0.29)  static:quiet(0.8x) 
22:40:00  max=0.34 (frontend 0.34, checkout 0.30)  static:quiet(0.8x) 
22:40:30  max=0.35 (frontend 0.35, checkout 0.30)  static:quiet(0.8x) 
22:41:00  max=0.35 (frontend 0.35, checkout 0.30)  static:quiet(0.7x) 
22:41:30  max=0.35 (frontend 0.35, checkout 0.30)  static:quiet(0.7x) 
22:42:00  max=0.34 (frontend 0.34, checkout 0.30)  static:quiet(0.7x) 
22:42:30  max=0.34 (frontend 0.34, checkout 0.30)  static:quiet(0.8x) 
22:43:00  max=0.34 (frontend 0.34, checkout 0.30)  static:quiet(0.9x) 
22:43:30  max=0.34 (frontend 0.34, checkout 0.30)  static:quiet(0.9x) 
22:44:00  max=0.34 (frontend 0.34, checkout 0.30)  static:quiet(0.9x) 
22:44:30  max=0.34 (frontend 0.34, checkout 0.29)  static:quiet(0.7x) 
22:45:00  max=0.34 (frontend 0.34, checkout 0.29)  static:quiet(0.7x) 
22:45:30  max=0.33 (frontend 0.33, checkout 0.28)  static:quiet(0.7x) 
22:46:00  max=0.33 (frontend 0.33, checkout 0.28)  static:quiet(0.7x) 
22:46:30  max=0.33 (frontend 0.33, checkout 0.28)  static:quiet(0.7x) 
22:47:00  max=0.33 (frontend 0.33, checkout 0.28)  static:quiet(0.7x) 
22:47:30  max=0.34 (frontend 0.34, checkout 0.29)  static:quiet(0.7x) 
22:48:00  max=0.34 (frontend 0.34, checkout 0.29)  static:quiet(0.7x) 
22:48:30  max=0.34 (frontend 0.34, checkout 0.29)  static:quiet(0.7x) 
22:49:00  max=0.34 (frontend 0.34, checkout 0.28)  static:quiet(0.8x) 
22:49:30  max=0.33 (frontend 0.33, checkout 0.28)  static:quiet(0.9x) 
22:50:00  max=0.33 (frontend 0.33, checkout 0.28)  static:quiet(0.9x) 
22:50:30  max=0.33 (frontend 0.33, checkout 0.28)  static:quiet(0.8x) 
22:51:00  max=0.33 (frontend 0.33, checkout 0.28)  static:quiet(0.8x) 
22:51:30  max=0.33 (frontend 0.33, checkout 0.28)  static:quiet(0.7x) 
22:52:00  max=0.33 (frontend 0.33, checkout 0.28)  static:quiet(0.8x) 
22:52:30  max=0.33 (frontend 0.33, checkout 0.28)  static:quiet(0.7x) 
22:53:00  max=0.33 (frontend 0.33, checkout 0.28)  static:quiet(0.7x) 
22:53:30  max=0.33 (frontend 0.33, checkout 0.29)  static:quiet(0.7x) 
22:54:00  max=0.33 (frontend 0.33, checkout 0.29)  static:quiet(0.7x) 
22:54:30  max=0.34 (frontend 0.34, checkout 0.29)  static:quiet(0.7x) 
22:55:00  max=0.33 (frontend 0.33, checkout 0.29)  static:quiet(0.7x) 
22:55:30  max=0.33 (frontend 0.33, cart 0.29)  static:quiet(0.7x) 
22:56:00  max=0.33 (frontend 0.33, cart 0.33)  static:quiet(0.7x) 
22:56:30  max=0.36 (cart 0.36, frontend 0.33)  static:quiet(0.7x) 
22:57:00  max=0.40 (cart 0.40, frontend 0.33)  static:quiet(0.7x) 
22:57:30  max=0.44 (cart 0.44, frontend 0.33)  static:quiet(0.7x) 
22:58:00  max=0.49 (cart 0.49, frontend 0.33)  static:quiet(0.7x) 
22:58:30  max=0.53 (cart 0.53, frontend 0.33)  static:quiet(0.7x) 
22:59:00  max=0.57 (cart 0.57, frontend 0.33)  static:quiet(0.7x) 
22:59:30  max=0.60 (cart 0.60, frontend 0.33)  static:quiet(0.7x) 
23:00:00  max=0.63 (cart 0.63, frontend 0.33)  static:quiet(0.7x) 
23:00:30  max=0.65 (cart 0.65, frontend 0.33)  static:quiet(0.7x) 
23:01:00  max=0.65 (cart 0.65, frontend 0.33)  static:quiet(0.7x) 
23:01:30  max=0.65 (cart 0.65, frontend 0.33)  static:quiet(0.7x) 
23:02:00  max=0.65 (cart 0.65, frontend 0.33)  static:quiet(0.7x) 
23:02:30  max=0.65 (cart 0.65, frontend 0.33)  static:quiet(0.7x) 
23:03:00  max=0.65 (cart 0.65, frontend 0.33)  static:quiet(0.7x) 
23:03:30  max=0.65 (cart 0.65, frontend 0.33)  static:quiet(0.7x) 
23:04:00  max=0.65 (cart 0.65, frontend 0.32)  static:quiet(0.7x) 
checkpoint: tau=0.805 static_mult=9.4 seq=12 nodes=11
live mode: prom=http://localhost:30900 tick=30s (evaluating the last COMPLETE step)
23:04:00  max=0.65 (cart 0.65, frontend 0.32)  static:quiet(0.7x) 
23:04:30  max=0.65 (cart 0.65, frontend 0.32)  static:quiet(0.7x) 
23:05:00  max=0.65 (cart 0.65, frontend 0.32)  static:quiet(0.7x) 
23:05:30  max=0.65 (cart 0.65, frontend 0.32)  static:quiet(0.7x) 
23:06:00  max=0.65 (cart 0.65, frontend 0.32)  static:quiet(0.8x) 
23:06:30  max=0.65 (cart 0.65, frontend 0.32)  static:quiet(0.8x) 
23:07:00  max=0.65 (cart 0.65, frontend 0.32)  static:quiet(0.8x) 
23:07:30  max=0.65 (cart 0.65, frontend 0.32)  static:quiet(0.7x) 
23:08:00  max=0.65 (cart 0.65, frontend 0.32)  static:quiet(0.8x) 
23:08:30  max=0.65 (cart 0.65, frontend 0.33)  static:quiet(0.8x) 
23:09:00  max=0.65 (cart 0.65, frontend 0.33)  static:quiet(0.8x) 
23:09:30  max=0.65 (cart 0.65, frontend 0.33)  static:quiet(0.7x) 
23:10:00  max=0.66 (cart 0.66, frontend 0.33)  static:quiet(0.7x) 
23:10:30  max=0.66 (cart 0.66, frontend 0.33)  static:quiet(0.7x) 
23:11:00  max=0.66 (cart 0.66, frontend 0.34)  static:quiet(0.7x) 
23:11:30  max=0.66 (cart 0.66, frontend 0.33)  static:quiet(0.7x) 
23:12:00  max=0.66 (cart 0.66, frontend 0.33)  static:quiet(0.7x) 
23:12:30  max=0.66 (cart 0.66, frontend 0.33)  static:quiet(0.7x) 
23:13:00  max=0.65 (cart 0.65, frontend 0.33)  static:quiet(0.7x) 
23:13:30  max=0.65 (cart 0.65, frontend 0.32)  static:quiet(0.7x) 
23:14:00  max=0.65 (cart 0.65, frontend 0.32)  static:quiet(0.7x) 
23:14:30  max=0.65 (cart 0.65, frontend 0.32)  static:quiet(0.7x) 
23:15:00  max=0.65 (cart 0.65, frontend 0.32)  static:quiet(0.7x) 
23:15:30  max=0.65 (cart 0.65, frontend 0.32)  static:quiet(0.7x) 
23:16:00  max=0.65 (cart 0.65, frontend 0.32)  static:quiet(0.7x) 
23:16:30  max=0.65 (cart 0.65, frontend 0.32)  static:quiet(0.7x) 
23:17:00  max=0.65 (cart 0.65, frontend 0.32)  static:quiet(0.7x) 
23:17:30  max=0.65 (cart 0.65, frontend 0.32)  static:quiet(0.7x) 
23:18:00  max=0.65 (cart 0.65, frontend 0.32)  static:quiet(0.7x) 
23:18:30  max=0.65 (cart 0.65, frontend 0.32)  static:quiet(0.7x) 
23:19:00  max=0.65 (cart 0.65, frontend 0.32)  static:quiet(0.7x) 
23:19:30  max=0.65 (cart 0.65, frontend 0.33)  static:quiet(0.7x) 
23:20:00  max=0.65 (cart 0.65, frontend 0.33)  static:quiet(0.7x) 
23:20:30  max=0.65 (cart 0.65, frontend 0.33)  static:quiet(0.8x) 
23:21:00  max=0.65 (cart 0.65, frontend 0.33)  static:quiet(0.8x) 
23:21:30  max=0.65 (cart 0.65, frontend 0.33)  static:quiet(0.7x) 
23:22:00  max=0.65 (cart 0.65, frontend 0.33)  static:quiet(0.7x) 
23:22:30  max=0.65 (cart 0.65, frontend 0.33)  static:quiet(0.7x) 
23:23:00  max=0.65 (cart 0.65, frontend 0.33)  static:quiet(0.7x) 
23:23:30  max=0.65 (cart 0.65, frontend 0.33)  static:quiet(0.7x) 
23:24:00  max=0.65 (cart 0.65, frontend 0.33)  static:quiet(0.8x) 
23:24:30  max=0.66 (cart 0.66, frontend 0.33)  static:quiet(0.8x) 
23:25:00  max=0.66 (cart 0.66, frontend 0.34)  static:quiet(0.7x) 
23:25:30  max=0.66 (cart 0.66, frontend 0.34)  static:quiet(0.8x) 
23:26:00  max=0.66 (cart 0.66, frontend 0.34)  static:quiet(0.7x) 
23:26:30  max=0.66 (cart 0.66, frontend 0.34)  static:quiet(0.7x) 
23:27:00  max=0.66 (cart 0.66, frontend 0.34)  static:quiet(0.7x) 
23:27:30  max=0.66 (cart 0.66, frontend 0.34)  static:quiet(0.7x) 
23:28:00  max=0.66 (cart 0.66, frontend 0.34)  static:quiet(0.7x) 
23:28:30  max=0.66 (cart 0.66, frontend 0.34)  static:quiet(0.7x) 
23:29:00  max=0.65 (cart 0.65, frontend 0.33)  static:quiet(0.8x) 
23:29:30  max=0.65 (cart 0.65, frontend 0.33)  static:quiet(0.7x) 
23:30:00  max=0.65 (cart 0.65, frontend 0.33)  static:quiet(0.7x) 
23:30:30  max=0.65 (cart 0.65, frontend 0.33)  static:quiet(0.8x) 
23:31:00  max=0.65 (cart 0.65, frontend 0.32)  static:quiet(0.8x) 
23:31:30  max=0.65 (cart 0.65, frontend 0.32)  static:quiet(0.8x) 
23:32:00  max=0.65 (cart 0.65, frontend 0.32)  static:quiet(0.7x) 
23:32:30  max=0.65 (cart 0.65, frontend 0.33)  static:quiet(0.8x) 
23:33:00  max=0.65 (cart 0.65, frontend 0.33)  static:quiet(0.8x) 
23:33:30  max=0.65 (cart 0.65, frontend 0.33)  static:quiet(0.7x) 
23:34:00  max=0.65 (cart 0.65, frontend 0.33)  static:quiet(0.7x) 
23:34:30  max=0.65 (cart 0.65, frontend 0.33)  static:quiet(0.7x) 
23:35:00  max=0.65 (cart 0.65, frontend 0.33)  static:quiet(0.7x) 
23:35:30  max=0.65 (cart 0.65, frontend 0.33)  static:quiet(0.8x) 
23:36:00  max=0.65 (cart 0.65, frontend 0.33)  static:quiet(0.8x) 
23:36:30  max=0.65 (cart 0.65, frontend 0.33)  static:quiet(0.8x) 
23:37:00  max=0.65 (cart 0.65, frontend 0.33)  static:quiet(0.7x) 
23:37:30  max=0.65 (cart 0.65, frontend 0.33)  static:quiet(0.7x) 
23:38:00  max=0.65 (cart 0.65, frontend 0.33)  static:quiet(0.8x) 
23:38:30  max=0.65 (cart 0.65, frontend 0.33)  static:quiet(0.7x) 
23:39:00  max=0.65 (cart 0.65, frontend 0.33)  static:quiet(0.8x) 
23:39:30  max=0.65 (cart 0.65, frontend 0.33)  static:quiet(0.7x) 
23:40:00  max=0.66 (cart 0.66, frontend 0.33)  static:quiet(0.7x) 
23:40:30  max=0.66 (cart 0.66, frontend 0.34)  static:quiet(0.7x) 
23:41:00  max=0.66 (cart 0.66, frontend 0.34)  static:quiet(0.7x) 
23:41:30  max=0.66 (cart 0.66, frontend 0.34)  static:quiet(0.7x) 
23:42:00  max=0.66 (cart 0.66, frontend 0.34)  static:quiet(0.7x) 
23:42:30  max=0.66 (cart 0.66, frontend 0.33)  static:quiet(0.7x) 
23:43:00  max=0.66 (cart 0.66, frontend 0.33)  static:quiet(0.7x) 
23:43:30  max=0.66 (cart 0.66, frontend 0.33)  static:quiet(0.7x) 
23:44:00  max=0.65 (cart 0.65, frontend 0.33)  static:quiet(0.7x) 
23:44:30  max=0.65 (cart 0.65, frontend 0.33)  static:quiet(0.7x) 
23:45:00  max=0.65 (cart 0.65, frontend 0.33)  static:quiet(0.8x) 
23:45:30  max=0.65 (cart 0.65, frontend 0.33)  static:quiet(0.7x) 
23:46:00  max=0.65 (cart 0.65, frontend 0.33)  static:quiet(0.7x) 
23:46:30  max=0.65 (cart 0.65, frontend 0.33)  static:quiet(0.7x) 
23:47:00  max=0.65 (cart 0.65, frontend 0.33)  static:quiet(0.7x) 
23:47:30  max=0.65 (cart 0.65, frontend 0.33)  static:quiet(0.7x) 
23:48:00  max=0.65 (cart 0.65, frontend 0.33)  static:quiet(0.7x) 
23:48:30  max=0.65 (cart 0.65, frontend 0.33)  static:quiet(0.7x) 
23:49:00  max=0.65 (cart 0.65, frontend 0.34)  static:quiet(0.7x) 
23:49:30  max=0.65 (cart 0.65, frontend 0.34)  static:quiet(0.8x) 
23:50:00  max=0.65 (cart 0.65, frontend 0.34)  static:quiet(0.7x) 
23:50:30  max=0.65 (cart 0.65, frontend 0.34)  static:quiet(0.8x) 
23:51:00  max=0.65 (cart 0.65, frontend 0.33)  static:quiet(0.7x) 
23:51:30  max=0.65 (cart 0.65, frontend 0.33)  static:quiet(0.7x) 
23:52:00  max=0.65 (cart 0.65, frontend 0.33)  static:quiet(0.7x) 
23:52:30  max=0.65 (cart 0.65, frontend 0.33)  static:quiet(0.7x) 
23:53:00  max=0.65 (cart 0.65, frontend 0.33)  static:quiet(0.7x) 
23:53:30  max=0.65 (cart 0.65, frontend 0.33)  static:quiet(0.7x) 
23:54:00  max=0.65 (cart 0.65, frontend 0.33)  static:quiet(0.7x) 
23:54:30  max=0.65 (cart 0.65, frontend 0.33)  static:quiet(0.7x) 
23:55:00  max=0.65 (cart 0.65, frontend 0.33)  static:quiet(0.7x) 
23:55:30  max=0.65 (cart 0.65, frontend 0.33)  static:quiet(0.8x) 
23:56:00  max=0.65 (cart 0.65, frontend 0.32)  static:quiet(0.8x) 
23:56:30  max=0.65 (cart 0.65, frontend 0.32)  static:quiet(0.8x) 
23:57:00  max=0.65 (cart 0.65, frontend 0.32)  static:quiet(1.1x) 
23:57:30  max=0.65 (cart 0.65, frontend 0.32)  static:quiet(1.1x) 
23:58:00  max=0.65 (cart 0.65, frontend 0.33)  static:quiet(1.2x) 
23:58:30  max=0.65 (cart 0.65, frontend 0.33)  static:quiet(0.7x) 
23:59:00  max=0.65 (cart 0.65, frontend 0.33)  static:quiet(0.7x) 
23:59:30  max=0.65 (cart 0.65, frontend 0.33)  static:quiet(0.7x) 
00:00:00  max=0.66 (cart 0.66, frontend 0.34)  static:quiet(0.8x) 
00:00:30  max=0.66 (cart 0.66, frontend 0.34)  static:quiet(0.8x) 
00:01:00  max=0.66 (cart 0.66, frontend 0.34)  static:quiet(0.8x) 
00:01:30  max=0.66 (cart 0.66, frontend 0.34)  static:quiet(0.7x) 
00:02:00  max=0.66 (cart 0.66, frontend 0.34)  static:quiet(0.7x) 
00:02:30  max=0.66 (cart 0.66, frontend 0.34)  static:quiet(0.7x) 
00:03:00  max=0.66 (cart 0.66, frontend 0.34)  static:quiet(0.7x) 
00:03:30  max=0.66 (cart 0.66, frontend 0.34)  static:quiet(0.7x) 
00:04:00  max=0.66 (cart 0.66, frontend 0.34)  static:quiet(0.7x) 
00:04:30  max=0.66 (cart 0.66, frontend 0.34)  static:quiet(0.7x) 
00:05:00  max=0.66 (cart 0.66, frontend 0.33)  static:quiet(0.7x) 
00:05:30  max=0.66 (cart 0.66, frontend 0.33)  static:quiet(0.7x) 
00:06:00  max=0.66 (cart 0.66, frontend 0.33)  static:quiet(0.7x) 
00:06:30  max=0.66 (cart 0.66, frontend 0.33)  static:quiet(0.7x) 
00:07:00  max=0.65 (cart 0.65, frontend 0.33)  static:quiet(0.7x) 
00:07:30  max=0.65 (cart 0.65, frontend 0.33)  static:quiet(0.7x) 
00:08:00  max=0.65 (cart 0.65, frontend 0.33)  static:quiet(0.7x) 
00:08:30  max=0.65 (cart 0.65, frontend 0.33)  static:quiet(0.8x) 
00:09:00  max=0.65 (cart 0.65, frontend 0.33)  static:quiet(0.8x) 
00:09:30  max=0.65 (cart 0.65, frontend 0.33)  static:quiet(0.7x) 
00:10:00  max=0.65 (cart 0.65, frontend 0.33)  static:quiet(0.7x) 
00:10:30  max=0.65 (cart 0.65, frontend 0.33)  static:quiet(0.7x) 
00:11:00  max=0.65 (cart 0.65, frontend 0.33)  static:quiet(0.7x) 
00:11:30  max=0.66 (cart 0.66, frontend 0.33)  static:quiet(0.7x) 
00:12:00  max=0.66 (cart 0.66, frontend 0.34)  static:quiet(0.7x) 
00:12:30  max=0.66 (cart 0.66, frontend 0.34)  static:quiet(0.8x) 
00:13:00  max=0.66 (cart 0.66, frontend 0.34)  static:quiet(0.8x) 
00:13:30  max=0.65 (cart 0.65, frontend 0.34)  static:quiet(0.8x) 
00:14:00  max=0.65 (cart 0.65, frontend 0.34)  static:quiet(0.7x) 
00:14:30  max=0.65 (cart 0.65, frontend 0.34)  static:quiet(0.7x) 
00:15:00  max=0.65 (cart 0.65, frontend 0.33)  static:quiet(0.7x) 
00:15:30  max=0.65 (cart 0.65, frontend 0.33)  static:quiet(0.7x) 
00:16:00  max=0.65 (cart 0.65, frontend 0.33)  static:quiet(0.7x) 
00:16:30  max=0.65 (cart 0.65, frontend 0.33)  static:quiet(0.7x) 
00:17:00  max=0.65 (cart 0.65, frontend 0.33)  static:quiet(0.7x) 
00:17:30  max=0.65 (cart 0.65, frontend 0.34)  static:quiet(0.7x) 
00:18:00  max=0.65 (cart 0.65, frontend 0.34)  static:quiet(0.7x) 
00:18:30  max=0.65 (cart 0.65, frontend 0.33)  static:quiet(0.7x) 
00:19:00  max=0.65 (cart 0.65, frontend 0.33)  static:quiet(0.7x) 
00:19:30  max=0.65 (cart 0.65, frontend 0.33)  static:quiet(0.7x) 
00:20:00  max=0.65 (cart 0.65, frontend 0.33)  static:quiet(0.7x) 
00:20:30  max=0.65 (cart 0.65, frontend 0.33)  static:quiet(0.7x) 
00:21:00  max=0.65 (cart 0.65, frontend 0.33)  static:quiet(0.7x) 
00:21:30  max=0.65 (cart 0.65, frontend 0.33)  static:quiet(0.7x) 
00:22:00  max=0.65 (cart 0.65, frontend 0.33)  static:quiet(0.7x) 
00:22:30  max=0.65 (cart 0.65, frontend 0.33)  static:quiet(0.7x) 
00:23:00  max=0.65 (cart 0.65, frontend 0.32)  static:quiet(0.7x) 
00:23:30  max=0.65 (cart 0.65, frontend 0.33)  static:quiet(0.8x) 
00:24:00  max=0.66 (cart 0.66, frontend 0.33)  static:quiet(0.8x) 
00:24:30  max=0.66 (cart 0.66, frontend 0.33)  static:quiet(0.8x) 
00:25:00  max=0.66 (cart 0.66, frontend 0.33)  static:quiet(0.7x) 
00:25:30  max=0.66 (cart 0.66, frontend 0.33)  static:quiet(0.7x) 
00:26:00  max=0.66 (cart 0.66, frontend 0.33)  static:quiet(0.7x) 
00:26:30  max=0.66 (cart 0.66, frontend 0.33)  static:quiet(0.7x) 
00:27:00  max=0.66 (cart 0.66, frontend 0.34)  static:quiet(0.7x) 
00:27:30  max=0.66 (cart 0.66, frontend 0.34)  static:quiet(0.7x) 
00:28:00  max=0.66 (cart 0.66, frontend 0.34)  static:quiet(0.7x) 
00:28:30  max=0.66 (cart 0.66, frontend 0.33)  static:quiet(0.7x) 
00:29:00  max=0.66 (cart 0.66, frontend 0.33)  static:quiet(0.7x) 
00:29:30  max=0.66 (cart 0.66, frontend 0.33)  static:quiet(0.8x) 
00:30:00  max=0.65 (cart 0.65, frontend 0.33)  static:quiet(0.8x) 
00:30:30  max=0.65 (cart 0.65, frontend 0.33)  static:quiet(0.7x) 
00:31:00  max=0.65 (cart 0.65, frontend 0.33)  static:quiet(0.7x) 
00:31:30  max=0.65 (cart 0.65, frontend 0.33)  static:quiet(0.8x) 
00:32:00  max=0.65 (cart 0.65, frontend 0.33)  static:quiet(0.7x) 
00:32:30  max=0.65 (cart 0.65, frontend 0.33)  static:quiet(0.7x) 
00:33:00  max=0.65 (cart 0.65, frontend 0.33)  static:quiet(0.7x) 
00:33:30  max=0.66 (cart 0.66, frontend 0.34)  static:quiet(0.7x) 
00:34:00  max=0.66 (cart 0.66, frontend 0.34)  static:quiet(0.7x) 
00:34:30  max=0.66 (cart 0.66, frontend 0.34)  static:quiet(0.7x) 
00:35:00  max=0.66 (cart 0.66, frontend 0.34)  static:quiet(0.7x) 
00:35:30  max=0.65 (cart 0.65, frontend 0.33)  static:quiet(0.7x) 
00:36:00  max=0.65 (cart 0.65, frontend 0.33)  static:quiet(0.7x) 
00:36:30  max=0.65 (cart 0.65, frontend 0.32)  static:quiet(0.7x) 
00:37:00  max=0.65 (cart 0.65, frontend 0.32)  static:quiet(0.7x) 
00:37:30  max=0.65 (cart 0.65, frontend 0.32)  static:quiet(0.7x) 
00:38:00  max=0.65 (cart 0.65, frontend 0.32)  static:quiet(0.7x) 
00:38:30  max=0.65 (cart 0.65, frontend 0.32)  static:quiet(0.7x) 
00:39:00  max=0.65 (cart 0.65, frontend 0.32)  static:quiet(0.7x) 
00:39:30  max=0.65 (cart 0.65, frontend 0.32)  static:quiet(0.7x) 
00:40:00  max=0.65 (cart 0.65, frontend 0.32)  static:quiet(0.7x) 
00:40:30  max=0.65 (cart 0.65, frontend 0.32)  static:quiet(0.7x) 
00:41:00  max=0.65 (cart 0.65, frontend 0.32)  static:quiet(0.7x) 
00:41:30  max=0.65 (cart 0.65, frontend 0.32)  static:quiet(0.7x) 
00:42:00  max=0.65 (cart 0.65, frontend 0.32)  static:quiet(0.7x) 
00:42:30  max=0.65 (cart 0.65, frontend 0.32)  static:quiet(0.7x) 
00:43:00  max=0.65 (cart 0.65, frontend 0.32)  static:quiet(0.7x) 
00:43:30  max=0.65 (cart 0.65, frontend 0.32)  static:quiet(0.7x) 
00:44:00  max=0.65 (cart 0.65, frontend 0.32)  static:quiet(0.7x) 
00:44:30  max=0.65 (cart 0.65, frontend 0.32)  static:quiet(0.7x) 
00:45:00  max=0.65 (cart 0.65, frontend 0.32)  static:quiet(0.7x) 
00:45:30  max=0.65 (cart 0.65, frontend 0.32)  static:quiet(0.7x) 
00:46:00  max=0.65 (cart 0.65, frontend 0.32)  static:quiet(0.7x) 
00:46:30  max=0.65 (cart 0.65, frontend 0.32)  static:quiet(0.7x) 
00:47:00  max=0.65 (cart 0.65, frontend 0.32)  static:quiet(0.8x) 
00:47:30  max=0.65 (cart 0.65, frontend 0.33)  static:quiet(0.8x) 
00:48:00  max=0.65 (cart 0.65, frontend 0.33)  static:quiet(0.8x) 
00:48:30  max=0.65 (cart 0.65, frontend 0.33)  static:quiet(0.7x) 
00:49:00  max=0.65 (cart 0.65, frontend 0.33)  static:quiet(0.7x) 
00:49:30  max=0.65 (cart 0.65, frontend 0.33)  static:quiet(0.7x) 
00:50:00  max=0.65 (cart 0.65, frontend 0.33)  static:quiet(0.7x) 
00:50:30  max=0.65 (cart 0.65, frontend 0.33)  static:quiet(0.7x) 
00:51:00  max=0.65 (cart 0.65, frontend 0.33)  static:quiet(0.7x) 
00:51:30  max=0.65 (cart 0.65, frontend 0.33)  static:quiet(0.7x) 
00:52:00  max=0.65 (cart 0.65, frontend 0.34)  static:quiet(0.7x) 
00:52:30  max=0.65 (cart 0.65, frontend 0.34)  static:quiet(1.6x) 
00:53:00  max=0.66 (cart 0.66, frontend 0.36)  static:FIRING      
00:53:30  max=0.68 (cart 0.68, frontend 0.38)  static:FIRING      
00:54:00  max=0.69 (cart 0.69, frontend 0.41)  static:FIRING      
00:54:30  max=0.71 (cart 0.71, frontend 0.46)  static:FIRING      
00:55:00  max=0.73 (cart 0.73, frontend 0.51)  static:FIRING      
00:55:30  max=0.75 (cart 0.75, frontend 0.57)  static:FIRING      
00:56:00  max=0.77 (cart 0.77, frontend 0.65)  static:FIRING      
00:56:30  max=0.80 (cart 0.80, frontend 0.72)  static:FIRING      
00:57:00  max=0.83 (cart 0.83, frontend 0.78)  static:FIRING        ** ALARM ** cause: redis 0.67, payment 0.14
00:57:30  max=0.85 (cart 0.85, frontend 0.81)  static:FIRING        ** ALARM ** cause: redis 0.67, payment 0.14
00:58:00  max=0.86 (cart 0.86, frontend 0.83)  static:FIRING        ** ALARM ** cause: redis 0.66, payment 0.16
00:58:30  max=0.87 (cart 0.87, frontend 0.84)  static:FIRING        ** ALARM ** cause: redis 0.64, payment 0.17
00:59:00  max=0.87 (cart 0.87, frontend 0.85)  static:FIRING        ** ALARM ** cause: redis 0.62, payment 0.18
00:59:30  max=0.87 (cart 0.87, frontend 0.86)  static:FIRING        ** ALARM ** cause: redis 0.60, payment 0.19
01:00:00  max=0.87 (cart 0.87, frontend 0.86)  static:FIRING        ** ALARM ** cause: redis 0.57, payment 0.20
01:00:30  max=0.88 (cart 0.88, frontend 0.86)  static:FIRING        ** ALARM ** cause: redis 0.54, payment 0.22
01:01:00  max=0.88 (cart 0.88, frontend 0.86)  static:FIRING        ** ALARM ** cause: redis 0.50, payment 0.24
01:01:30  max=0.88 (cart 0.88, frontend 0.86)  static:FIRING        ** ALARM ** cause: redis 0.56, email 0.21
01:02:00  max=0.88 (cart 0.88, frontend 0.86)  static:FIRING        ** ALARM ** cause: redis 0.66, payment 0.16
01:02:30  max=0.88 (cart 0.88, frontend 0.86)  static:FIRING        ** ALARM ** cause: redis 0.76, payment 0.12
01:03:00  max=0.88 (cart 0.88, frontend 0.86)  static:FIRING        ** ALARM ** cause: redis 0.84, payment 0.08
01:03:30  max=0.87 (cart 0.87, frontend 0.86)  static:FIRING        ** ALARM ** cause: redis 0.90, payment 0.05
01:04:00  max=0.86 (frontend 0.86, cart 0.85)  static:FIRING        ** ALARM ** cause: redis 0.93, payment 0.03
01:04:30  max=0.86 (frontend 0.86, checkout 0.85)  static:FIRING        ** ALARM ** cause: redis 0.94, payment 0.03
01:05:00  max=0.86 (frontend 0.86, checkout 0.86)  static:FIRING        ** ALARM ** cause: redis 0.95, payment 0.03
01:05:30  max=0.86 (frontend 0.86, checkout 0.85)  static:FIRING        ** ALARM ** cause: redis 0.95, payment 0.03
01:06:00  max=0.84 (frontend 0.84, checkout 0.84)  static:quiet(0.8x)   ** ALARM ** cause: redis 0.94, payment 0.02
01:06:30  max=0.83 (frontend 0.83, checkout 0.83)  static:quiet(0.8x)   ** ALARM ** cause: redis 0.90, cart 0.07
01:07:00  max=0.83 (frontend 0.83, checkout 0.82)  static:quiet(0.8x)   ** ALARM ** cause: redis 0.83, cart 0.15
01:07:30  max=0.82 (frontend 0.82, checkout 0.81)  static:quiet(0.7x)   ** ALARM ** cause: redis 0.84, cart 0.14
01:08:00  max=0.82 (frontend 0.82, checkout 0.81)  static:quiet(0.7x)   ** ALARM ** cause: redis 0.87, cart 0.10
01:08:30  max=0.81 (frontend 0.81, checkout 0.80)  static:quiet(0.7x)   ** ALARM ** cause: redis 0.71, cart 0.14
01:09:00  max=0.80 (frontend 0.80, checkout 0.78)  static:quiet(0.7x) 
01:09:30  max=0.77 (frontend 0.77, checkout 0.76)  static:quiet(0.7x) 
01:10:00  max=0.73 (frontend 0.73, checkout 0.69)  static:quiet(0.7x) 
01:10:30  max=0.73 (cart 0.73, frontend 0.62)  static:quiet(0.7x) 
01:11:00  max=0.68 (cart 0.68, frontend 0.43)  static:quiet(0.7x) 
01:11:30  max=0.65 (cart 0.65, frontend 0.33)  static:quiet(0.7x) 
01:12:00  max=0.65 (cart 0.65, frontend 0.33)  static:quiet(0.7x) 
01:12:30  max=0.65 (cart 0.65, frontend 0.32)  static:quiet(0.7x) 
01:13:00  max=0.65 (cart 0.65, frontend 0.32)  static:quiet(0.7x) 
01:13:30  max=0.65 (cart 0.65, frontend 0.32)  static:quiet(0.7x) 
01:14:00  max=0.65 (cart 0.65, frontend 0.32)  static:quiet(0.7x) 
01:14:30  max=0.65 (cart 0.65, frontend 0.32)  static:quiet(0.7x) 
01:15:00  max=0.65 (cart 0.65, frontend 0.32)  static:quiet(0.8x) 
01:15:30  max=0.65 (cart 0.65, frontend 0.32)  static:quiet(0.8x) 
01:16:00  max=0.65 (cart 0.65, frontend 0.33)  static:quiet(0.8x) 
01:16:30  max=0.65 (cart 0.65, frontend 0.33)  static:quiet(0.8x) 
01:17:00  max=0.65 (cart 0.65, frontend 0.33)  static:quiet(0.7x) 
01:17:30  max=0.65 (cart 0.65, frontend 0.33)  static:quiet(0.8x) 
01:18:00  max=0.66 (cart 0.66, frontend 0.33)  static:quiet(0.7x) 
01:18:30  max=0.66 (cart 0.66, frontend 0.34)  static:quiet(0.7x) 
01:19:00  max=0.66 (cart 0.66, frontend 0.34)  static:quiet(0.7x) 
01:19:30  max=0.66 (cart 0.66, frontend 0.34)  static:quiet(0.8x) 
01:20:00  max=0.66 (cart 0.66, frontend 0.34)  static:quiet(1.0x) 
01:20:30  max=0.66 (cart 0.66, frontend 0.34)  static:quiet(0.9x) 
01:21:00  max=0.66 (cart 0.66, frontend 0.35)  static:quiet(0.9x) 
01:21:30  max=0.66 (cart 0.66, frontend 0.34)  static:quiet(0.7x) 
01:22:00  max=0.66 (cart 0.66, frontend 0.34)  static:quiet(0.8x) 
01:22:30  max=0.66 (cart 0.66, frontend 0.34)  static:quiet(0.7x) 
01:23:00  max=0.66 (cart 0.66, frontend 0.35)  static:quiet(0.7x) 
01:23:30  max=0.66 (cart 0.66, frontend 0.35)  static:quiet(0.7x) 
01:24:00  max=0.66 (cart 0.66, frontend 0.35)  static:quiet(0.7x) 
01:24:30  max=0.66 (cart 0.66, frontend 0.35)  static:quiet(0.7x) 
01:25:00  max=0.66 (cart 0.66, frontend 0.35)  static:quiet(0.7x) 
01:25:30  max=0.66 (cart 0.66, frontend 0.35)  static:quiet(0.7x) 
01:26:00  max=0.66 (cart 0.66, frontend 0.34)  static:quiet(0.7x) 
01:26:30  max=0.66 (cart 0.66, frontend 0.33)  static:quiet(0.7x) 
01:27:00  max=0.65 (cart 0.65, frontend 0.33)  static:quiet(0.7x) 
01:27:30  max=0.65 (cart 0.65, frontend 0.33)  static:quiet(0.7x) 
01:28:00  max=0.65 (cart 0.65, frontend 0.33)  static:quiet(0.7x) 
01:28:30  max=0.65 (cart 0.65, frontend 0.33)  static:quiet(0.7x) 
01:29:00  max=0.65 (cart 0.65, frontend 0.33)  static:quiet(0.7x) 
01:29:30  max=0.65 (cart 0.65, frontend 0.33)  static:quiet(0.7x) 
01:30:00  max=0.65 (cart 0.65, frontend 0.32)  static:quiet(0.7x) 
01:30:30  max=0.65 (cart 0.65, frontend 0.33)  static:quiet(0.7x) 
01:31:00  max=0.65 (cart 0.65, frontend 0.33)  static:quiet(0.7x) 
01:31:30  max=0.65 (cart 0.65, frontend 0.33)  static:quiet(0.7x) 
01:32:00  max=0.65 (cart 0.65, frontend 0.32)  static:quiet(0.7x) 
01:32:30  max=0.65 (cart 0.65, frontend 0.32)  static:quiet(0.7x) 
